account_id,loan_id,month,installment,defaulter,balance,is_balance_lower_than_installment
1787,5314,1993-08,8033,1,33612.4,0
1787,5314,1993-09,8033,1,30503.0,0
1787,5314,1993-10,8033,1,29893.6,0
1787,5314,1993-11,8033,1,25284.2,0
1787,5314,1993-12,8033,1,24574.8,0
1787,5314,1994-01,8033,1,57255.8,0
1787,5314,1994-02,8033,1,83373.8,0
1787,5314,1994-03,8033,1,80317.6,0
1787,5314,1994-04,8033,1,53457.1,0
1787,5314,1994-05,8033,1,37167.1,0
1787,5314,1994-06,8033,1,59748.6,0
1787,5314,1994-07,8033,1,108177.2,0
1801,5316,1993-08,4610,0,72913.8,0
1801,5316,1993-09,4610,0,46726.8,0
1801,5316,1993-10,4610,0,22496.7,0
1801,5316,1993-11,4610,0,62902.3,0
1801,5316,1993-12,4610,0,42217.0,0
1801,5316,1994-01,4610,0,31807.0,0
1801,5316,1994-02,4610,0,9804.7,0
1801,5316,1994-03,4610,0,77870.5,0
1801,5316,1994-04,4610,0,32618.2,0
1801,5316,1994-05,4610,0,38925.5,0
1801,5316,1994-06,4610,0,26729.2,0
1801,5316,1994-07,4610,0,15342.2,0
1801,5316,1994-08,4610,0,31437.2,0
1801,5316,1994-09,4610,0,38711.6,0
1801,5316,1994-10,4610,0,77822.8,0
1801,5316,1994-11,4610,0,43614.7,0
1801,5316,1994-12,4610,0,26047.7,0
1801,5316,1995-01,4610,0,23127.1,0
1801,5316,1995-02,4610,0,15249.6,0
1801,5316,1995-03,4610,0,38910.6,0
1801,5316,1995-04,4610,0,19947.5,0
1801,5316,1995-05,4610,0,100666.6,0
1801,5316,1995-06,4610,0,68544.2,0
1801,5316,1995-07,4610,0,34180.1,0
1801,5316,1995-08,4610,0,33560.2,0
1801,5316,1995-09,4610,0,51780.7,0
1801,5316,1995-10,4610,0,31265.2,0
1801,5316,1995-11,4610,0,36036.2,0
1801,5316,1995-12,4610,0,25738.2,0
1801,5316,1996-01,4610,0,22135.0,0
1801,5316,1996-02,4610,0,21837.6,0
1801,5316,1996-03,4610,0,34975.7,0
1801,5316,1996-04,4610,0,26719.8,0
1801,5316,1996-05,4610,0,25633.3,0
1801,5316,1996-06,4610,0,31433.2,0
1801,5316,1996-07,4610,0,24353.8,0
9188,6863,1993-08,2118,0,20553.7,0
9188,6863,1993-09,2118,0,24922.9,0
9188,6863,1993-10,2118,0,26224.8,0
9188,6863,1993-11,2118,0,29564.0,0
9188,6863,1993-12,2118,0,31253.6,0
9188,6863,1994-01,2118,0,21853.8,0
9188,6863,1994-02,2118,0,25634.2,0
9188,6863,1994-03,2118,0,27530.0,0
9188,6863,1994-04,2118,0,31067.2,0
9188,6863,1994-05,2118,0,24594.0,0
9188,6863,1994-06,2118,0,25358.6,0
9188,6863,1994-07,2118,0,20935.7,0
9188,6863,1994-08,2118,0,22870.2,0
9188,6863,1994-09,2118,0,28557.7,0
9188,6863,1994-10,2118,0,28359.6,0
9188,6863,1994-11,2118,0,27263.7,0
9188,6863,1994-12,2118,0,21928.9,0
9188,6863,1995-01,2118,0,22310.8,0
9188,6863,1995-02,2118,0,24486.1,0
9188,6863,1995-03,2118,0,24156.0,0
9188,6863,1995-04,2118,0,23229.3,0
9188,6863,1995-05,2118,0,22404.7,0
9188,6863,1995-06,2118,0,24183.3,0
9188,6863,1995-07,2118,0,22584.1,0
9188,6863,1995-08,2118,0,18172.9,0
9188,6863,1995-09,2118,0,17722.0,0
9188,6863,1995-10,2118,0,18025.2,0
9188,6863,1995-11,2118,0,15598.8,0
9188,6863,1995-12,2118,0,17880.5,0
9188,6863,1996-01,2118,0,20042.6,0
9188,6863,1996-02,2118,0,22376.1,0
9188,6863,1996-03,2118,0,17429.5,0
9188,6863,1996-04,2118,0,19669.7,0
9188,6863,1996-05,2118,0,21923.3,0
9188,6863,1996-06,2118,0,17346.8,0
9188,6863,1996-07,2118,0,19571.0,0
9188,6863,1996-08,2118,0,21736.9,0
9188,6863,1996-09,2118,0,23998.4,0
9188,6863,1996-10,2118,0,26263.7,0
9188,6863,1996-11,2118,0,27137.9,0
9188,6863,1996-12,2118,0,29684.5,0
9188,6863,1997-01,2118,0,25374.9,0
9188,6863,1997-02,2118,0,27672.9,0
9188,6863,1997-03,2118,0,29959.5,0
9188,6863,1997-04,2118,0,32380.3,0
9188,6863,1997-05,2118,0,30099.8,0
9188,6863,1997-06,2118,0,27694.2,0
9188,6863,1997-07,2118,0,30130.6,0
9188,6863,1997-08,2118,0,32347.8,0
9188,6863,1997-09,2118,0,27172.8,0
9188,6863,1997-10,2118,0,29571.4,0
9188,6863,1997-11,2118,0,31764.6,0
9188,6863,1997-12,2118,0,29959.8,0
9188,6863,1998-01,2118,0,26867.6,0
9188,6863,1998-02,2118,0,29261.1,0
9188,6863,1998-03,2118,0,31575.8,0
9188,6863,1998-04,2118,0,30465.2,0
9188,6863,1998-05,2118,0,29250.8,0
9188,6863,1998-06,2118,0,37938.1,0
9188,6863,1998-07,2118,0,22847.4,0
1843,5325,1993-09,2939,0,27705.5,0
1843,5325,1993-10,2939,0,32024.9,0
1843,5325,1993-11,2939,0,22602.1,0
1843,5325,1993-12,2939,0,23110.6,0
1843,5325,1994-01,2939,0,20696.3,0
1843,5325,1994-02,2939,0,27486.9,0
1843,5325,1994-03,2939,0,22579.9,0
1843,5325,1994-04,2939,0,22347.3,0
1843,5325,1994-05,2939,0,24637.4,0
1843,5325,1994-06,2939,0,29232.6,0
1843,5325,1994-07,2939,0,22752.6,0
1843,5325,1994-08,2939,0,26949.3,0
1843,5325,1994-09,2939,0,31563.5,0
1843,5325,1994-10,2939,0,21249.3,0
1843,5325,1994-11,2939,0,28242.6,0
1843,5325,1994-12,2939,0,26527.8,0
1843,5325,1995-01,2939,0,20918.4,0
1843,5325,1995-02,2939,0,21702.5,0
1843,5325,1995-03,2939,0,27696.4,0
1843,5325,1995-04,2939,0,30910.4,0
1843,5325,1995-05,2939,0,22820.6,0
1843,5325,1995-06,2939,0,25325.8,0
1843,5325,1995-07,2939,0,26726.1,0
1843,5325,1995-08,2939,0,27730.5,0
1843,5325,1995-09,2939,0,28437.8,0
1843,5325,1995-10,2939,0,32254.0,0
1843,5325,1995-11,2939,0,32778.7,0
1843,5325,1995-12,2939,0,37042.4,0
1843,5325,1996-01,2939,0,19931.9,0
1843,5325,1996-02,2939,0,27018.3,0
1843,5325,1996-03,2939,0,31629.1,0
1843,5325,1996-04,2939,0,33652.4,0
1843,5325,1996-05,2939,0,32877.3,0
1843,5325,1996-06,2939,0,35256.7,0
1843,5325,1996-07,2939,0,27233.4,0
1843,5325,1996-08,2939,0,16929.0,0
11013,7240,1993-10,4579,0,64316.3,0
11013,7240,1993-11,4579,0,72278.4,0
11013,7240,1993-12,4579,0,41836.2,0
11013,7240,1994-01,4579,0,21493.5,0
11013,7240,1994-02,4579,0,48928.1,0
11013,7240,1994-03,4579,0,57776.5,0
11013,7240,1994-04,4579,0,49683.4,0
11013,7240,1994-05,4579,0,41224.8,0
11013,7240,1994-06,4579,0,77285.9,0
11013,7240,1994-07,4579,0,36169.9,0
11013,7240,1994-08,4579,0,56129.9,0
11013,7240,1994-09,4579,0,56415.7,0
11013,7240,1994-10,4579,0,47608.9,0
11013,7240,1994-11,4579,0,42292.4,0
11013,7240,1994-12,4579,0,75740.7,0
11013,7240,1995-01,4579,0,51755.2,0
11013,7240,1995-02,4579,0,52349.3,0
11013,7240,1995-03,4579,0,61969.9,0
11013,7240,1995-04,4579,0,73428.7,0
11013,7240,1995-05,4579,0,77915.3,0
11013,7240,1995-06,4579,0,40244.2,0
11013,7240,1995-07,4579,0,63949.4,0
11013,7240,1995-08,4579,0,73210.3,0
11013,7240,1995-09,4579,0,71141.3,0
11013,7240,1995-10,4579,0,43961.7,0
11013,7240,1995-11,4579,0,65775.1,0
11013,7240,1995-12,4579,0,93134.9,0
11013,7240,1996-01,4579,0,49115.6,0
11013,7240,1996-02,4579,0,76765.5,0
11013,7240,1996-03,4579,0,60274.2,0
11013,7240,1996-04,4579,0,64965.4,0
11013,7240,1996-05,4579,0,65973.0,0
11013,7240,1996-06,4579,0,43005.4,0
11013,7240,1996-07,4579,0,53701.9,0
11013,7240,1996-08,4579,0,53312.7,0
11013,7240,1996-09,4579,0,61463.6,0
11013,7240,1996-10,4579,0,48457.7,0
11013,7240,1996-11,4579,0,47631.2,0
11013,7240,1996-12,4579,0,58020.4,0
11013,7240,1997-01,4579,0,35401.0,0
11013,7240,1997-02,4579,0,53481.6,0
11013,7240,1997-03,4579,0,51215.5,0
11013,7240,1997-04,4579,0,56051.1,0
11013,7240,1997-05,4579,0,50606.0,0
11013,7240,1997-06,4579,0,71504.7,0
11013,7240,1997-07,4579,0,71309.6,0
11013,7240,1997-08,4579,0,67671.8,0
11013,7240,1997-09,4579,0,52960.3,0
11013,7240,1997-10,4579,0,31480.3,0
11013,7240,1997-11,4579,0,51843.6,0
11013,7240,1997-12,4579,0,61324.7,0
11013,7240,1998-01,4579,0,41013.7,0
11013,7240,1998-02,4579,0,53799.6,0
11013,7240,1998-03,4579,0,61936.1,0
11013,7240,1998-04,4579,0,60988.5,0
11013,7240,1998-05,4579,0,54618.6,0
11013,7240,1998-06,4579,0,70002.3,0
11013,7240,1998-07,4579,0,42888.2,0
11013,7240,1998-08,4579,0,47463.1,0
11013,7240,1998-09,4579,0,48893.3,0
8261,6687,1993-10,3660,0,40187.6,0
8261,6687,1993-11,3660,0,30593.5,0
8261,6687,1993-12,3660,0,39131.1,0
8261,6687,1994-01,3660,0,34872.2,0
8261,6687,1994-02,3660,0,45772.5,0
8261,6687,1994-03,3660,0,47549.2,0
8261,6687,1994-04,3660,0,25273.3,0
8261,6687,1994-05,3660,0,42195.7,0
8261,6687,1994-06,3660,0,58557.6,0
8261,6687,1994-07,3660,0,54704.8,0
8261,6687,1994-08,3660,0,51334.5,0
8261,6687,1994-09,3660,0,22629.2,0
8261,6687,1994-10,3660,0,40965.4,0
8261,6687,1994-11,3660,0,49424.2,0
8261,6687,1994-12,3660,0,58724.6,0
8261,6687,1995-01,3660,0,39425.2,0
8261,6687,1995-02,3660,0,47186.6,0
8261,6687,1995-03,3660,0,48261.6,0
8261,6687,1995-04,3660,0,50151.5,0
8261,6687,1995-05,3660,0,42210.0,0
8261,6687,1995-06,3660,0,29774.4,0
8261,6687,1995-07,3660,0,33375.7,0
8261,6687,1995-08,3660,0,33789.9,0
8261,6687,1995-09,3660,0,30247.9,0
11265,7284,1993-10,4399,0,20484.9,0
11265,7284,1993-11,4399,0,18357.1,0
11265,7284,1993-12,4399,0,20145.5,0
11265,7284,1994-01,4399,0,19220.5,0
11265,7284,1994-02,4399,0,17991.0,0
11265,7284,1994-03,4399,0,17758.3,0
11265,7284,1994-04,4399,0,15845.4,0
11265,7284,1994-05,4399,0,15102.0,0
11265,7284,1994-06,4399,0,17676.1,0
11265,7284,1994-07,4399,0,16726.1,0
11265,7284,1994-08,4399,0,12015.8,0
11265,7284,1994-09,4399,0,14671.0,0
5428,6111,1993-10,7281,1,27640.4,0
5428,6111,1993-11,7281,1,48866.7,0
5428,6111,1993-12,7281,1,62007.1,0
5428,6111,1994-01,7281,1,69955.6,0
5428,6111,1994-02,7281,1,82978.5,0
5428,6111,1994-03,7281,1,48720.6,0
5428,6111,1994-04,7281,1,99134.6,0
5428,6111,1994-05,7281,1,82374.3,0
5428,6111,1994-06,7281,1,53730.3,0
5428,6111,1994-07,7281,1,29382.7,0
5428,6111,1994-08,7281,1,25859.8,0
5428,6111,1994-09,7281,1,12329.8,0
5428,6111,1994-10,7281,1,112033.2,0
5428,6111,1994-11,7281,1,13572.9,0
5428,6111,1994-12,7281,1,13700.7,0
5428,6111,1995-01,7281,1,8446.5,0
5428,6111,1995-02,7281,1,2465.0,1
5428,6111,1995-03,7281,1,50699.9,0
5428,6111,1995-04,7281,1,24055.5,0
5428,6111,1995-05,7281,1,7916.1,0
5428,6111,1995-06,7281,1,3232.0,1
5428,6111,1995-07,7281,1,38418.3,0
5428,6111,1995-08,7281,1,15809.1,0
5428,6111,1995-09,7281,1,10547.2,0
10973,7235,1993-11,3217,0,84075.2,0
10973,7235,1993-12,3217,0,122097.7,0
10973,7235,1994-01,3217,0,30563.0,0
10973,7235,1994-02,3217,0,52098.0,0
10973,7235,1994-03,3217,0,61234.6,0
10973,7235,1994-04,3217,0,82494.5,0
10973,7235,1994-05,3217,0,48111.5,0
10973,7235,1994-06,3217,0,32919.7,0
10973,7235,1994-07,3217,0,24788.3,0
10973,7235,1994-08,3217,0,91457.8,0
10973,7235,1994-09,3217,0,88317.5,0
10973,7235,1994-10,3217,0,65782.3,0
10973,7235,1994-11,3217,0,54951.2,0
10973,7235,1994-12,3217,0,42828.0,0
10973,7235,1995-01,3217,0,51390.2,0
10973,7235,1995-02,3217,0,65820.1,0
10973,7235,1995-03,3217,0,93166.1,0
10973,7235,1995-04,3217,0,91811.1,0
10973,7235,1995-05,3217,0,81599.9,0
10973,7235,1995-06,3217,0,84263.5,0
10973,7235,1995-07,3217,0,65441.8,0
10973,7235,1995-08,3217,0,63144.1,0
10973,7235,1995-09,3217,0,107716.8,0
10973,7235,1995-10,3217,0,84665.1,0
10973,7235,1995-11,3217,0,92073.1,0
10973,7235,1995-12,3217,0,73088.7,0
10973,7235,1996-01,3217,0,24123.9,0
10973,7235,1996-02,3217,0,25475.7,0
10973,7235,1996-03,3217,0,33178.7,0
10973,7235,1996-04,3217,0,22239.3,0
10973,7235,1996-05,3217,0,30604.5,0
10973,7235,1996-06,3217,0,26709.5,0
10973,7235,1996-07,3217,0,53016.3,0
10973,7235,1996-08,3217,0,26316.0,0
10973,7235,1996-09,3217,0,23175.8,0
10973,7235,1996-10,3217,0,29544.2,0
10973,7235,1996-11,3217,0,14166.5,0
10973,7235,1996-12,3217,0,10975.5,0
10973,7235,1997-01,3217,0,19470.2,0
10973,7235,1997-02,3217,0,78520.3,0
10973,7235,1997-03,3217,0,24760.2,0
10973,7235,1997-04,3217,0,22350.8,0
10973,7235,1997-05,3217,0,34283.2,0
10973,7235,1997-06,3217,0,29645.5,0
10973,7235,1997-07,3217,0,42900.0,0
10973,7235,1997-08,3217,0,28818.7,0
10973,7235,1997-09,3217,0,28351.5,0
10973,7235,1997-10,3217,0,55785.9,0
4894,5997,1993-12,4876,0,45999.0,0
4894,5997,1994-01,4876,0,20510.9,0
4894,5997,1994-02,4876,0,36306.5,0
4894,5997,1994-03,4876,0,41351.7,0
4894,5997,1994-04,4876,0,44009.8,0
4894,5997,1994-05,4876,0,48883.3,0
4894,5997,1994-06,4876,0,23373.9,0
4894,5997,1994-07,4876,0,30258.3,0
4894,5997,1994-08,4876,0,41884.2,0
4894,5997,1994-09,4876,0,34882.2,0
4894,5997,1994-10,4876,0,46925.3,0
4894,5997,1994-11,4876,0,51897.6,0
4894,5997,1994-12,4876,0,51710.5,0
4894,5997,1995-01,4876,0,26032.4,0
4894,5997,1995-02,4876,0,52471.5,0
4894,5997,1995-03,4876,0,49675.6,0
4894,5997,1995-04,4876,0,31611.7,0
4894,5997,1995-05,4876,0,50921.7,0
4894,5997,1995-06,4876,0,67160.6,0
4894,5997,1995-07,4876,0,70211.8,0
4894,5997,1995-08,4876,0,74691.9,0
4894,5997,1995-09,4876,0,78576.2,0
4894,5997,1995-10,4876,0,79255.4,0
4894,5997,1995-11,4876,0,83337.1,0
10364,7121,1993-12,609,0,34582.7,0
10364,7121,1994-01,609,0,20912.3,0
10364,7121,1994-02,609,0,24518.9,0
10364,7121,1994-03,609,0,29943.9,0
10364,7121,1994-04,609,0,31881.7,0
10364,7121,1994-05,609,0,31942.1,0
10364,7121,1994-06,609,0,19255.7,0
10364,7121,1994-07,609,0,20397.8,0
10364,7121,1994-08,609,0,23700.2,0
10364,7121,1994-09,609,0,24653.7,0
10364,7121,1994-10,609,0,28877.9,0
10364,7121,1994-11,609,0,30412.4,0
10364,7121,1994-12,609,0,29359.9,0
10364,7121,1995-01,609,0,14593.1,0
10364,7121,1995-02,609,0,30817.4,0
10364,7121,1995-03,609,0,30654.2,0
10364,7121,1995-04,609,0,30495.7,0
10364,7121,1995-05,609,0,24066.5,0
10364,7121,1995-06,609,0,41180.0,0
10364,7121,1995-07,609,0,43368.5,0
10364,7121,1995-08,609,0,45566.0,0
10364,7121,1995-09,609,0,39762.3,0
10364,7121,1995-10,609,0,37332.6,0
10364,7121,1995-11,609,0,43518.1,0
10364,7121,1995-12,609,0,53693.2,0
10364,7121,1996-01,609,0,29032.6,0
10364,7121,1996-02,609,0,39999.1,0
10364,7121,1996-03,609,0,43146.5,0
10364,7121,1996-04,609,0,42451.8,0
10364,7121,1996-05,609,0,41479.1,0
10364,7121,1996-06,609,0,43089.2,0
10364,7121,1996-07,609,0,44281.8,0
10364,7121,1996-08,609,0,43289.7,0
10364,7121,1996-09,609,0,39325.9,0
10364,7121,1996-10,609,0,41013.2,0
10364,7121,1996-11,609,0,45508.4,0
5270,6077,1993-12,3317,0,74638.6,0
5270,6077,1994-01,3317,0,38054.2,0
5270,6077,1994-02,3317,0,72703.5,0
5270,6077,1994-03,3317,0,77011.1,0
5270,6077,1994-04,3317,0,75911.0,0
5270,6077,1994-05,3317,0,90110.9,0
5270,6077,1994-06,3317,0,72469.8,0
5270,6077,1994-07,3317,0,74227.3,0
5270,6077,1994-08,3317,0,93993.2,0
5270,6077,1994-09,3317,0,103512.8,0
5270,6077,1994-10,3317,0,82676.1,0
5270,6077,1994-11,3317,0,93157.0,0
5270,6077,1994-12,3317,0,63224.4,0
5270,6077,1995-01,3317,0,26703.7,0
5270,6077,1995-02,3317,0,69424.9,0
5270,6077,1995-03,3317,0,93381.3,0
5270,6077,1995-04,3317,0,107609.9,0
5270,6077,1995-05,3317,0,86612.8,0
5270,6077,1995-06,3317,0,38351.1,0
5270,6077,1995-07,3317,0,78621.1,0
5270,6077,1995-08,3317,0,85980.5,0
5270,6077,1995-09,3317,0,103689.0,0
5270,6077,1995-10,3317,0,68544.6,0
5270,6077,1995-11,3317,0,55610.3,0
6034,6228,1993-12,7742,1,78936.0,0
6034,6228,1994-01,7742,1,11395.1,0
6034,6228,1994-02,7742,1,30637.8,0
6034,6228,1994-03,7742,1,18190.0,0
6034,6228,1994-04,7742,1,62145.4,0
6034,6228,1994-05,7742,1,35256.1,0
6034,6228,1994-06,7742,1,61637.3,0
6034,6228,1994-07,7742,1,3694.7,1
6034,6228,1994-08,7742,1,9052.3,0
6034,6228,1994-09,7742,1,23734.9,0
6034,6228,1994-10,7742,1,65253.0,0
6034,6228,1994-11,7742,1,88194.6,0
6034,6228,1994-12,7742,1,62919.6,0
6034,6228,1995-01,7742,1,42727.7,0
6034,6228,1995-02,7742,1,15534.1,0
6034,6228,1995-03,7742,1,11012.0,0
6034,6228,1995-04,7742,1,11586.3,0
6034,6228,1995-05,7742,1,13366.2,0
6034,6228,1995-06,7742,1,86754.3,0
6034,6228,1995-07,7742,1,32672.5,0
6034,6228,1995-08,7742,1,19394.7,0
6034,6228,1995-09,7742,1,50219.1,0
6034,6228,1995-10,7742,1,30601.5,0
6034,6228,1995-11,7742,1,44145.0,0
6034,6228,1995-12,7742,1,27309.4,0
6034,6228,1996-01,7742,1,1714.5,1
6034,6228,1996-02,7742,1,15274.9,0
6034,6228,1996-03,7742,1,10209.9,0
6034,6228,1996-04,7742,1,8673.8,0
6034,6228,1996-05,7742,1,34856.2,0
6034,6228,1996-06,7742,1,1063.1,1
6034,6228,1996-07,7742,1,12436.5,0
6034,6228,1996-08,7742,1,9626.8,0
6034,6228,1996-09,7742,1,16234.5,0
6034,6228,1996-10,7742,1,10466.2,0
6034,6228,1996-11,7742,1,13777.5,0
6034,6228,1996-12,7742,1,13400.9,0
6034,6228,1997-01,7742,1,17190.5,0
6034,6228,1997-02,7742,1,16886.1,0
6034,6228,1997-03,7742,1,58961.5,0
6034,6228,1997-04,7742,1,35818.1,0
6034,6228,1997-05,7742,1,23937.8,0
6034,6228,1997-06,7742,1,26773.3,0
6034,6228,1997-07,7742,1,82398.8,0
6034,6228,1997-08,7742,1,43428.7,0
6034,6228,1997-09,7742,1,35214.1,0
6034,6228,1997-10,7742,1,24832.6,0
6034,6228,1997-11,7742,1,34495.1,0
6034,6228,1997-12,7742,1,23627.8,0
6034,6228,1998-01,7742,1,31699.0,0
6034,6228,1998-02,7742,1,31331.6,0
6034,6228,1998-03,7742,1,48361.9,0
6034,6228,1998-04,7742,1,16946.4,0
6034,6228,1998-05,7742,1,57627.4,0
6034,6228,1998-06,7742,1,17618.1,0
6034,6228,1998-07,7742,1,-1294.0,1
6034,6228,1998-08,7742,1,-3921.6,1
6034,6228,1998-09,7742,1,4577.2,1
6034,6228,1998-10,7742,1,-640.7,1
6034,6228,1998-11,7742,1,5459.4,1
6034,6228,1998-12,7742,1,63892.0,0
6701,6356,1994-01,2650,0,20177.2,0
6701,6356,1994-02,2650,0,1587.8,1
6701,6356,1994-03,2650,0,9735.6,0
6701,6356,1994-04,2650,0,17716.4,0
6701,6356,1994-05,2650,0,36365.9,0
6701,6356,1994-06,2650,0,7210.9,0
6701,6356,1994-07,2650,0,100095.5,0
6701,6356,1994-08,2650,0,80015.7,0
6701,6356,1994-09,2650,0,68732.1,0
6701,6356,1994-10,2650,0,96180.1,0
6701,6356,1994-11,2650,0,39875.5,0
6701,6356,1994-12,2650,0,79885.7,0
6701,6356,1995-01,2650,0,18947.4,0
6701,6356,1995-02,2650,0,63308.9,0
6701,6356,1995-03,2650,0,56591.3,0
6701,6356,1995-04,2650,0,44389.2,0
6701,6356,1995-05,2650,0,4905.1,0
6701,6356,1995-06,2650,0,55320.9,0
6701,6356,1995-07,2650,0,79598.9,0
6701,6356,1995-08,2650,0,37858.0,0
6701,6356,1995-09,2650,0,32117.9,0
6701,6356,1995-10,2650,0,33568.9,0
6701,6356,1995-11,2650,0,46708.3,0
6701,6356,1995-12,2650,0,54299.1,0
6701,6356,1996-01,2650,0,86107.3,0
6701,6356,1996-02,2650,0,48424.3,0
6701,6356,1996-03,2650,0,56691.6,0
6701,6356,1996-04,2650,0,37121.8,0
6701,6356,1996-05,2650,0,62494.1,0
6701,6356,1996-06,2650,0,39518.9,0
6701,6356,1996-07,2650,0,64022.0,0
6701,6356,1996-08,2650,0,107597.8,0
6701,6356,1996-09,2650,0,66253.6,0
6701,6356,1996-10,2650,0,73877.7,0
6701,6356,1996-11,2650,0,107299.7,0
6701,6356,1996-12,2650,0,74113.9,0
2705,5523,1994-01,2608,0,20883.7,0
2705,5523,1994-02,2608,0,23195.5,0
2705,5523,1994-03,2608,0,27321.2,0
2705,5523,1994-04,2608,0,26252.4,0
2705,5523,1994-05,2608,0,29789.0,0
2705,5523,1994-06,2608,0,35525.0,0
2705,5523,1994-07,2608,0,29478.1,0
2705,5523,1994-08,2608,0,30725.3,0
2705,5523,1994-09,2608,0,25539.7,0
2705,5523,1994-10,2608,0,26870.3,0
2705,5523,1994-11,2608,0,25295.8,0
2705,5523,1994-12,2608,0,30470.7,0
2705,5523,1995-01,2608,0,22889.8,0
2705,5523,1995-02,2608,0,29111.9,0
2705,5523,1995-03,2608,0,33058.8,0
2705,5523,1995-04,2608,0,27485.6,0
2705,5523,1995-05,2608,0,29023.9,0
2705,5523,1995-06,2608,0,36414.7,0
2705,5523,1995-07,2608,0,27879.9,0
2705,5523,1995-08,2608,0,24817.4,0
2705,5523,1995-09,2608,0,32751.2,0
2705,5523,1995-10,2608,0,35412.1,0
2705,5523,1995-11,2608,0,38384.5,0
2705,5523,1995-12,2608,0,40594.9,0
2705,5523,1996-01,2608,0,30012.8,0
2705,5523,1996-02,2608,0,27328.3,0
2705,5523,1996-03,2608,0,35875.2,0
2705,5523,1996-04,2608,0,37847.7,0
2705,5523,1996-05,2608,0,33525.6,0
2705,5523,1996-06,2608,0,37727.0,0
2705,5523,1996-07,2608,0,42411.7,0
2705,5523,1996-08,2608,0,27064.1,0
2705,5523,1996-09,2608,0,35211.5,0
2705,5523,1996-10,2608,0,42591.5,0
2705,5523,1996-11,2608,0,40668.9,0
2705,5523,1996-12,2608,0,39997.2,0
7123,6456,1994-01,3918,0,73885.0,0
7123,6456,1994-02,3918,0,97763.7,0
7123,6456,1994-03,3918,0,41900.5,0
7123,6456,1994-04,3918,0,76636.2,0
7123,6456,1994-05,3918,0,40056.3,0
7123,6456,1994-06,3918,0,69141.5,0
7123,6456,1994-07,3918,0,65674.6,0
7123,6456,1994-08,3918,0,31435.6,0
7123,6456,1994-09,3918,0,66685.5,0
7123,6456,1994-10,3918,0,41951.3,0
7123,6456,1994-11,3918,0,85959.2,0
7123,6456,1994-12,3918,0,78664.3,0
10320,7104,1994-01,4329,0,19864.6,0
10320,7104,1994-02,4329,0,30999.1,0
10320,7104,1994-03,4329,0,35767.2,0
10320,7104,1994-04,4329,0,22065.2,0
10320,7104,1994-05,4329,0,32507.5,0
10320,7104,1994-06,4329,0,53612.5,0
10320,7104,1994-07,4329,0,28590.8,0
10320,7104,1994-08,4329,0,25342.9,0
10320,7104,1994-09,4329,0,38406.5,0
10320,7104,1994-10,4329,0,35785.2,0
10320,7104,1994-11,4329,0,44278.3,0
10320,7104,1994-12,4329,0,55593.5,0
10320,7104,1995-01,4329,0,22327.8,0
10320,7104,1995-02,4329,0,30867.2,0
10320,7104,1995-03,4329,0,41947.9,0
10320,7104,1995-04,4329,0,48360.0,0
10320,7104,1995-05,4329,0,25131.1,0
10320,7104,1995-06,4329,0,26068.9,0
10320,7104,1995-07,4329,0,32721.8,0
10320,7104,1995-08,4329,0,29868.4,0
10320,7104,1995-09,4329,0,32633.7,0
10320,7104,1995-10,4329,0,34109.4,0
10320,7104,1995-11,4329,0,37691.7,0
10320,7104,1995-12,4329,0,30997.0,0
10320,7104,1996-01,4329,0,28533.0,0
10320,7104,1996-02,4329,0,29403.2,0
10320,7104,1996-03,4329,0,26604.9,0
10320,7104,1996-04,4329,0,33556.3,0
10320,7104,1996-05,4329,0,26182.5,0
10320,7104,1996-06,4329,0,22076.7,0
10320,7104,1996-07,4329,0,29509.2,0
10320,7104,1996-08,4329,0,25663.0,0
10320,7104,1996-09,4329,0,29705.8,0
10320,7104,1996-10,4329,0,29189.7,0
10320,7104,1996-11,4329,0,33146.2,0
10320,7104,1996-12,4329,0,33030.4,0
10320,7104,1997-01,4329,0,22359.1,0
10320,7104,1997-02,4329,0,31092.1,0
10320,7104,1997-03,4329,0,33153.5,0
10320,7104,1997-04,4329,0,30115.6,0
10320,7104,1997-05,4329,0,31170.3,0
10320,7104,1997-06,4329,0,20964.7,0
10320,7104,1997-07,4329,0,30493.6,0
10320,7104,1997-08,4329,0,24746.3,0
10320,7104,1997-09,4329,0,32988.2,0
10320,7104,1997-10,4329,0,23028.0,0
10320,7104,1997-11,4329,0,27855.7,0
10320,7104,1997-12,4329,0,35808.3,0
10320,7104,1998-01,4329,0,20792.7,0
10320,7104,1998-02,4329,0,25008.1,0
10320,7104,1998-03,4329,0,26750.0,0
10320,7104,1998-04,4329,0,27300.8,0
10320,7104,1998-05,4329,0,32545.9,0
10320,7104,1998-06,4329,0,44923.9,0
10320,7104,1998-07,4329,0,44328.2,0
10320,7104,1998-08,4329,0,24128.4,0
10320,7104,1998-09,4329,0,32706.3,0
10320,7104,1998-10,4329,0,41985.0,0
10320,7104,1998-11,4329,0,29282.3,0
10320,7104,1998-12,4329,0,41848.9,0
9034,6820,1994-01,3179,0,30332.8,0
9034,6820,1994-02,3179,0,28848.6,0
9034,6820,1994-03,3179,0,28099.2,0
9034,6820,1994-04,3179,0,31841.0,0
9034,6820,1994-05,3179,0,31065.7,0
9034,6820,1994-06,3179,0,35303.1,0
9034,6820,1994-07,3179,0,29852.6,0
9034,6820,1994-08,3179,0,32450.6,0
9034,6820,1994-09,3179,0,36145.7,0
9034,6820,1994-10,3179,0,27087.7,0
9034,6820,1994-11,3179,0,28735.3,0
9034,6820,1994-12,3179,0,32814.9,0
9236,6876,1994-01,7218,0,17303.3,0
9236,6876,1994-02,7218,0,22606.9,0
9236,6876,1994-03,7218,0,21725.2,0
9236,6876,1994-04,7218,0,21240.1,0
9236,6876,1994-05,7218,0,25779.9,0
9236,6876,1994-06,7218,0,30782.4,0
9236,6876,1994-07,7218,0,28949.1,0
9236,6876,1994-08,7218,0,25213.6,0
9236,6876,1994-09,7218,0,25052.6,0
9236,6876,1994-10,7218,0,25717.8,0
9236,6876,1994-11,7218,0,19882.5,0
9236,6876,1994-12,7218,0,25362.0,0
10266,7097,1994-01,3151,1,8695.2,0
10266,7097,1994-02,3151,1,-2284.4,1
10266,7097,1994-03,3151,1,44973.8,0
10266,7097,1994-04,3151,1,95963.7,0
10266,7097,1994-05,3151,1,40673.0,0
10266,7097,1994-06,3151,1,28990.3,0
10266,7097,1994-07,3151,1,11054.5,0
10266,7097,1994-08,3151,1,35226.2,0
10266,7097,1994-09,3151,1,20219.3,0
10266,7097,1994-10,3151,1,6100.9,0
10266,7097,1994-11,3151,1,49561.0,0
10266,7097,1994-12,3151,1,74149.8,0
10266,7097,1995-01,3151,1,21821.0,0
10266,7097,1995-02,3151,1,3960.8,0
10266,7097,1995-03,3151,1,71021.3,0
10266,7097,1995-04,3151,1,69282.5,0
10266,7097,1995-05,3151,1,32969.8,0
10266,7097,1995-06,3151,1,13946.9,0
10266,7097,1995-07,3151,1,21055.8,0
10266,7097,1995-08,3151,1,25569.8,0
10266,7097,1995-09,3151,1,10181.5,0
10266,7097,1995-10,3151,1,10152.3,0
10266,7097,1995-11,3151,1,36557.6,0
10266,7097,1995-12,3151,1,19571.3,0
2,4959,1994-02,3373,0,26244.2,0
2,4959,1994-03,3373,0,31056.1,0
2,4959,1994-04,3373,0,33188.8,0
2,4959,1994-05,3373,0,20308.0,0
2,4959,1994-06,3373,0,29334.6,0
2,4959,1994-07,3373,0,30938.7,0
2,4959,1994-08,3373,0,32864.1,0
2,4959,1994-09,3373,0,25744.9,0
2,4959,1994-10,3373,0,32057.8,0
2,4959,1994-11,3373,0,31078.8,0
2,4959,1994-12,3373,0,32928.2,0
2,4959,1995-01,3373,0,20429.4,0
2,4959,1995-02,3373,0,28122.2,0
2,4959,1995-03,3373,0,33639.7,0
2,4959,1995-04,3373,0,31061.8,0
2,4959,1995-05,3373,0,23047.7,0
2,4959,1995-06,3373,0,36619.6,0
2,4959,1995-07,3373,0,37964.0,0
2,4959,1995-08,3373,0,21296.5,0
2,4959,1995-09,3373,0,29388.9,0
2,4959,1995-10,3373,0,26857.5,0
2,4959,1995-11,3373,0,35073.5,0
2,4959,1995-12,3373,0,39436.7,0
2,4959,1996-01,3373,0,22792.2,0
7401,6499,1994-02,3373,0,27160.3,0
7401,6499,1994-03,3373,0,31976.0,0
7401,6499,1994-04,3373,0,34112.4,0
7401,6499,1994-05,3373,0,21235.4,0
7401,6499,1994-06,3373,0,30265.7,0
7401,6499,1994-07,3373,0,31873.6,0
7401,6499,1994-08,3373,0,33802.8,0
7401,6499,1994-09,3373,0,26687.3,0
7401,6499,1994-10,3373,0,33003.9,0
7401,6499,1994-11,3373,0,32028.6,0
7401,6499,1994-12,3373,0,33881.8,0
7401,6499,1995-01,3373,0,21386.7,0
7401,6499,1995-02,3373,0,29083.3,0
7401,6499,1995-03,3373,0,34604.5,0
7401,6499,1995-04,3373,0,32030.4,0
7401,6499,1995-05,3373,0,24020.1,0
7401,6499,1995-06,3373,0,37595.7,0
7401,6499,1995-07,3373,0,38942.1,0
7401,6499,1995-08,3373,0,22277.0,0
7401,6499,1995-09,3373,0,30373.2,0
7401,6499,1995-10,3373,0,27846.4,0
7401,6499,1995-11,3373,0,36066.2,0
7401,6499,1995-12,3373,0,40433.6,0
7401,6499,1996-01,3373,0,25791.2,0
2486,5479,1994-02,2043,0,37262.3,0
2486,5479,1994-03,2043,0,14508.6,0
2486,5479,1994-04,2043,0,31221.4,0
2486,5479,1994-05,2043,0,86155.3,0
2486,5479,1994-06,2043,0,89614.0,0
2486,5479,1994-07,2043,0,40265.9,0
2486,5479,1994-08,2043,0,43066.2,0
2486,5479,1994-09,2043,0,48844.2,0
2486,5479,1994-10,2043,0,28534.1,0
2486,5479,1994-11,2043,0,49783.8,0
2486,5479,1994-12,2043,0,75654.6,0
2486,5479,1995-01,2043,0,33514.8,0
1071,5170,1994-02,4220,0,52909.6,0
1071,5170,1994-03,4220,0,45219.8,0
1071,5170,1994-04,4220,0,18166.2,0
1071,5170,1994-05,4220,0,24452.2,0
1071,5170,1994-06,4220,0,38107.1,0
1071,5170,1994-07,4220,0,27867.3,0
1071,5170,1994-08,4220,0,24403.2,0
1071,5170,1994-09,4220,0,48797.6,0
1071,5170,1994-10,4220,0,16831.7,0
1071,5170,1994-11,4220,0,90769.3,0
1071,5170,1994-12,4220,0,75514.1,0
1071,5170,1995-01,4220,0,21078.4,0
1071,5170,1995-02,4220,0,48421.7,0
1071,5170,1995-03,4220,0,31431.5,0
1071,5170,1995-04,4220,0,94754.0,0
1071,5170,1995-05,4220,0,40285.9,0
1071,5170,1995-06,4220,0,29272.0,0
1071,5170,1995-07,4220,0,53158.0,0
1071,5170,1995-08,4220,0,39805.3,0
1071,5170,1995-09,4220,0,32717.6,0
1071,5170,1995-10,4220,0,53416.1,0
1071,5170,1995-11,4220,0,42196.9,0
1071,5170,1995-12,4220,0,48169.4,0
1071,5170,1996-01,4220,0,32603.0,0
1071,5170,1996-02,4220,0,43493.4,0
1071,5170,1996-03,4220,0,24993.2,0
1071,5170,1996-04,4220,0,19027.6,0
1071,5170,1996-05,4220,0,21359.3,0
1071,5170,1996-06,4220,0,29071.3,0
1071,5170,1996-07,4220,0,67452.1,0
1071,5170,1996-08,4220,0,45318.8,0
1071,5170,1996-09,4220,0,51186.4,0
1071,5170,1996-10,4220,0,37957.9,0
1071,5170,1996-11,4220,0,27462.7,0
1071,5170,1996-12,4220,0,28620.4,0
1071,5170,1997-01,4220,0,87299.0,0
1071,5170,1997-02,4220,0,46833.2,0
1071,5170,1997-03,4220,0,43458.1,0
1071,5170,1997-04,4220,0,30723.2,0
1071,5170,1997-05,4220,0,60917.2,0
1071,5170,1997-06,4220,0,89941.2,0
1071,5170,1997-07,4220,0,46492.6,0
1071,5170,1997-08,4220,0,49697.9,0
1071,5170,1997-09,4220,0,28822.5,0
1071,5170,1997-10,4220,0,37400.3,0
1071,5170,1997-11,4220,0,66997.1,0
1071,5170,1997-12,4220,0,37590.9,0
1071,5170,1998-01,4220,0,26206.1,0
1071,5170,1998-02,4220,0,56469.8,0
1071,5170,1998-03,4220,0,57118.3,0
1071,5170,1998-04,4220,0,39500.8,0
1071,5170,1998-05,4220,0,25574.5,0
1071,5170,1998-06,4220,0,42684.8,0
1071,5170,1998-07,4220,0,36994.5,0
1071,5170,1998-08,4220,0,83448.0,0
1071,5170,1998-09,4220,0,43255.5,0
1071,5170,1998-10,4220,0,68392.2,0
1071,5170,1998-11,4220,0,43056.0,0
1071,5170,1998-12,4220,0,27639.7,0
1071,5170,1999-01,4220,0,27639.7,0
8475,6721,1994-02,878,0,28925.5,0
8475,6721,1994-03,878,0,22892.1,0
8475,6721,1994-04,878,0,22457.3,0
8475,6721,1994-05,878,0,20668.9,0
8475,6721,1994-06,878,0,27006.1,0
8475,6721,1994-07,878,0,29998.2,0
8475,6721,1994-08,878,0,29498.6,0
8475,6721,1994-09,878,0,25013.4,0
8475,6721,1994-10,878,0,29721.5,0
8475,6721,1994-11,878,0,30823.1,0
8475,6721,1994-12,878,0,30868.1,0
8475,6721,1995-01,878,0,14909.1,0
8475,6721,1995-02,878,0,22751.0,0
8475,6721,1995-03,878,0,28234.3,0
8475,6721,1995-04,878,0,25880.8,0
8475,6721,1995-05,878,0,31065.2,0
8475,6721,1995-06,878,0,34835.5,0
8475,6721,1995-07,878,0,35032.2,0
8475,6721,1995-08,878,0,34083.2,0
8475,6721,1995-09,878,0,34848.6,0
8475,6721,1995-10,878,0,34311.4,0
8475,6721,1995-11,878,0,36605.0,0
8475,6721,1995-12,878,0,37477.6,0
8475,6721,1996-01,878,0,25158.6,0
11111,7259,1994-02,3004,0,19150.2,0
11111,7259,1994-03,3004,0,20172.9,0
11111,7259,1994-04,3004,0,39242.2,0
11111,7259,1994-05,3004,0,29824.3,0
11111,7259,1994-06,3004,0,21972.6,0
11111,7259,1994-07,3004,0,22207.3,0
11111,7259,1994-08,3004,0,43548.9,0
11111,7259,1994-09,3004,0,22243.5,0
11111,7259,1994-10,3004,0,22188.2,0
11111,7259,1994-11,3004,0,20721.5,0
11111,7259,1994-12,3004,0,19048.6,0
11111,7259,1995-01,3004,0,33705.0,0
11111,7259,1995-02,3004,0,89178.8,0
11111,7259,1995-03,3004,0,129766.1,0
11111,7259,1995-04,3004,0,94814.2,0
11111,7259,1995-05,3004,0,68230.3,0
11111,7259,1995-06,3004,0,82648.0,0
11111,7259,1995-07,3004,0,59888.8,0
11111,7259,1995-08,3004,0,91595.7,0
11111,7259,1995-09,3004,0,52507.8,0
11111,7259,1995-10,3004,0,50860.1,0
11111,7259,1995-11,3004,0,31963.6,0
11111,7259,1995-12,3004,0,98902.4,0
11111,7259,1996-01,3004,0,38741.5,0
11111,7259,1996-02,3004,0,25209.9,0
11111,7259,1996-03,3004,0,18740.5,0
11111,7259,1996-04,3004,0,16355.8,0
11111,7259,1996-05,3004,0,19075.3,0
11111,7259,1996-06,3004,0,17293.5,0
11111,7259,1996-07,3004,0,20317.6,0
11111,7259,1996-08,3004,0,19944.5,0
11111,7259,1996-09,3004,0,23681.3,0
11111,7259,1996-10,3004,0,24024.9,0
11111,7259,1996-11,3004,0,20030.9,0
11111,7259,1996-12,3004,0,31371.3,0
11111,7259,1997-01,3004,0,34460.5,0
1603,5285,1994-03,6578,0,22259.7,0
1603,5285,1994-04,6578,0,23429.2,0
1603,5285,1994-05,6578,0,18543.6,0
1603,5285,1994-06,6578,0,23775.1,0
1603,5285,1994-07,6578,0,25051.0,0
1603,5285,1994-08,6578,0,26834.0,0
1603,5285,1994-09,6578,0,26416.4,0
1603,5285,1994-10,6578,0,27876.4,0
1603,5285,1994-11,6578,0,24496.1,0
1603,5285,1994-12,6578,0,29399.4,0
1603,5285,1995-01,6578,0,29925.8,0
1603,5285,1995-02,6578,0,29888.9,0
1166,5189,1994-03,3105,0,31415.3,0
1166,5189,1994-04,3105,0,34774.5,0
1166,5189,1994-05,3105,0,36043.1,0
1166,5189,1994-06,3105,0,39443.3,0
1166,5189,1994-07,3105,0,37923.5,0
1166,5189,1994-08,3105,0,36596.1,0
1166,5189,1994-09,3105,0,34660.1,0
1166,5189,1994-10,3105,0,32415.1,0
1166,5189,1994-11,3105,0,34471.2,0
1166,5189,1994-12,3105,0,24532.0,0
1166,5189,1995-01,3105,0,22246.0,0
1166,5189,1995-02,3105,0,25968.4,0
1166,5189,1995-03,3105,0,29302.3,0
1166,5189,1995-04,3105,0,27837.3,0
1166,5189,1995-05,3105,0,30075.0,0
1166,5189,1995-06,3105,0,28427.0,0
1166,5189,1995-07,3105,0,32475.6,0
1166,5189,1995-08,3105,0,40250.0,0
1166,5189,1995-09,3105,0,46050.8,0
1166,5189,1995-10,3105,0,40495.2,0
1166,5189,1995-11,3105,0,48302.7,0
1166,5189,1995-12,3105,0,44635.0,0
1166,5189,1996-01,3105,0,29599.5,0
1166,5189,1996-02,3105,0,41472.9,0
1166,5189,1996-03,3105,0,36685.6,0
1166,5189,1996-04,3105,0,30361.9,0
1166,5189,1996-05,3105,0,40534.0,0
1166,5189,1996-06,3105,0,27493.4,0
1166,5189,1996-07,3105,0,26132.0,0
1166,5189,1996-08,3105,0,35584.1,0
1166,5189,1996-09,3105,0,34262.5,0
1166,5189,1996-10,3105,0,33895.8,0
1166,5189,1996-11,3105,0,36885.7,0
1166,5189,1996-12,3105,0,29795.0,0
1166,5189,1997-01,3105,0,27930.9,0
1166,5189,1997-02,3105,0,39188.5,0
1166,5189,1997-03,3105,0,44580.7,0
1166,5189,1997-04,3105,0,44259.0,0
1166,5189,1997-05,3105,0,36645.1,0
1166,5189,1997-06,3105,0,40574.8,0
1166,5189,1997-07,3105,0,31234.7,0
1166,5189,1997-08,3105,0,33602.3,0
1166,5189,1997-09,3105,0,32477.1,0
1166,5189,1997-10,3105,0,35849.1,0
1166,5189,1997-11,3105,0,33320.8,0
1166,5189,1997-12,3105,0,33216.8,0
1166,5189,1998-01,3105,0,17226.4,0
1166,5189,1998-02,3105,0,22735.9,0
8073,6650,1994-03,4110,1,804.4,1
8073,6650,1994-04,4110,1,7779.3,0
8073,6650,1994-05,4110,1,10826.6,0
8073,6650,1994-06,4110,1,13554.6,0
8073,6650,1994-07,4110,1,-2912.2,1
8073,6650,1994-08,4110,1,12160.1,0
8073,6650,1994-09,4110,1,16896.6,0
8073,6650,1994-10,4110,1,11359.4,0
8073,6650,1994-11,4110,1,49940.1,0
8073,6650,1994-12,4110,1,27226.3,0
8073,6650,1995-01,4110,1,57574.9,0
8073,6650,1995-02,4110,1,30388.5,0
10940,7226,1994-03,5493,0,37172.0,0
10940,7226,1994-04,5493,0,33039.7,0
10940,7226,1994-05,5493,0,33001.4,0
10940,7226,1994-06,5493,0,39554.4,0
10940,7226,1994-07,5493,0,30053.7,0
10940,7226,1994-08,5493,0,29097.1,0
10940,7226,1994-09,5493,0,38767.7,0
10940,7226,1994-10,5493,0,46755.7,0
10940,7226,1994-11,5493,0,49073.9,0
10940,7226,1994-12,5493,0,60479.2,0
10940,7226,1995-01,5493,0,43869.9,0
10940,7226,1995-02,5493,0,48804.6,0
10940,7226,1995-03,5493,0,53639.7,0
10940,7226,1995-04,5493,0,54880.3,0
10940,7226,1995-05,5493,0,57631.5,0
10940,7226,1995-06,5493,0,31024.6,0
10940,7226,1995-07,5493,0,43108.2,0
10940,7226,1995-08,5493,0,47614.4,0
10940,7226,1995-09,5493,0,47394.7,0
10940,7226,1995-10,5493,0,49911.5,0
10940,7226,1995-11,5493,0,54144.5,0
10940,7226,1995-12,5493,0,68674.8,0
10940,7226,1996-01,5493,0,39439.3,0
10940,7226,1996-02,5493,0,49352.1,0
10940,7226,1996-03,5493,0,55316.4,0
10940,7226,1996-04,5493,0,55798.3,0
10940,7226,1996-05,5493,0,50258.7,0
10940,7226,1996-06,5493,0,56859.9,0
10940,7226,1996-07,5493,0,58464.9,0
10940,7226,1996-08,5493,0,57156.1,0
10940,7226,1996-09,5493,0,59643.3,0
10940,7226,1996-10,5493,0,57275.4,0
10940,7226,1996-11,5493,0,59761.6,0
10940,7226,1996-12,5493,0,60394.7,0
10940,7226,1997-01,5493,0,41601.6,0
10940,7226,1997-02,5493,0,46823.1,0
5313,6087,1994-03,5011,0,35995.1,0
5313,6087,1994-04,5011,0,52330.4,0
5313,6087,1994-05,5011,0,53517.3,0
5313,6087,1994-06,5011,0,31441.0,0
5313,6087,1994-07,5011,0,57399.7,0
5313,6087,1994-08,5011,0,83420.2,0
5313,6087,1994-09,5011,0,97838.6,0
5313,6087,1994-10,5011,0,62144.7,0
5313,6087,1994-11,5011,0,110322.4,0
5313,6087,1994-12,5011,0,55506.5,0
5313,6087,1995-01,5011,0,31414.5,0
5313,6087,1995-02,5011,0,68387.2,0
5313,6087,1995-03,5011,0,40372.0,0
5313,6087,1995-04,5011,0,25275.4,0
5313,6087,1995-05,5011,0,18916.5,0
5313,6087,1995-06,5011,0,47672.7,0
5313,6087,1995-07,5011,0,53924.7,0
5313,6087,1995-08,5011,0,25569.5,0
5313,6087,1995-09,5011,0,22220.8,0
5313,6087,1995-10,5011,0,22265.4,0
5313,6087,1995-11,5011,0,25489.1,0
5313,6087,1995-12,5011,0,20036.4,0
5313,6087,1996-01,5011,0,48231.0,0
5313,6087,1996-02,5011,0,68960.5,0
5313,6087,1996-03,5011,0,32642.9,0
5313,6087,1996-04,5011,0,28927.3,0
5313,6087,1996-05,5011,0,22186.7,0
5313,6087,1996-06,5011,0,22538.7,0
5313,6087,1996-07,5011,0,22391.5,0
5313,6087,1996-08,5011,0,21642.7,0
5313,6087,1996-09,5011,0,24904.2,0
5313,6087,1996-10,5011,0,65075.8,0
5313,6087,1996-11,5011,0,48960.7,0
5313,6087,1996-12,5011,0,25491.8,0
5313,6087,1997-01,5011,0,36733.8,0
5313,6087,1997-02,5011,0,97376.2,0
5313,6087,1997-03,5011,0,89946.3,0
5313,6087,1997-04,5011,0,27713.3,0
5313,6087,1997-05,5011,0,83773.1,0
5313,6087,1997-06,5011,0,50713.2,0
5313,6087,1997-07,5011,0,107259.7,0
5313,6087,1997-08,5011,0,44654.9,0
5313,6087,1997-09,5011,0,89632.7,0
5313,6087,1997-10,5011,0,100839.2,0
5313,6087,1997-11,5011,0,94833.1,0
5313,6087,1997-12,5011,0,86677.5,0
5313,6087,1998-01,5011,0,22543.0,0
5313,6087,1998-02,5011,0,23809.5,0
5313,6087,1998-03,5011,0,22671.8,0
5313,6087,1998-04,5011,0,20927.5,0
5313,6087,1998-05,5011,0,21583.7,0
5313,6087,1998-06,5011,0,24952.4,0
5313,6087,1998-07,5011,0,25725.5,0
5313,6087,1998-08,5011,0,41629.1,0
5313,6087,1998-09,5011,0,38826.6,0
5313,6087,1998-10,5011,0,37713.5,0
5313,6087,1998-11,5011,0,38096.9,0
5313,6087,1998-12,5011,0,22567.7,0
5313,6087,1999-01,5011,0,22567.7,0
5313,6087,1999-02,5011,0,22567.7,0
11135,7262,1994-03,5073,0,35918.6,0
11135,7262,1994-04,5073,0,28171.8,0
11135,7262,1994-05,5073,0,29917.7,0
11135,7262,1994-06,5073,0,43640.3,0
11135,7262,1994-07,5073,0,43138.7,0
11135,7262,1994-08,5073,0,39406.3,0
11135,7262,1994-09,5073,0,42398.4,0
11135,7262,1994-10,5073,0,42895.0,0
11135,7262,1994-11,5073,0,43691.8,0
11135,7262,1994-12,5073,0,48340.3,0
11135,7262,1995-01,5073,0,21029.6,0
11135,7262,1995-02,5073,0,32975.1,0
11135,7262,1995-03,5073,0,39049.8,0
11135,7262,1995-04,5073,0,41938.0,0
11135,7262,1995-05,5073,0,42329.2,0
11135,7262,1995-06,5073,0,44916.5,0
11135,7262,1995-07,5073,0,39122.8,0
11135,7262,1995-08,5073,0,40404.5,0
11135,7262,1995-09,5073,0,38565.6,0
11135,7262,1995-10,5073,0,34039.5,0
11135,7262,1995-11,5073,0,30620.8,0
11135,7262,1995-12,5073,0,34521.9,0
11135,7262,1996-01,5073,0,23640.1,0
11135,7262,1996-02,5073,0,27279.1,0
11135,7262,1996-03,5073,0,28231.6,0
11135,7262,1996-04,5073,0,29788.1,0
11135,7262,1996-05,5073,0,29749.4,0
11135,7262,1996-06,5073,0,33567.2,0
11135,7262,1996-07,5073,0,32842.5,0
11135,7262,1996-08,5073,0,29911.6,0
11135,7262,1996-09,5073,0,30371.3,0
11135,7262,1996-10,5073,0,35036.7,0
11135,7262,1996-11,5073,0,36718.0,0
11135,7262,1996-12,5073,0,37274.1,0
11135,7262,1997-01,5073,0,29606.1,0
11135,7262,1997-02,5073,0,39373.3,0
11135,7262,1997-03,5073,0,41048.6,0
2694,5519,1994-04,7636,0,34529.9,0
2694,5519,1994-05,7636,0,37687.0,0
2694,5519,1994-06,7636,0,45649.5,0
2694,5519,1994-07,7636,0,46947.1,0
2694,5519,1994-08,7636,0,39339.1,0
2694,5519,1994-09,7636,0,36991.1,0
2694,5519,1994-10,7636,0,34518.1,0
2694,5519,1994-11,7636,0,34979.3,0
2694,5519,1994-12,7636,0,40550.8,0
2694,5519,1995-01,7636,0,31386.9,0
2694,5519,1995-02,7636,0,34104.4,0
2694,5519,1995-03,7636,0,25091.9,0
7753,6577,1994-04,2154,0,28980.8,0
7753,6577,1994-05,2154,0,25623.4,0
7753,6577,1994-06,2154,0,23560.9,0
7753,6577,1994-07,2154,0,22988.3,0
7753,6577,1994-08,2154,0,26323.7,0
7753,6577,1994-09,2154,0,26564.6,0
7753,6577,1994-10,2154,0,35191.3,0
7753,6577,1994-11,2154,0,19828.6,0
7753,6577,1994-12,2154,0,29971.4,0
7753,6577,1995-01,2154,0,23301.3,0
7753,6577,1995-02,2154,0,21229.7,0
7753,6577,1995-03,2154,0,29078.5,0
7753,6577,1995-04,2154,0,32119.9,0
7753,6577,1995-05,2154,0,36485.6,0
7753,6577,1995-06,2154,0,33592.5,0
7753,6577,1995-07,2154,0,30498.6,0
7753,6577,1995-08,2154,0,31343.8,0
7753,6577,1995-09,2154,0,45236.3,0
7753,6577,1995-10,2154,0,42151.8,0
7753,6577,1995-11,2154,0,61074.8,0
7753,6577,1995-12,2154,0,45784.4,0
7753,6577,1996-01,2154,0,28587.1,0
7753,6577,1996-02,2154,0,25229.4,0
7753,6577,1996-03,2154,0,57353.5,0
7445,6509,1994-04,2307,0,15805.8,0
7445,6509,1994-05,2307,0,18783.1,0
7445,6509,1994-06,2307,0,36319.5,0
7445,6509,1994-07,2307,0,10772.6,0
7445,6509,1994-08,2307,0,16092.1,0
7445,6509,1994-09,2307,0,19592.7,0
7445,6509,1994-10,2307,0,190.1,1
7445,6509,1994-11,2307,0,10526.5,0
7445,6509,1994-12,2307,0,5268.8,0
7445,6509,1995-01,2307,0,2211.9,1
7445,6509,1995-02,2307,0,39098.4,0
7445,6509,1995-03,2307,0,24547.9,0
7445,6509,1995-04,2307,0,23396.4,0
7445,6509,1995-05,2307,0,55388.4,0
7445,6509,1995-06,2307,0,61900.1,0
7445,6509,1995-07,2307,0,40733.3,0
7445,6509,1995-08,2307,0,16469.9,0
7445,6509,1995-09,2307,0,78031.3,0
7445,6509,1995-10,2307,0,27111.8,0
7445,6509,1995-11,2307,0,13201.3,0
7445,6509,1995-12,2307,0,18139.2,0
7445,6509,1996-01,2307,0,48448.7,0
7445,6509,1996-02,2307,0,87359.4,0
7445,6509,1996-03,2307,0,106073.4,0
7485,6520,1994-04,3800,0,28250.4,0
7485,6520,1994-05,3800,0,28643.6,0
7485,6520,1994-06,3800,0,34900.1,0
7485,6520,1994-07,3800,0,36662.5,0
7485,6520,1994-08,3800,0,27357.4,0
7485,6520,1994-09,3800,0,32190.8,0
7485,6520,1994-10,3800,0,23307.9,0
7485,6520,1994-11,3800,0,23517.2,0
7485,6520,1994-12,3800,0,26539.2,0
7485,6520,1995-01,3800,0,24337.3,0
7485,6520,1995-02,3800,0,32060.4,0
7485,6520,1995-03,3800,0,35009.6,0
7485,6520,1995-04,3800,0,26567.3,0
7485,6520,1995-05,3800,0,31396.1,0
7485,6520,1995-06,3800,0,28334.0,0
7485,6520,1995-07,3800,0,25027.6,0
7485,6520,1995-08,3800,0,27532.2,0
7485,6520,1995-09,3800,0,36471.4,0
7485,6520,1995-10,3800,0,38834.2,0
7485,6520,1995-11,3800,0,42308.2,0
7485,6520,1995-12,3800,0,43275.3,0
7485,6520,1996-01,3800,0,24102.9,0
7485,6520,1996-02,3800,0,34126.8,0
7485,6520,1996-03,3800,0,38181.7,0
8330,6699,1994-04,319,0,39707.2,0
8330,6699,1994-05,319,0,42701.4,0
8330,6699,1994-06,319,0,43276.8,0
8330,6699,1994-07,319,0,42147.4,0
8330,6699,1994-08,319,0,41038.4,0
8330,6699,1994-09,319,0,41153.3,0
8330,6699,1994-10,319,0,43872.7,0
8330,6699,1994-11,319,0,46164.2,0
8330,6699,1994-12,319,0,46711.5,0
8330,6699,1995-01,319,0,33455.0,0
8330,6699,1995-02,319,0,39429.3,0
8330,6699,1995-03,319,0,38113.6,0
8330,6699,1995-04,319,0,43368.4,0
8330,6699,1995-05,319,0,44065.7,0
8330,6699,1995-06,319,0,49533.3,0
8330,6699,1995-07,319,0,47188.5,0
8330,6699,1995-08,319,0,39012.2,0
8330,6699,1995-09,319,0,37499.3,0
8330,6699,1995-10,319,0,38455.8,0
8330,6699,1995-11,319,0,38566.1,0
8330,6699,1995-12,319,0,42847.1,0
8330,6699,1996-01,319,0,30605.6,0
8330,6699,1996-02,319,0,31187.5,0
8330,6699,1996-03,319,0,32767.2,0
6555,6336,1994-04,5900,0,36959.9,0
6555,6336,1994-05,5900,0,52361.9,0
6555,6336,1994-06,5900,0,53327.5,0
6555,6336,1994-07,5900,0,37829.1,0
6555,6336,1994-08,5900,0,34769.9,0
6555,6336,1994-09,5900,0,42743.3,0
6555,6336,1994-10,5900,0,31280.5,0
6555,6336,1994-11,5900,0,28977.3,0
6555,6336,1994-12,5900,0,29432.0,0
6555,6336,1995-01,5900,0,42522.3,0
6555,6336,1995-02,5900,0,34077.3,0
6555,6336,1995-03,5900,0,39359.7,0
6555,6336,1995-04,5900,0,54859.8,0
6555,6336,1995-05,5900,0,63847.6,0
6555,6336,1995-06,5900,0,45760.8,0
6555,6336,1995-07,5900,0,34109.6,0
6555,6336,1995-08,5900,0,46915.2,0
6555,6336,1995-09,5900,0,77963.3,0
6555,6336,1995-10,5900,0,58247.0,0
6555,6336,1995-11,5900,0,65895.7,0
6555,6336,1995-12,5900,0,55543.6,0
6555,6336,1996-01,5900,0,29761.3,0
6555,6336,1996-02,5900,0,31554.3,0
6555,6336,1996-03,5900,0,33955.7,0
6555,6336,1996-04,5900,0,36968.1,0
6555,6336,1996-05,5900,0,30190.2,0
6555,6336,1996-06,5900,0,35792.1,0
6555,6336,1996-07,5900,0,38611.9,0
6555,6336,1996-08,5900,0,36523.3,0
6555,6336,1996-09,5900,0,39044.6,0
6555,6336,1996-10,5900,0,54600.0,0
6555,6336,1996-11,5900,0,36541.7,0
6555,6336,1996-12,5900,0,38360.0,0
6555,6336,1997-01,5900,0,47580.7,0
6555,6336,1997-02,5900,0,55587.7,0
6555,6336,1997-03,5900,0,117356.7,0
10079,7055,1994-05,2785,0,83613.9,0
10079,7055,1994-06,2785,0,57450.7,0
10079,7055,1994-07,2785,0,64987.3,0
10079,7055,1994-08,2785,0,54234.3,0
10079,7055,1994-09,2785,0,47368.5,0
10079,7055,1994-10,2785,0,37761.4,0
10079,7055,1994-11,2785,0,33456.1,0
10079,7055,1994-12,2785,0,69120.3,0
10079,7055,1995-01,2785,0,26302.0,0
10079,7055,1995-02,2785,0,27212.5,0
10079,7055,1995-03,2785,0,24724.5,0
10079,7055,1995-04,2785,0,22926.5,0
10079,7055,1995-05,2785,0,21020.6,0
10079,7055,1995-06,2785,0,23009.9,0
10079,7055,1995-07,2785,0,24507.1,0
10079,7055,1995-08,2785,0,20604.9,0
10079,7055,1995-09,2785,0,94401.9,0
10079,7055,1995-10,2785,0,51628.3,0
10079,7055,1995-11,2785,0,32619.1,0
10079,7055,1995-12,2785,0,24736.5,0
10079,7055,1996-01,2785,0,16921.8,0
10079,7055,1996-02,2785,0,14191.3,0
10079,7055,1996-03,2785,0,11449.4,0
10079,7055,1996-04,2785,0,31157.4,0
10079,7055,1996-05,2785,0,27020.1,0
10079,7055,1996-06,2785,0,108330.9,0
10079,7055,1996-07,2785,0,94570.6,0
10079,7055,1996-08,2785,0,79345.8,0
10079,7055,1996-09,2785,0,78365.3,0
10079,7055,1996-10,2785,0,76287.4,0
10079,7055,1996-11,2785,0,50611.0,0
10079,7055,1996-12,2785,0,27173.9,0
10079,7055,1997-01,2785,0,60150.8,0
10079,7055,1997-02,2785,0,73337.5,0
10079,7055,1997-03,2785,0,105803.0,0
10079,7055,1997-04,2785,0,95951.2,0
10079,7055,1997-05,2785,0,59846.3,0
10079,7055,1997-06,2785,0,51549.1,0
10079,7055,1997-07,2785,0,24125.4,0
10079,7055,1997-08,2785,0,71461.5,0
10079,7055,1997-09,2785,0,73465.5,0
10079,7055,1997-10,2785,0,22201.4,0
10079,7055,1997-11,2785,0,38944.5,0
10079,7055,1997-12,2785,0,30720.8,0
10079,7055,1998-01,2785,0,48249.1,0
10079,7055,1998-02,2785,0,28100.9,0
10079,7055,1998-03,2785,0,61322.7,0
10079,7055,1998-04,2785,0,43806.3,0
10079,7055,1998-05,2785,0,55895.5,0
10079,7055,1998-06,2785,0,67664.8,0
10079,7055,1998-07,2785,0,42695.2,0
10079,7055,1998-08,2785,0,23716.6,0
10079,7055,1998-09,2785,0,34897.2,0
10079,7055,1998-10,2785,0,51326.1,0
10079,7055,1998-11,2785,0,43758.6,0
10079,7055,1998-12,2785,0,22377.2,0
10079,7055,1999-01,2785,0,22377.2,0
10079,7055,1999-02,2785,0,22377.2,0
10079,7055,1999-03,2785,0,22377.2,0
10079,7055,1999-04,2785,0,22377.2,0
5385,6103,1994-05,2489,0,27020.5,0
5385,6103,1994-06,2489,0,32562.8,0
5385,6103,1994-07,2489,0,32965.5,0
5385,6103,1994-08,2489,0,29660.4,0
5385,6103,1994-09,2489,0,23533.8,0
5385,6103,1994-10,2489,0,22494.3,0
5385,6103,1994-11,2489,0,22552.8,0
5385,6103,1994-12,2489,0,23886.2,0
5385,6103,1995-01,2489,0,14226.4,0
5385,6103,1995-02,2489,0,25482.2,0
5385,6103,1995-03,2489,0,24249.5,0
5385,6103,1995-04,2489,0,21309.3,0
5385,6103,1995-05,2489,0,22768.0,0
5385,6103,1995-06,2489,0,29416.6,0
5385,6103,1995-07,2489,0,32413.3,0
5385,6103,1995-08,2489,0,34118.7,0
5385,6103,1995-09,2489,0,37134.9,0
5385,6103,1995-10,2489,0,39963.1,0
5385,6103,1995-11,2489,0,38992.4,0
5385,6103,1995-12,2489,0,32694.9,0
5385,6103,1996-01,2489,0,23672.7,0
5385,6103,1996-02,2489,0,34265.8,0
5385,6103,1996-03,2489,0,35477.2,0
5385,6103,1996-04,2489,0,39601.8,0
5385,6103,1996-05,2489,0,27908.5,0
5385,6103,1996-06,2489,0,38186.5,0
5385,6103,1996-07,2489,0,29353.4,0
5385,6103,1996-08,2489,0,34455.0,0
5385,6103,1996-09,2489,0,38474.7,0
5385,6103,1996-10,2489,0,40004.0,0
5385,6103,1996-11,2489,0,17254.3,0
5385,6103,1996-12,2489,0,26706.6,0
5385,6103,1997-01,2489,0,25866.5,0
5385,6103,1997-02,2489,0,29647.1,0
5385,6103,1997-03,2489,0,32141.6,0
5385,6103,1997-04,2489,0,32533.5,0
5385,6103,1997-05,2489,0,30519.4,0
5385,6103,1997-06,2489,0,34012.0,0
5385,6103,1997-07,2489,0,27610.5,0
5385,6103,1997-08,2489,0,31198.1,0
5385,6103,1997-09,2489,0,34100.0,0
5385,6103,1997-10,2489,0,31508.9,0
5385,6103,1997-11,2489,0,27590.2,0
5385,6103,1997-12,2489,0,27943.5,0
5385,6103,1998-01,2489,0,29822.7,0
5385,6103,1998-02,2489,0,37821.8,0
5385,6103,1998-03,2489,0,44453.5,0
5385,6103,1998-04,2489,0,35575.2,0
5385,6103,1998-05,2489,0,40777.1,0
5385,6103,1998-06,2489,0,47194.9,0
5385,6103,1998-07,2489,0,48960.8,0
5385,6103,1998-08,2489,0,41885.3,0
5385,6103,1998-09,2489,0,37717.9,0
5385,6103,1998-10,2489,0,39143.0,0
5385,6103,1998-11,2489,0,27934.9,0
5385,6103,1998-12,2489,0,36204.8,0
5385,6103,1999-01,2489,0,36204.8,0
5385,6103,1999-02,2489,0,36204.8,0
5385,6103,1999-03,2489,0,36204.8,0
5385,6103,1999-04,2489,0,36204.8,0
5891,6202,1994-05,5432,0,43477.1,0
5891,6202,1994-06,5432,0,53453.3,0
5891,6202,1994-07,5432,0,46192.2,0
5891,6202,1994-08,5432,0,49754.6,0
5891,6202,1994-09,5432,0,49024.3,0
5891,6202,1994-10,5432,0,50501.8,0
5891,6202,1994-11,5432,0,40024.4,0
5891,6202,1994-12,5432,0,56796.4,0
5891,6202,1995-01,5432,0,38569.9,0
5891,6202,1995-02,5432,0,51713.6,0
5891,6202,1995-03,5432,0,45829.0,0
5891,6202,1995-04,5432,0,48391.0,0
10131,7066,1994-06,5983,1,38938.0,0
10131,7066,1994-07,5983,1,30243.8,0
10131,7066,1994-08,5983,1,28305.7,0
10131,7066,1994-09,5983,1,52986.1,0
10131,7066,1994-10,5983,1,63914.3,0
10131,7066,1994-11,5983,1,11589.2,0
10131,7066,1994-12,5983,1,10557.3,0
10131,7066,1995-01,5983,1,-224.8,1
10131,7066,1995-02,5983,1,10963.9,0
10131,7066,1995-03,5983,1,16432.4,0
10131,7066,1995-04,5983,1,2113.0,1
10131,7066,1995-05,5983,1,2397.6,1
10131,7066,1995-06,5983,1,18293.5,0
10131,7066,1995-07,5983,1,18900.9,0
10131,7066,1995-08,5983,1,15757.6,0
10131,7066,1995-09,5983,1,19569.1,0
10131,7066,1995-10,5983,1,19905.2,0
10131,7066,1995-11,5983,1,30451.1,0
10131,7066,1995-12,5983,1,11825.6,0
10131,7066,1996-01,5983,1,21155.6,0
10131,7066,1996-02,5983,1,46707.4,0
10131,7066,1996-03,5983,1,32506.4,0
10131,7066,1996-04,5983,1,52848.1,0
10131,7066,1996-05,5983,1,27077.1,0
10131,7066,1996-06,5983,1,18785.8,0
10131,7066,1996-07,5983,1,8458.7,0
10131,7066,1996-08,5983,1,9760.8,0
10131,7066,1996-09,5983,1,3037.8,1
10131,7066,1996-10,5983,1,20825.6,0
10131,7066,1996-11,5983,1,35846.2,0
10131,7066,1996-12,5983,1,25269.0,0
10131,7066,1997-01,5983,1,1488.6,1
10131,7066,1997-02,5983,1,43261.4,0
10131,7066,1997-03,5983,1,75747.9,0
10131,7066,1997-04,5983,1,78270.3,0
10131,7066,1997-05,5983,1,35538.4,0
8321,6696,1994-06,1484,0,29430.5,0
8321,6696,1994-07,1484,0,30746.0,0
8321,6696,1994-08,1484,0,30003.4,0
8321,6696,1994-09,1484,0,26498.0,0
8321,6696,1994-10,1484,0,25298.3,0
8321,6696,1994-11,1484,0,28286.8,0
8321,6696,1994-12,1484,0,30587.7,0
8321,6696,1995-01,1484,0,17318.5,0
8321,6696,1995-02,1484,0,23278.3,0
8321,6696,1995-03,1484,0,30282.4,0
8321,6696,1995-04,1484,0,32022.1,0
8321,6696,1995-05,1484,0,31279.0,0
8321,6696,1995-06,1484,0,41136.2,0
8321,6696,1995-07,1484,0,38355.0,0
8321,6696,1995-08,1484,0,35759.4,0
8321,6696,1995-09,1484,0,34012.6,0
8321,6696,1995-10,1484,0,30747.0,0
8321,6696,1995-11,1484,0,33545.9,0
8321,6696,1995-12,1484,0,35296.6,0
8321,6696,1996-01,1484,0,29321.5,0
8321,6696,1996-02,1484,0,33318.2,0
8321,6696,1996-03,1484,0,33844.4,0
8321,6696,1996-04,1484,0,34446.3,0
8321,6696,1996-05,1484,0,35741.8,0
8321,6696,1996-06,1484,0,34374.4,0
8321,6696,1996-07,1484,0,36250.7,0
8321,6696,1996-08,1484,0,36911.8,0
8321,6696,1996-09,1484,0,39927.0,0
8321,6696,1996-10,1484,0,36666.0,0
8321,6696,1996-11,1484,0,39755.5,0
8321,6696,1996-12,1484,0,40598.3,0
8321,6696,1997-01,1484,0,26602.9,0
8321,6696,1997-02,1484,0,37236.2,0
8321,6696,1997-03,1484,0,42088.6,0
8321,6696,1997-04,1484,0,45162.6,0
8321,6696,1997-05,1484,0,49156.7,0
8321,6696,1997-06,1484,0,52621.4,0
8321,6696,1997-07,1484,0,53025.0,0
8321,6696,1997-08,1484,0,51964.7,0
8321,6696,1997-09,1484,0,57072.3,0
8321,6696,1997-10,1484,0,55419.8,0
8321,6696,1997-11,1484,0,58088.6,0
8321,6696,1997-12,1484,0,55557.1,0
8321,6696,1998-01,1484,0,34192.2,0
8321,6696,1998-02,1484,0,47501.1,0
8321,6696,1998-03,1484,0,54875.9,0
8321,6696,1998-04,1484,0,57426.4,0
8321,6696,1998-05,1484,0,59362.1,0
8321,6696,1998-06,1484,0,33992.2,0
8321,6696,1998-07,1484,0,42197.2,0
8321,6696,1998-08,1484,0,50386.9,0
8321,6696,1998-09,1484,0,53768.6,0
8321,6696,1998-10,1484,0,60595.4,0
8321,6696,1998-11,1484,0,65359.6,0
8321,6696,1998-12,1484,0,64922.2,0
8321,6696,1999-01,1484,0,64922.2,0
8321,6696,1999-02,1484,0,64922.2,0
8321,6696,1999-03,1484,0,64922.2,0
8321,6696,1999-04,1484,0,64922.2,0
8321,6696,1999-05,1484,0,64922.2,0
5256,6072,1994-06,5388,0,40531.3,0
5256,6072,1994-07,5388,0,72227.9,0
5256,6072,1994-08,5388,0,76935.9,0
5256,6072,1994-09,5388,0,67091.3,0
5256,6072,1994-10,5388,0,45973.6,0
5256,6072,1994-11,5388,0,67802.0,0
5256,6072,1994-12,5388,0,78755.2,0
5256,6072,1995-01,5388,0,34285.3,0
5256,6072,1995-02,5388,0,32649.1,0
5256,6072,1995-03,5388,0,28970.9,0
5256,6072,1995-04,5388,0,30499.9,0
5256,6072,1995-05,5388,0,28420.0,0
5256,6072,1995-06,5388,0,25433.4,0
5256,6072,1995-07,5388,0,44496.0,0
5256,6072,1995-08,5388,0,26281.7,0
5256,6072,1995-09,5388,0,39975.0,0
5256,6072,1995-10,5388,0,102288.2,0
5256,6072,1995-11,5388,0,72948.6,0
5256,6072,1995-12,5388,0,61343.1,0
5256,6072,1996-01,5388,0,28184.2,0
5256,6072,1996-02,5388,0,33332.2,0
5256,6072,1996-03,5388,0,29471.4,0
5256,6072,1996-04,5388,0,55368.7,0
5256,6072,1996-05,5388,0,37600.0,0
5256,6072,1996-06,5388,0,40441.9,0
5256,6072,1996-07,5388,0,27949.9,0
5256,6072,1996-08,5388,0,26248.7,0
5256,6072,1996-09,5388,0,51380.9,0
5256,6072,1996-10,5388,0,35738.7,0
5256,6072,1996-11,5388,0,32508.3,0
5256,6072,1996-12,5388,0,30032.6,0
5256,6072,1997-01,5388,0,25931.1,0
5256,6072,1997-02,5388,0,21160.6,0
5256,6072,1997-03,5388,0,88766.5,0
5256,6072,1997-04,5388,0,52723.8,0
5256,6072,1997-05,5388,0,73550.3,0
813,5130,1994-06,2026,0,43959.1,0
813,5130,1994-07,2026,0,26902.8,0
813,5130,1994-08,2026,0,35051.1,0
813,5130,1994-09,2026,0,41628.5,0
813,5130,1994-10,2026,0,35883.9,0
813,5130,1994-11,2026,0,43367.2,0
813,5130,1994-12,2026,0,41541.8,0
813,5130,1995-01,2026,0,34534.0,0
813,5130,1995-02,2026,0,41201.6,0
813,5130,1995-03,2026,0,20699.9,0
813,5130,1995-04,2026,0,24321.1,0
813,5130,1995-05,2026,0,39808.3,0
2933,5568,1994-06,4542,0,25383.4,0
2933,5568,1994-07,4542,0,26325.3,0
2933,5568,1994-08,4542,0,24877.6,0
2933,5568,1994-09,4542,0,48708.1,0
2933,5568,1994-10,4542,0,28629.0,0
2933,5568,1994-11,4542,0,61368.0,0
2933,5568,1994-12,4542,0,44011.0,0
2933,5568,1995-01,4542,0,21961.6,0
2933,5568,1995-02,4542,0,19080.9,0
2933,5568,1995-03,4542,0,29782.2,0
2933,5568,1995-04,4542,0,22820.6,0
2933,5568,1995-05,4542,0,45363.0,0
2933,5568,1995-06,4542,0,32446.5,0
2933,5568,1995-07,4542,0,25495.0,0
2933,5568,1995-08,4542,0,20123.4,0
2933,5568,1995-09,4542,0,28216.0,0
2933,5568,1995-10,4542,0,23353.1,0
2933,5568,1995-11,4542,0,19473.4,0
2933,5568,1995-12,4542,0,18888.2,0
2933,5568,1996-01,4542,0,15390.6,0
2933,5568,1996-02,4542,0,17497.3,0
2933,5568,1996-03,4542,0,66822.0,0
2933,5568,1996-04,4542,0,104459.8,0
2933,5568,1996-05,4542,0,110840.7,0
2933,5568,1996-06,4542,0,41050.1,0
2933,5568,1996-07,4542,0,30218.6,0
2933,5568,1996-08,4542,0,21148.7,0
2933,5568,1996-09,4542,0,110815.1,0
2933,5568,1996-10,4542,0,56555.4,0
2933,5568,1996-11,4542,0,51403.3,0
2933,5568,1996-12,4542,0,68462.2,0
2933,5568,1997-01,4542,0,30284.4,0
2933,5568,1997-02,4542,0,57331.7,0
2933,5568,1997-03,4542,0,32522.5,0
2933,5568,1997-04,4542,0,71424.9,0
2933,5568,1997-05,4542,0,66757.9,0
2933,5568,1997-06,4542,0,77659.6,0
2933,5568,1997-07,4542,0,35897.8,0
2933,5568,1997-08,4542,0,22945.8,0
2933,5568,1997-09,4542,0,24728.2,0
2933,5568,1997-10,4542,0,51183.4,0
2933,5568,1997-11,4542,0,27397.3,0
2933,5568,1997-12,4542,0,25538.2,0
2933,5568,1998-01,4542,0,36009.5,0
2933,5568,1998-02,4542,0,47870.8,0
2933,5568,1998-03,4542,0,61392.7,0
2933,5568,1998-04,4542,0,42704.3,0
2933,5568,1998-05,4542,0,34078.6,0
2933,5568,1998-06,4542,0,44541.5,0
2933,5568,1998-07,4542,0,47466.9,0
2933,5568,1998-08,4542,0,40869.6,0
2933,5568,1998-09,4542,0,105922.4,0
2933,5568,1998-10,4542,0,87361.6,0
2933,5568,1998-11,4542,0,42878.0,0
2933,5568,1998-12,4542,0,31046.4,0
2933,5568,1999-01,4542,0,31046.4,0
2933,5568,1999-02,4542,0,31046.4,0
2933,5568,1999-03,4542,0,31046.4,0
2933,5568,1999-04,4542,0,31046.4,0
2933,5568,1999-05,4542,0,31046.4,0
8173,6678,1994-06,6695,0,61020.4,0
8173,6678,1994-07,6695,0,49745.5,0
8173,6678,1994-08,6695,0,49857.6,0
8173,6678,1994-09,6695,0,48457.2,0
8173,6678,1994-10,6695,0,43959.9,0
8173,6678,1994-11,6695,0,36738.8,0
8173,6678,1994-12,6695,0,51560.0,0
8173,6678,1995-01,6695,0,24421.1,0
8173,6678,1995-02,6695,0,26585.0,0
8173,6678,1995-03,6695,0,27083.8,0
8173,6678,1995-04,6695,0,38796.1,0
8173,6678,1995-05,6695,0,35981.0,0
9833,6998,1994-06,8136,0,45283.5,0
9833,6998,1994-07,8136,0,27540.2,0
9833,6998,1994-08,8136,0,43232.2,0
9833,6998,1994-09,8136,0,28552.9,0
9833,6998,1994-10,8136,0,38393.9,0
9833,6998,1994-11,8136,0,46611.6,0
9833,6998,1994-12,8136,0,49517.7,0
9833,6998,1995-01,8136,0,33319.0,0
9833,6998,1995-02,8136,0,37175.2,0
9833,6998,1995-03,8136,0,23673.3,0
9833,6998,1995-04,8136,0,41648.3,0
9833,6998,1995-05,8136,0,31310.9,0
7769,6580,1994-06,4085,0,96203.4,0
7769,6580,1994-07,4085,0,58930.7,0
7769,6580,1994-08,4085,0,64160.7,0
7769,6580,1994-09,4085,0,62068.1,0
7769,6580,1994-10,4085,0,67756.1,0
7769,6580,1994-11,4085,0,42008.3,0
7769,6580,1994-12,4085,0,68570.1,0
7769,6580,1995-01,4085,0,25364.4,0
7769,6580,1995-02,4085,0,21667.5,0
7769,6580,1995-03,4085,0,18355.1,0
7769,6580,1995-04,4085,0,45280.5,0
7769,6580,1995-05,4085,0,29555.8,0
7769,6580,1995-06,4085,0,23273.1,0
7769,6580,1995-07,4085,0,16763.2,0
7769,6580,1995-08,4085,0,39440.3,0
7769,6580,1995-09,4085,0,34645.0,0
7769,6580,1995-10,4085,0,22040.2,0
7769,6580,1995-11,4085,0,18827.0,0
7769,6580,1995-12,4085,0,36048.2,0
7769,6580,1996-01,4085,0,47332.9,0
7769,6580,1996-02,4085,0,51552.8,0
7769,6580,1996-03,4085,0,86624.4,0
7769,6580,1996-04,4085,0,67723.4,0
7769,6580,1996-05,4085,0,49707.5,0
7769,6580,1996-06,4085,0,78386.0,0
7769,6580,1996-07,4085,0,62891.2,0
7769,6580,1996-08,4085,0,89826.7,0
7769,6580,1996-09,4085,0,56621.2,0
7769,6580,1996-10,4085,0,98747.0,0
7769,6580,1996-11,4085,0,86444.3,0
7769,6580,1996-12,4085,0,90218.5,0
7769,6580,1997-01,4085,0,62674.7,0
7769,6580,1997-02,4085,0,27784.9,0
7769,6580,1997-03,4085,0,84483.5,0
7769,6580,1997-04,4085,0,76980.9,0
7769,6580,1997-05,4085,0,90303.9,0
7769,6580,1997-06,4085,0,61094.3,0
7769,6580,1997-07,4085,0,55156.4,0
7769,6580,1997-08,4085,0,75805.1,0
7769,6580,1997-09,4085,0,28926.9,0
7769,6580,1997-10,4085,0,26788.9,0
7769,6580,1997-11,4085,0,51962.5,0
7769,6580,1997-12,4085,0,52385.5,0
7769,6580,1998-01,4085,0,33234.4,0
7769,6580,1998-02,4085,0,65116.3,0
7769,6580,1998-03,4085,0,76335.9,0
7769,6580,1998-04,4085,0,109755.8,0
7769,6580,1998-05,4085,0,56255.8,0
6473,6316,1994-06,6409,1,55882.7,0
6473,6316,1994-07,6409,1,53441.0,0
6473,6316,1994-08,6409,1,9827.9,0
6473,6316,1994-09,6409,1,64854.8,0
6473,6316,1994-10,6409,1,40024.9,0
6473,6316,1994-11,6409,1,42581.8,0
6473,6316,1994-12,6409,1,11501.1,0
6473,6316,1995-01,6409,1,59017.7,0
6473,6316,1995-02,6409,1,77580.8,0
6473,6316,1995-03,6409,1,22584.2,0
6473,6316,1995-04,6409,1,61460.5,0
6473,6316,1995-05,6409,1,75178.7,0
7454,6512,1994-06,1319,0,26825.0,0
7454,6512,1994-07,1319,0,23283.6,0
7454,6512,1994-08,1319,0,22634.8,0
7454,6512,1994-09,1319,0,20378.7,0
7454,6512,1994-10,1319,0,20922.2,0
7454,6512,1994-11,1319,0,18056.8,0
7454,6512,1994-12,1319,0,15026.9,0
7454,6512,1995-01,1319,0,15230.2,0
7454,6512,1995-02,1319,0,14848.2,0
7454,6512,1995-03,1319,0,13462.8,0
7454,6512,1995-04,1319,0,13574.8,0
7454,6512,1995-05,1319,0,13787.6,0
7454,6512,1995-06,1319,0,12181.7,0
7454,6512,1995-07,1319,0,12488.8,0
7454,6512,1995-08,1319,0,12596.6,0
7454,6512,1995-09,1319,0,12708.0,0
7454,6512,1995-10,1319,0,12816.6,0
7454,6512,1995-11,1319,0,12926.7,0
7454,6512,1995-12,1319,0,15125.8,0
7454,6512,1996-01,1319,0,12534.9,0
7454,6512,1996-02,1319,0,15251.9,0
7454,6512,1996-03,1319,0,14868.8,0
7454,6512,1996-04,1319,0,14383.7,0
7454,6512,1996-05,1319,0,16305.8,0
7454,6512,1996-06,1319,0,14309.2,0
7454,6512,1996-07,1319,0,14425.1,0
7454,6512,1996-08,1319,0,14540.2,0
7454,6512,1996-09,1319,0,14655.8,0
7454,6512,1996-10,1319,0,12672.3,0
7454,6512,1996-11,1319,0,12783.3,0
7454,6512,1996-12,1319,0,13861.1,0
7454,6512,1997-01,1319,0,13132.0,0
7454,6512,1997-02,1319,0,13241.4,0
7454,6512,1997-03,1319,0,14452.6,0
7454,6512,1997-04,1319,0,12967.7,0
7454,6512,1997-05,1319,0,13077.3,0
7454,6512,1997-06,1319,0,15277.0,0
7454,6512,1997-07,1319,0,14595.3,0
7454,6512,1997-08,1319,0,14713.7,0
7454,6512,1997-09,1319,0,15031.7,0
7454,6512,1997-10,1319,0,14547.8,0
7454,6512,1997-11,1319,0,13861.6,0
7454,6512,1997-12,1319,0,15863.5,0
7454,6512,1998-01,1319,0,15022.1,0
7454,6512,1998-02,1319,0,15141.7,0
7454,6512,1998-03,1319,0,15259.6,0
7454,6512,1998-04,1319,0,15376.8,0
7454,6512,1998-05,1319,0,15495.5,0
6930,6407,1994-06,1081,0,58530.7,0
6930,6407,1994-07,1081,0,63286.7,0
6930,6407,1994-08,1081,0,66856.5,0
6930,6407,1994-09,1081,0,64448.4,0
6930,6407,1994-10,1081,0,68326.4,0
6930,6407,1994-11,1081,0,68607.7,0
6930,6407,1994-12,1081,0,69947.6,0
6930,6407,1995-01,1081,0,63236.8,0
6930,6407,1995-02,1081,0,65269.4,0
6930,6407,1995-03,1081,0,63398.8,0
6930,6407,1995-04,1081,0,66770.5,0
6930,6407,1995-05,1081,0,68712.3,0
6930,6407,1995-06,1081,0,52333.5,0
6930,6407,1995-07,1081,0,43771.9,0
6930,6407,1995-08,1081,0,42502.5,0
6930,6407,1995-09,1081,0,39425.4,0
6930,6407,1995-10,1081,0,39635.1,0
6930,6407,1995-11,1081,0,39178.9,0
6930,6407,1995-12,1081,0,40776.7,0
6930,6407,1996-01,1081,0,32731.1,0
6930,6407,1996-02,1081,0,31056.0,0
6930,6407,1996-03,1081,0,34328.5,0
6930,6407,1996-04,1081,0,37012.3,0
6930,6407,1996-05,1081,0,38604.9,0
173,5002,1994-06,8734,0,29309.1,0
173,5002,1994-07,8734,0,25985.6,0
173,5002,1994-08,8734,0,25252.2,0
173,5002,1994-09,8734,0,23913.8,0
173,5002,1994-10,8734,0,26576.2,0
173,5002,1994-11,8734,0,25343.2,0
173,5002,1994-12,8734,0,27499.9,0
173,5002,1995-01,8734,0,17545.4,0
173,5002,1995-02,8734,0,21241.2,0
173,5002,1995-03,8734,0,25695.3,0
173,5002,1995-04,8734,0,24758.8,0
173,5002,1995-05,8734,0,18719.9,0
8051,6647,1994-06,4340,0,39063.5,0
8051,6647,1994-07,4340,0,54955.4,0
8051,6647,1994-08,4340,0,34710.5,0
8051,6647,1994-09,4340,0,52663.8,0
8051,6647,1994-10,4340,0,44852.2,0
8051,6647,1994-11,4340,0,25383.9,0
8051,6647,1994-12,4340,0,30771.8,0
8051,6647,1995-01,4340,0,24534.7,0
8051,6647,1995-02,4340,0,32248.9,0
8051,6647,1995-03,4340,0,27512.4,0
8051,6647,1995-04,4340,0,37948.4,0
8051,6647,1995-05,4340,0,25609.8,0
8051,6647,1995-06,4340,0,30357.1,0
8051,6647,1995-07,4340,0,38201.0,0
8051,6647,1995-08,4340,0,34548.6,0
8051,6647,1995-09,4340,0,43007.0,0
8051,6647,1995-10,4340,0,33591.8,0
8051,6647,1995-11,4340,0,32022.7,0
8051,6647,1995-12,4340,0,42738.3,0
8051,6647,1996-01,4340,0,25914.7,0
8051,6647,1996-02,4340,0,38234.7,0
8051,6647,1996-03,4340,0,39321.0,0
8051,6647,1996-04,4340,0,43788.0,0
8051,6647,1996-05,4340,0,28962.9,0
8051,6647,1996-06,4340,0,43734.6,0
8051,6647,1996-07,4340,0,39175.5,0
8051,6647,1996-08,4340,0,30412.5,0
8051,6647,1996-09,4340,0,24625.7,0
8051,6647,1996-10,4340,0,23240.7,0
8051,6647,1996-11,4340,0,33640.8,0
8051,6647,1996-12,4340,0,30791.4,0
8051,6647,1997-01,4340,0,21182.9,0
8051,6647,1997-02,4340,0,25971.3,0
8051,6647,1997-03,4340,0,33176.5,0
8051,6647,1997-04,4340,0,38405.7,0
8051,6647,1997-05,4340,0,26045.2,0
8051,6647,1997-06,4340,0,27862.7,0
8051,6647,1997-07,4340,0,32168.3,0
8051,6647,1997-08,4340,0,40495.1,0
8051,6647,1997-09,4340,0,36022.9,0
8051,6647,1997-10,4340,0,34139.0,0
8051,6647,1997-11,4340,0,29949.0,0
8051,6647,1997-12,4340,0,38384.4,0
8051,6647,1998-01,4340,0,21865.7,0
8051,6647,1998-02,4340,0,24227.9,0
8051,6647,1998-03,4340,0,27905.2,0
8051,6647,1998-04,4340,0,27584.4,0
8051,6647,1998-05,4340,0,28064.3,0
8051,6647,1998-06,4340,0,31218.2,0
10439,7137,1994-07,6315,0,41239.0,0
10439,7137,1994-08,6315,0,47380.5,0
10439,7137,1994-09,6315,0,46625.2,0
10439,7137,1994-10,6315,0,46544.9,0
10439,7137,1994-11,6315,0,23757.6,0
10439,7137,1994-12,6315,0,45019.9,0
10439,7137,1995-01,6315,0,28512.3,0
10439,7137,1995-02,6315,0,37398.3,0
10439,7137,1995-03,6315,0,27920.1,0
10439,7137,1995-04,6315,0,27766.0,0
10439,7137,1995-05,6315,0,25532.1,0
10439,7137,1995-06,6315,0,47698.4,0
10439,7137,1995-07,6315,0,44774.1,0
10439,7137,1995-08,6315,0,47613.8,0
10439,7137,1995-09,6315,0,49272.9,0
10439,7137,1995-10,6315,0,47718.3,0
10439,7137,1995-11,6315,0,37541.4,0
10439,7137,1995-12,6315,0,19426.1,0
10439,7137,1996-01,6315,0,22363.7,0
10439,7137,1996-02,6315,0,27405.0,0
10439,7137,1996-03,6315,0,37984.3,0
10439,7137,1996-04,6315,0,44493.5,0
10439,7137,1996-05,6315,0,41307.7,0
10439,7137,1996-06,6315,0,32716.6,0
9337,6903,1994-07,2172,0,27144.3,0
9337,6903,1994-08,2172,0,23597.5,0
9337,6903,1994-09,2172,0,22859.5,0
9337,6903,1994-10,2172,0,23828.5,0
9337,6903,1994-11,2172,0,13306.4,0
9337,6903,1994-12,2172,0,5846.8,0
9337,6903,1995-01,2172,0,1583.4,1
9337,6903,1995-02,2172,0,13241.3,0
9337,6903,1995-03,2172,0,15264.4,0
9337,6903,1995-04,2172,0,17695.9,0
9337,6903,1995-05,2172,0,39156.1,0
9337,6903,1995-06,2172,0,91179.6,0
9337,6903,1995-07,2172,0,37001.8,0
9337,6903,1995-08,2172,0,70859.2,0
9337,6903,1995-09,2172,0,37974.9,0
9337,6903,1995-10,2172,0,60175.7,0
9337,6903,1995-11,2172,0,52491.5,0
9337,6903,1995-12,2172,0,31063.5,0
9337,6903,1996-01,2172,0,22106.7,0
9337,6903,1996-02,2172,0,10146.5,0
9337,6903,1996-03,2172,0,24270.6,0
9337,6903,1996-04,2172,0,31643.6,0
9337,6903,1996-05,2172,0,34250.2,0
9337,6903,1996-06,2172,0,27214.8,0
4576,5918,1994-07,8339,0,35750.2,0
4576,5918,1994-08,8339,0,36200.2,0
4576,5918,1994-09,8339,0,36519.1,0
4576,5918,1994-10,8339,0,34834.7,0
4576,5918,1994-11,8339,0,36550.0,0
4576,5918,1994-12,8339,0,41258.5,0
4576,5918,1995-01,8339,0,27832.4,0
4576,5918,1995-02,8339,0,30335.3,0
4576,5918,1995-03,8339,0,34007.1,0
4576,5918,1995-04,8339,0,33010.1,0
4576,5918,1995-05,8339,0,33236.4,0
4576,5918,1995-06,8339,0,28959.9,0
4576,5918,1995-07,8339,0,29646.8,0
4576,5918,1995-08,8339,0,28734.1,0
4576,5918,1995-09,8339,0,27150.5,0
4576,5918,1995-10,8339,0,29130.9,0
4576,5918,1995-11,8339,0,22871.2,0
4576,5918,1995-12,8339,0,25381.2,0
4576,5918,1996-01,8339,0,20218.1,0
4576,5918,1996-02,8339,0,20465.6,0
4576,5918,1996-03,8339,0,21515.6,0
4576,5918,1996-04,8339,0,25572.0,0
4576,5918,1996-05,8339,0,25459.2,0
4576,5918,1996-06,8339,0,26609.7,0
4576,5918,1996-07,8339,0,27080.5,0
4576,5918,1996-08,8339,0,25850.6,0
4576,5918,1996-09,8339,0,30728.0,0
4576,5918,1996-10,8339,0,31540.1,0
4576,5918,1996-11,8339,0,37640.1,0
4576,5918,1996-12,8339,0,29635.0,0
4576,5918,1997-01,8339,0,31506.2,0
4576,5918,1997-02,8339,0,36503.6,0
4576,5918,1997-03,8339,0,42024.7,0
4576,5918,1997-04,8339,0,33937.2,0
4576,5918,1997-05,8339,0,39446.1,0
4576,5918,1997-06,8339,0,35859.9,0
8027,6642,1994-07,6470,0,78426.0,0
8027,6642,1994-08,6470,0,86599.3,0
8027,6642,1994-09,6470,0,65530.1,0
8027,6642,1994-10,6470,0,50948.1,0
8027,6642,1994-11,6470,0,50455.8,0
8027,6642,1994-12,6470,0,64810.1,0
8027,6642,1995-01,6470,0,50836.7,0
8027,6642,1995-02,6470,0,57939.8,0
8027,6642,1995-03,6470,0,52327.9,0
8027,6642,1995-04,6470,0,52122.7,0
8027,6642,1995-05,6470,0,55720.1,0
8027,6642,1995-06,6470,0,31072.0,0
5927,6210,1994-07,1817,1,26543.5,0
5927,6210,1994-08,1817,1,27544.4,0
5927,6210,1994-09,1817,1,28952.7,0
5927,6210,1994-10,1817,1,17641.2,0
5927,6210,1994-11,1817,1,24300.3,0
5927,6210,1994-12,1817,1,18723.9,0
5927,6210,1995-01,1817,1,3428.1,0
5927,6210,1995-02,1817,1,11376.5,0
5927,6210,1995-03,1817,1,17180.9,0
5927,6210,1995-04,1817,1,22042.7,0
5927,6210,1995-05,1817,1,21089.5,0
5927,6210,1995-06,1817,1,28120.8,0
5927,6210,1995-07,1817,1,26926.9,0
5927,6210,1995-08,1817,1,16773.8,0
5927,6210,1995-09,1817,1,23424.8,0
5927,6210,1995-10,1817,1,-1933.4,1
5927,6210,1995-11,1817,1,12669.1,0
5927,6210,1995-12,1817,1,23130.1,0
5927,6210,1996-01,1817,1,8569.1,0
5927,6210,1996-02,1817,1,12634.7,0
5927,6210,1996-03,1817,1,21884.6,0
5927,6210,1996-04,1817,1,19609.6,0
5927,6210,1996-05,1817,1,15833.0,0
5927,6210,1996-06,1817,1,16956.5,0
5927,6210,1996-07,1817,1,14788.3,0
5927,6210,1996-08,1817,1,8058.8,0
5927,6210,1996-09,1817,1,357.0,1
5927,6210,1996-10,1817,1,10100.2,0
5927,6210,1996-11,1817,1,24728.9,0
5927,6210,1996-12,1817,1,20964.2,0
5927,6210,1997-01,1817,1,-2658.2,1
5927,6210,1997-02,1817,1,11117.5,0
5927,6210,1997-03,1817,1,20370.4,0
5927,6210,1997-04,1817,1,19750.0,0
5927,6210,1997-05,1817,1,6825.1,0
5927,6210,1997-06,1817,1,23373.9,0
5927,6210,1997-07,1817,1,18284.1,0
5927,6210,1997-08,1817,1,18546.1,0
5927,6210,1997-09,1817,1,21488.7,0
5927,6210,1997-10,1817,1,19808.3,0
5927,6210,1997-11,1817,1,23906.8,0
5927,6210,1997-12,1817,1,-2538.2,1
5927,6210,1998-01,1817,1,-943.3,1
5927,6210,1998-02,1817,1,7856.2,0
5927,6210,1998-03,1817,1,13864.2,0
5927,6210,1998-04,1817,1,18946.4,0
5927,6210,1998-05,1817,1,22348.5,0
5927,6210,1998-06,1817,1,15076.6,0
6273,6279,1994-07,3640,0,57591.9,0
6273,6279,1994-08,3640,0,36031.0,0
6273,6279,1994-09,3640,0,25565.6,0
6273,6279,1994-10,3640,0,31592.3,0
6273,6279,1994-11,3640,0,63628.7,0
6273,6279,1994-12,3640,0,41387.9,0
6273,6279,1995-01,3640,0,62859.0,0
6273,6279,1995-02,3640,0,39044.9,0
6273,6279,1995-03,3640,0,61589.1,0
6273,6279,1995-04,3640,0,45648.7,0
6273,6279,1995-05,3640,0,28064.0,0
6273,6279,1995-06,3640,0,21160.6,0
6273,6279,1995-07,3640,0,25806.5,0
6273,6279,1995-08,3640,0,39909.9,0
6273,6279,1995-09,3640,0,22022.5,0
6273,6279,1995-10,3640,0,22462.1,0
6273,6279,1995-11,3640,0,35455.2,0
6273,6279,1995-12,3640,0,66908.8,0
6273,6279,1996-01,3640,0,50167.7,0
6273,6279,1996-02,3640,0,39157.2,0
6273,6279,1996-03,3640,0,62105.6,0
6273,6279,1996-04,3640,0,17489.6,0
6273,6279,1996-05,3640,0,62588.9,0
6273,6279,1996-06,3640,0,25507.3,0
11065,7249,1994-07,1445,0,29904.3,0
11065,7249,1994-08,1445,0,30030.4,0
11065,7249,1994-09,1445,0,36268.5,0
11065,7249,1994-10,1445,0,36214.2,0
11065,7249,1994-11,1445,0,38968.4,0
11065,7249,1994-12,1445,0,41565.0,0
11065,7249,1995-01,1445,0,31817.0,0
11065,7249,1995-02,1445,0,35759.2,0
11065,7249,1995-03,1445,0,36304.5,0
11065,7249,1995-04,1445,0,34849.9,0
11065,7249,1995-05,1445,0,35597.5,0
11065,7249,1995-06,1445,0,37072.5,0
11065,7249,1995-07,1445,0,34111.8,0
11065,7249,1995-08,1445,0,36657.6,0
11065,7249,1995-09,1445,0,41321.3,0
11065,7249,1995-10,1445,0,43194.6,0
11065,7249,1995-11,1445,0,45878.4,0
11065,7249,1995-12,1445,0,54619.3,0
11065,7249,1996-01,1445,0,30289.8,0
11065,7249,1996-02,1445,0,36032.2,0
11065,7249,1996-03,1445,0,40492.1,0
11065,7249,1996-04,1445,0,44569.1,0
11065,7249,1996-05,1445,0,42039.9,0
11065,7249,1996-06,1445,0,43948.3,0
11065,7249,1996-07,1445,0,40110.7,0
11065,7249,1996-08,1445,0,29359.6,0
11065,7249,1996-09,1445,0,26196.8,0
11065,7249,1996-10,1445,0,30524.2,0
11065,7249,1996-11,1445,0,31167.5,0
11065,7249,1996-12,1445,0,31660.2,0
11065,7249,1997-01,1445,0,17581.4,0
11065,7249,1997-02,1445,0,21370.4,0
11065,7249,1997-03,1445,0,22274.5,0
11065,7249,1997-04,1445,0,21975.0,0
11065,7249,1997-05,1445,0,21270.1,0
11065,7249,1997-06,1445,0,21293.7,0
11065,7249,1997-07,1445,0,22494.7,0
11065,7249,1997-08,1445,0,19593.8,0
11065,7249,1997-09,1445,0,17080.9,0
11065,7249,1997-10,1445,0,26870.9,0
11065,7249,1997-11,1445,0,21183.6,0
11065,7249,1997-12,1445,0,20613.3,0
11065,7249,1998-01,1445,0,19606.6,0
11065,7249,1998-02,1445,0,26301.0,0
11065,7249,1998-03,1445,0,18507.1,0
11065,7249,1998-04,1445,0,29002.2,0
11065,7249,1998-05,1445,0,20916.5,0
11065,7249,1998-06,1445,0,19739.6,0
8558,6736,1994-07,4806,0,54985.1,0
8558,6736,1994-08,4806,0,20248.2,0
8558,6736,1994-09,4806,0,20571.1,0
8558,6736,1994-10,4806,0,28452.8,0
8558,6736,1994-11,4806,0,38682.6,0
8558,6736,1994-12,4806,0,36488.7,0
8558,6736,1995-01,4806,0,27823.1,0
8558,6736,1995-02,4806,0,27000.5,0
8558,6736,1995-03,4806,0,29245.4,0
8558,6736,1995-04,4806,0,42235.6,0
8558,6736,1995-05,4806,0,30379.2,0
8558,6736,1995-06,4806,0,22181.5,0
8558,6736,1995-07,4806,0,16908.0,0
8558,6736,1995-08,4806,0,27163.6,0
8558,6736,1995-09,4806,0,20955.2,0
8558,6736,1995-10,4806,0,21210.6,0
8558,6736,1995-11,4806,0,20666.0,0
8558,6736,1995-12,4806,0,18234.7,0
8558,6736,1996-01,4806,0,18069.9,0
8558,6736,1996-02,4806,0,41332.5,0
8558,6736,1996-03,4806,0,32569.3,0
8558,6736,1996-04,4806,0,26177.9,0
8558,6736,1996-05,4806,0,22673.1,0
8558,6736,1996-06,4806,0,26058.9,0
8558,6736,1996-07,4806,0,24737.0,0
8558,6736,1996-08,4806,0,45367.4,0
8558,6736,1996-09,4806,0,34319.1,0
8558,6736,1996-10,4806,0,27183.1,0
8558,6736,1996-11,4806,0,23528.8,0
8558,6736,1996-12,4806,0,22800.0,0
8558,6736,1997-01,4806,0,27180.8,0
8558,6736,1997-02,4806,0,21806.3,0
8558,6736,1997-03,4806,0,35460.6,0
8558,6736,1997-04,4806,0,27214.5,0
8558,6736,1997-05,4806,0,34135.2,0
8558,6736,1997-06,4806,0,64721.0,0
8558,6736,1997-07,4806,0,56500.7,0
8558,6736,1997-08,4806,0,33308.3,0
8558,6736,1997-09,4806,0,44434.0,0
8558,6736,1997-10,4806,0,87100.2,0
8558,6736,1997-11,4806,0,67263.2,0
8558,6736,1997-12,4806,0,41043.4,0
8558,6736,1998-01,4806,0,67100.4,0
8558,6736,1998-02,4806,0,49547.4,0
8558,6736,1998-03,4806,0,50017.6,0
8558,6736,1998-04,4806,0,41606.9,0
8558,6736,1998-05,4806,0,37705.2,0
8558,6736,1998-06,4806,0,30955.5,0
8558,6736,1998-07,4806,0,33891.1,0
8558,6736,1998-08,4806,0,29395.3,0
8558,6736,1998-09,4806,0,26429.4,0
8558,6736,1998-10,4806,0,51086.0,0
8558,6736,1998-11,4806,0,36855.6,0
8558,6736,1998-12,4806,0,27854.3,0
8558,6736,1999-01,4806,0,27854.3,0
8558,6736,1999-02,4806,0,27854.3,0
8558,6736,1999-03,4806,0,27854.3,0
8558,6736,1999-04,4806,0,27854.3,0
8558,6736,1999-05,4806,0,27854.3,0
8558,6736,1999-06,4806,0,27854.3,0
5442,6112,1994-07,7281,1,13656.8,0
5442,6112,1994-08,7281,1,23155.7,0
5442,6112,1994-09,7281,1,11522.6,0
5442,6112,1994-10,7281,1,9752.0,0
5442,6112,1994-11,7281,1,7054.2,1
5442,6112,1994-12,7281,1,5482.1,1
5442,6112,1995-01,7281,1,-5780.1,1
5442,6112,1995-02,7281,1,7021.2,1
5442,6112,1995-03,7281,1,21067.5,0
5442,6112,1995-04,7281,1,21211.4,0
5442,6112,1995-05,7281,1,11223.4,0
5442,6112,1995-06,7281,1,25.8,1
5442,6112,1995-07,7281,1,-3107.4,1
5442,6112,1995-08,7281,1,54422.9,0
5442,6112,1995-09,7281,1,49292.6,0
5442,6112,1995-10,7281,1,13394.7,0
5442,6112,1995-11,7281,1,-619.8,1
5442,6112,1995-12,7281,1,-3729.0,1
5442,6112,1996-01,7281,1,73983.4,0
5442,6112,1996-02,7281,1,42079.5,0
5442,6112,1996-03,7281,1,19725.8,0
5442,6112,1996-04,7281,1,29560.4,0
5442,6112,1996-05,7281,1,42087.8,0
5442,6112,1996-06,7281,1,24345.0,0
1811,5319,1994-07,3991,0,32500.7,0
1811,5319,1994-08,3991,0,34629.9,0
1811,5319,1994-09,3991,0,38169.5,0
1811,5319,1994-10,3991,0,35712.0,0
1811,5319,1994-11,3991,0,34812.5,0
1811,5319,1994-12,3991,0,38826.1,0
1811,5319,1995-01,3991,0,25214.2,0
1811,5319,1995-02,3991,0,32023.5,0
1811,5319,1995-03,3991,0,21627.6,0
1811,5319,1995-04,3991,0,30022.1,0
1811,5319,1995-05,3991,0,31536.4,0
1811,5319,1995-06,3991,0,22462.3,0
1811,5319,1995-07,3991,0,26561.6,0
1811,5319,1995-08,3991,0,29480.5,0
1811,5319,1995-09,3991,0,40714.0,0
1811,5319,1995-10,3991,0,23250.1,0
1811,5319,1995-11,3991,0,31950.9,0
1811,5319,1995-12,3991,0,45481.5,0
1811,5319,1996-01,3991,0,42542.3,0
1811,5319,1996-02,3991,0,37463.7,0
1811,5319,1996-03,3991,0,39705.7,0
1811,5319,1996-04,3991,0,41354.9,0
1811,5319,1996-05,3991,0,33754.8,0
1811,5319,1996-06,3991,0,51892.8,0
1811,5319,1996-07,3991,0,31649.2,0
1811,5319,1996-08,3991,0,41688.5,0
1811,5319,1996-09,3991,0,34816.5,0
1811,5319,1996-10,3991,0,36450.4,0
1811,5319,1996-11,3991,0,38497.2,0
1811,5319,1996-12,3991,0,25639.0,0
1811,5319,1997-01,3991,0,38460.7,0
1811,5319,1997-02,3991,0,38165.8,0
1811,5319,1997-03,3991,0,35696.8,0
1811,5319,1997-04,3991,0,44548.2,0
1811,5319,1997-05,3991,0,27662.8,0
1811,5319,1997-06,3991,0,39413.2,0
1811,5319,1997-07,3991,0,51088.4,0
1811,5319,1997-08,3991,0,45690.4,0
1811,5319,1997-09,3991,0,55485.3,0
1811,5319,1997-10,3991,0,40997.5,0
1811,5319,1997-11,3991,0,35416.3,0
1811,5319,1997-12,3991,0,37586.8,0
1811,5319,1998-01,3991,0,48547.8,0
1811,5319,1998-02,3991,0,57751.5,0
1811,5319,1998-03,3991,0,49537.0,0
1811,5319,1998-04,3991,0,53551.0,0
1811,5319,1998-05,3991,0,59475.9,0
1811,5319,1998-06,3991,0,66318.8,0
1811,5319,1998-07,3991,0,62991.2,0
1811,5319,1998-08,3991,0,60448.4,0
1811,5319,1998-09,3991,0,44271.6,0
1811,5319,1998-10,3991,0,46753.0,0
1811,5319,1998-11,3991,0,51631.7,0
1811,5319,1998-12,3991,0,59939.3,0
1811,5319,1999-01,3991,0,59939.3,0
1811,5319,1999-02,3991,0,59939.3,0
1811,5319,1999-03,3991,0,59939.3,0
1811,5319,1999-04,3991,0,59939.3,0
1811,5319,1999-05,3991,0,59939.3,0
1811,5319,1999-06,3991,0,59939.3,0
7844,6596,1994-07,3816,0,28028.9,0
7844,6596,1994-08,3816,0,41509.6,0
7844,6596,1994-09,3816,0,48836.6,0
7844,6596,1994-10,3816,0,46582.4,0
7844,6596,1994-11,3816,0,52125.1,0
7844,6596,1994-12,3816,0,45454.3,0
7844,6596,1995-01,3816,0,25200.3,0
7844,6596,1995-02,3816,0,38560.1,0
7844,6596,1995-03,3816,0,32183.2,0
7844,6596,1995-04,3816,0,25118.5,0
7844,6596,1995-05,3816,0,35985.5,0
7844,6596,1995-06,3816,0,46263.3,0
7844,6596,1995-07,3816,0,49172.8,0
7844,6596,1995-08,3816,0,48703.3,0
7844,6596,1995-09,3816,0,47733.3,0
7844,6596,1995-10,3816,0,42423.4,0
7844,6596,1995-11,3816,0,27106.8,0
7844,6596,1995-12,3816,0,42759.4,0
7844,6596,1996-01,3816,0,25346.2,0
7844,6596,1996-02,3816,0,39898.0,0
7844,6596,1996-03,3816,0,38547.4,0
7844,6596,1996-04,3816,0,43632.3,0
7844,6596,1996-05,3816,0,51043.9,0
7844,6596,1996-06,3816,0,32920.9,0
4260,5837,1994-07,4076,0,24285.0,0
4260,5837,1994-08,4076,0,28556.5,0
4260,5837,1994-09,4076,0,24422.7,0
4260,5837,1994-10,4076,0,15958.2,0
4260,5837,1994-11,4076,0,13579.3,0
4260,5837,1994-12,4076,0,18239.9,0
4260,5837,1995-01,4076,0,8347.8,0
4260,5837,1995-02,4076,0,12765.0,0
4260,5837,1995-03,4076,0,10673.4,0
4260,5837,1995-04,4076,0,12889.6,0
4260,5837,1995-05,4076,0,12506.1,0
4260,5837,1995-06,4076,0,18982.0,0
4260,5837,1995-07,4076,0,5235.2,0
4260,5837,1995-08,4076,0,13639.4,0
4260,5837,1995-09,4076,0,19583.3,0
4260,5837,1995-10,4076,0,24748.8,0
4260,5837,1995-11,4076,0,9701.2,0
4260,5837,1995-12,4076,0,30387.1,0
4260,5837,1996-01,4076,0,22957.5,0
4260,5837,1996-02,4076,0,26030.2,0
4260,5837,1996-03,4076,0,26907.4,0
4260,5837,1996-04,4076,0,26684.7,0
4260,5837,1996-05,4076,0,24653.3,0
4260,5837,1996-06,4076,0,26452.3,0
4260,5837,1996-07,4076,0,14997.4,0
4260,5837,1996-08,4076,0,23441.9,0
4260,5837,1996-09,4076,0,11912.8,0
4260,5837,1996-10,4076,0,20344.3,0
4260,5837,1996-11,4076,0,28810.6,0
4260,5837,1996-12,4076,0,21263.5,0
4260,5837,1997-01,4076,0,15596.6,0
4260,5837,1997-02,4076,0,24042.2,0
4260,5837,1997-03,4076,0,13411.1,0
4260,5837,1997-04,4076,0,21848.2,0
4260,5837,1997-05,4076,0,14608.0,0
4260,5837,1997-06,4076,0,13294.3,0
4260,5837,1997-07,4076,0,21731.0,0
4260,5837,1997-08,4076,0,30202.8,0
4260,5837,1997-09,4076,0,16084.5,0
4260,5837,1997-10,4076,0,24532.6,0
4260,5837,1997-11,4076,0,33015.6,0
4260,5837,1997-12,4076,0,34810.3,0
4260,5837,1998-01,4076,0,23506.7,0
4260,5837,1998-02,4076,0,31984.5,0
4260,5837,1998-03,4076,0,40498.5,0
4260,5837,1998-04,4076,0,18405.1,0
4260,5837,1998-05,4076,0,26862.4,0
4260,5837,1998-06,4076,0,18436.4,0
4260,5837,1998-07,4076,0,26893.6,0
4260,5837,1998-08,4076,0,35386.0,0
4260,5837,1998-09,4076,0,43913.4,0
4260,5837,1998-10,4076,0,42718.7,0
4260,5837,1998-11,4076,0,33898.9,0
4260,5837,1998-12,4076,0,51977.1,0
4260,5837,1999-01,4076,0,51977.1,0
4260,5837,1999-02,4076,0,51977.1,0
4260,5837,1999-03,4076,0,51977.1,0
4260,5837,1999-04,4076,0,51977.1,0
4260,5837,1999-05,4076,0,51977.1,0
4260,5837,1999-06,4076,0,51977.1,0
3354,5657,1994-08,415,0,28721.7,0
3354,5657,1994-09,415,0,33846.0,0
3354,5657,1994-10,415,0,38489.3,0
3354,5657,1994-11,415,0,39034.5,0
3354,5657,1994-12,415,0,33559.3,0
3354,5657,1995-01,415,0,20676.5,0
3354,5657,1995-02,415,0,25967.9,0
3354,5657,1995-03,415,0,26274.5,0
3354,5657,1995-04,415,0,29089.0,0
3354,5657,1995-05,415,0,30914.7,0
3354,5657,1995-06,415,0,21517.3,0
3354,5657,1995-07,415,0,22917.0,0
2762,5533,1994-08,4641,0,77871.4,0
2762,5533,1994-09,4641,0,55619.4,0
2762,5533,1994-10,4641,0,109980.8,0
2762,5533,1994-11,4641,0,54650.2,0
2762,5533,1994-12,4641,0,21606.4,0
2762,5533,1995-01,4641,0,13496.3,0
2762,5533,1995-02,4641,0,9377.5,0
2762,5533,1995-03,4641,0,98630.1,0
2762,5533,1995-04,4641,0,26193.7,0
2762,5533,1995-05,4641,0,17114.8,0
2762,5533,1995-06,4641,0,8783.9,0
2762,5533,1995-07,4641,0,20800.3,0
2762,5533,1995-08,4641,0,13988.3,0
2762,5533,1995-09,4641,0,6446.3,0
2762,5533,1995-10,4641,0,15010.1,0
2762,5533,1995-11,4641,0,6872.5,0
2762,5533,1995-12,4641,0,5517.0,0
2762,5533,1996-01,4641,0,16350.7,0
2762,5533,1996-02,4641,0,81611.9,0
2762,5533,1996-03,4641,0,85781.7,0
2762,5533,1996-04,4641,0,67867.8,0
2762,5533,1996-05,4641,0,73327.6,0
2762,5533,1996-06,4641,0,40968.4,0
2762,5533,1996-07,4641,0,72124.6,0
6051,6232,1994-08,7685,1,21026.7,0
6051,6232,1994-09,7685,1,21465.0,0
6051,6232,1994-10,7685,1,24738.5,0
6051,6232,1994-11,7685,1,25823.3,0
6051,6232,1994-12,7685,1,24907.8,0
6051,6232,1995-01,7685,1,18167.1,0
6051,6232,1995-02,7685,1,21228.4,0
6051,6232,1995-03,7685,1,21896.3,0
6051,6232,1995-04,7685,1,22562.2,0
6051,6232,1995-05,7685,1,24640.4,0
6051,6232,1995-06,7685,1,23973.4,0
6051,6232,1995-07,7685,1,24157.0,0
6051,6232,1995-08,7685,1,19645.9,0
6051,6232,1995-09,7685,1,21916.0,0
6051,6232,1995-10,7685,1,19085.0,0
6051,6232,1995-11,7685,1,19948.6,0
6051,6232,1995-12,7685,1,17887.5,0
6051,6232,1996-01,7685,1,15063.6,0
6051,6232,1996-02,7685,1,17116.2,0
6051,6232,1996-03,7685,1,18374.5,0
6051,6232,1996-04,7685,1,17935.1,0
6051,6232,1996-05,7685,1,19397.9,0
6051,6232,1996-06,7685,1,21765.4,0
6051,6232,1996-07,7685,1,20139.2,0
6051,6232,1996-08,7685,1,23424.5,0
6051,6232,1996-09,7685,1,18599.0,0
6051,6232,1996-10,7685,1,18364.0,0
6051,6232,1996-11,7685,1,16926.4,0
6051,6232,1996-12,7685,1,15674.7,0
6051,6232,1997-01,7685,1,8646.2,0
6051,6232,1997-02,7685,1,8066.2,0
6051,6232,1997-03,7685,1,8692.3,0
6051,6232,1997-04,7685,1,5215.9,1
6051,6232,1997-05,7685,1,11430.1,0
6051,6232,1997-06,7685,1,7346.6,1
6051,6232,1997-07,7685,1,6238.1,1
9265,6888,1994-08,3298,0,41284.8,0
9265,6888,1994-09,3298,0,27388.2,0
9265,6888,1994-10,3298,0,29316.2,0
9265,6888,1994-11,3298,0,34545.1,0
9265,6888,1994-12,3298,0,31803.8,0
9265,6888,1995-01,3298,0,30051.8,0
9265,6888,1995-02,3298,0,58658.6,0
9265,6888,1995-03,3298,0,57056.3,0
9265,6888,1995-04,3298,0,33728.4,0
9265,6888,1995-05,3298,0,78095.3,0
9265,6888,1995-06,3298,0,79198.6,0
9265,6888,1995-07,3298,0,62151.5,0
5228,6066,1994-08,7242,0,56357.7,0
5228,6066,1994-09,7242,0,38533.3,0
5228,6066,1994-10,7242,0,46108.8,0
5228,6066,1994-11,7242,0,51092.0,0
5228,6066,1994-12,7242,0,38470.4,0
5228,6066,1995-01,7242,0,29003.5,0
5228,6066,1995-02,7242,0,42315.8,0
5228,6066,1995-03,7242,0,44623.8,0
5228,6066,1995-04,7242,0,45567.0,0
5228,6066,1995-05,7242,0,49595.4,0
5228,6066,1995-06,7242,0,33794.9,0
5228,6066,1995-07,7242,0,53127.3,0
5228,6066,1995-08,7242,0,59253.3,0
5228,6066,1995-09,7242,0,36579.4,0
5228,6066,1995-10,7242,0,37111.4,0
5228,6066,1995-11,7242,0,32189.9,0
5228,6066,1995-12,7242,0,57984.8,0
5228,6066,1996-01,7242,0,18296.6,0
5228,6066,1996-02,7242,0,38576.7,0
5228,6066,1996-03,7242,0,31702.6,0
5228,6066,1996-04,7242,0,34677.3,0
5228,6066,1996-05,7242,0,40985.9,0
5228,6066,1996-06,7242,0,20999.4,0
5228,6066,1996-07,7242,0,25019.9,0
2824,5549,1994-08,841,0,29314.2,0
2824,5549,1994-09,841,0,33391.6,0
2824,5549,1994-10,841,0,31672.9,0
2824,5549,1994-11,841,0,28502.9,0
2824,5549,1994-12,841,0,34571.2,0
2824,5549,1995-01,841,0,26162.8,0
2824,5549,1995-02,841,0,34135.3,0
2824,5549,1995-03,841,0,38733.6,0
2824,5549,1995-04,841,0,33951.1,0
2824,5549,1995-05,841,0,36342.4,0
2824,5549,1995-06,841,0,30403.1,0
2824,5549,1995-07,841,0,33521.7,0
2824,5549,1995-08,841,0,32295.4,0
2824,5549,1995-09,841,0,34376.8,0
2824,5549,1995-10,841,0,37770.7,0
2824,5549,1995-11,841,0,32177.5,0
2824,5549,1995-12,841,0,38016.6,0
2824,5549,1996-01,841,0,33540.8,0
2824,5549,1996-02,841,0,34376.0,0
2824,5549,1996-03,841,0,38372.5,0
2824,5549,1996-04,841,0,42286.9,0
2824,5549,1996-05,841,0,40598.7,0
2824,5549,1996-06,841,0,56805.5,0
2824,5549,1996-07,841,0,58789.7,0
2824,5549,1996-08,841,0,61183.5,0
2824,5549,1996-09,841,0,60292.9,0
2824,5549,1996-10,841,0,58722.9,0
2824,5549,1996-11,841,0,62019.2,0
2824,5549,1996-12,841,0,69554.6,0
2824,5549,1997-01,841,0,55178.4,0
2824,5549,1997-02,841,0,61670.1,0
2824,5549,1997-03,841,0,67486.7,0
2824,5549,1997-04,841,0,64116.8,0
2824,5549,1997-05,841,0,68538.6,0
2824,5549,1997-06,841,0,69983.0,0
2824,5549,1997-07,841,0,75131.4,0
2824,5549,1997-08,841,0,65879.6,0
2824,5549,1997-09,841,0,67512.4,0
2824,5549,1997-10,841,0,63048.9,0
2824,5549,1997-11,841,0,67269.8,0
2824,5549,1997-12,841,0,71208.1,0
2824,5549,1998-01,841,0,62721.2,0
2824,5549,1998-02,841,0,70941.5,0
2824,5549,1998-03,841,0,76595.3,0
2824,5549,1998-04,841,0,80231.4,0
2824,5549,1998-05,841,0,84522.4,0
2824,5549,1998-06,841,0,72563.1,0
2824,5549,1998-07,841,0,85028.0,0
2824,5549,1998-08,841,0,92122.6,0
2824,5549,1998-09,841,0,94959.8,0
2824,5549,1998-10,841,0,99610.3,0
2824,5549,1998-11,841,0,103069.5,0
2824,5549,1998-12,841,0,98065.5,0
2824,5549,1999-01,841,0,98065.5,0
2824,5549,1999-02,841,0,98065.5,0
2824,5549,1999-03,841,0,98065.5,0
2824,5549,1999-04,841,0,98065.5,0
2824,5549,1999-05,841,0,98065.5,0
2824,5549,1999-06,841,0,98065.5,0
2824,5549,1999-07,841,0,98065.5,0
426,5060,1994-08,4201,1,54177.3,0
426,5060,1994-09,4201,1,27726.4,0
426,5060,1994-10,4201,1,35652.4,0
426,5060,1994-11,4201,1,36287.0,0
426,5060,1994-12,4201,1,47171.3,0
426,5060,1995-01,4201,1,20440.4,0
426,5060,1995-02,4201,1,16104.3,0
426,5060,1995-03,4201,1,15852.7,0
426,5060,1995-04,4201,1,18404.1,0
426,5060,1995-05,4201,1,23286.2,0
426,5060,1995-06,4201,1,18661.6,0
426,5060,1995-07,4201,1,18423.7,0
426,5060,1995-08,4201,1,15782.9,0
426,5060,1995-09,4201,1,14634.5,0
426,5060,1995-10,4201,1,19688.6,0
426,5060,1995-11,4201,1,19860.0,0
426,5060,1995-12,4201,1,16526.4,0
426,5060,1996-01,4201,1,17989.2,0
426,5060,1996-02,4201,1,42990.9,0
426,5060,1996-03,4201,1,39010.2,0
426,5060,1996-04,4201,1,18327.8,0
426,5060,1996-05,4201,1,40162.1,0
426,5060,1996-06,4201,1,46549.5,0
426,5060,1996-07,4201,1,23580.1,0
426,5060,1996-08,4201,1,16357.5,0
426,5060,1996-09,4201,1,15320.5,0
426,5060,1996-10,4201,1,29591.6,0
426,5060,1996-11,4201,1,35550.4,0
426,5060,1996-12,4201,1,26190.1,0
426,5060,1997-01,4201,1,20850.2,0
426,5060,1997-02,4201,1,10511.6,0
426,5060,1997-03,4201,1,14962.3,0
426,5060,1997-04,4201,1,35989.3,0
426,5060,1997-05,4201,1,20189.7,0
426,5060,1997-06,4201,1,27008.3,0
426,5060,1997-07,4201,1,14587.3,0
426,5060,1997-08,4201,1,7129.1,0
426,5060,1997-09,4201,1,23020.9,0
426,5060,1997-10,4201,1,31989.5,0
426,5060,1997-11,4201,1,11665.2,0
426,5060,1997-12,4201,1,2891.1,1
426,5060,1998-01,4201,1,62071.7,0
426,5060,1998-02,4201,1,34512.1,0
426,5060,1998-03,4201,1,7576.6,0
426,5060,1998-04,4201,1,24552.6,0
426,5060,1998-05,4201,1,12034.9,0
426,5060,1998-06,4201,1,59454.3,0
426,5060,1998-07,4201,1,78720.0,0
426,5060,1998-08,4201,1,67211.7,0
426,5060,1998-09,4201,1,61188.9,0
426,5060,1998-10,4201,1,81486.2,0
426,5060,1998-11,4201,1,70982.6,0
426,5060,1998-12,4201,1,29030.2,0
426,5060,1999-01,4201,1,29030.2,0
426,5060,1999-02,4201,1,29030.2,0
426,5060,1999-03,4201,1,29030.2,0
426,5060,1999-04,4201,1,29030.2,0
426,5060,1999-05,4201,1,29030.2,0
426,5060,1999-06,4201,1,29030.2,0
426,5060,1999-07,4201,1,29030.2,0
4937,6004,1994-08,5996,0,108502.1,0
4937,6004,1994-09,5996,0,66825.6,0
4937,6004,1994-10,5996,0,100785.6,0
4937,6004,1994-11,5996,0,77493.1,0
4937,6004,1994-12,5996,0,54862.7,0
4937,6004,1995-01,5996,0,32645.4,0
4937,6004,1995-02,5996,0,66818.6,0
4937,6004,1995-03,5996,0,77747.6,0
4937,6004,1995-04,5996,0,64724.5,0
4937,6004,1995-05,5996,0,70996.2,0
4937,6004,1995-06,5996,0,107349.0,0
4937,6004,1995-07,5996,0,91174.2,0
4937,6004,1995-08,5996,0,31974.5,0
4937,6004,1995-09,5996,0,21076.8,0
4937,6004,1995-10,5996,0,16048.8,0
4937,6004,1995-11,5996,0,25058.5,0
4937,6004,1995-12,5996,0,33544.7,0
4937,6004,1996-01,5996,0,74133.2,0
4937,6004,1996-02,5996,0,118938.0,0
4937,6004,1996-03,5996,0,117357.1,0
4937,6004,1996-04,5996,0,67911.1,0
4937,6004,1996-05,5996,0,53028.9,0
4937,6004,1996-06,5996,0,113353.5,0
4937,6004,1996-07,5996,0,74508.1,0
790,5126,1994-08,4336,1,56655.0,0
790,5126,1994-09,4336,1,27652.6,0
790,5126,1994-10,4336,1,35084.1,0
790,5126,1994-11,4336,1,19249.1,0
790,5126,1994-12,4336,1,7041.3,0
790,5126,1995-01,4336,1,25305.2,0
790,5126,1995-02,4336,1,55972.7,0
790,5126,1995-03,4336,1,45782.4,0
790,5126,1995-04,4336,1,61487.2,0
790,5126,1995-05,4336,1,40735.2,0
790,5126,1995-06,4336,1,57075.1,0
790,5126,1995-07,4336,1,46371.2,0
790,5126,1995-08,4336,1,29773.3,0
790,5126,1995-09,4336,1,18842.6,0
790,5126,1995-10,4336,1,35773.7,0
790,5126,1995-11,4336,1,52539.5,0
790,5126,1995-12,4336,1,39471.9,0
790,5126,1996-01,4336,1,45136.2,0
790,5126,1996-02,4336,1,81336.7,0
790,5126,1996-03,4336,1,96885.3,0
790,5126,1996-04,4336,1,74016.3,0
790,5126,1996-05,4336,1,76423.8,0
790,5126,1996-06,4336,1,73144.8,0
790,5126,1996-07,4336,1,79904.4,0
790,5126,1996-08,4336,1,101065.0,0
790,5126,1996-09,4336,1,73508.3,0
790,5126,1996-10,4336,1,57138.4,0
790,5126,1996-11,4336,1,37746.5,0
790,5126,1996-12,4336,1,29021.2,0
790,5126,1997-01,4336,1,16280.0,0
790,5126,1997-02,4336,1,26308.0,0
790,5126,1997-03,4336,1,25274.2,0
790,5126,1997-04,4336,1,75013.8,0
790,5126,1997-05,4336,1,52033.8,0
790,5126,1997-06,4336,1,41744.2,0
790,5126,1997-07,4336,1,71903.7,0
790,5126,1997-08,4336,1,38982.1,0
790,5126,1997-09,4336,1,47128.4,0
790,5126,1997-10,4336,1,41238.2,0
790,5126,1997-11,4336,1,30461.8,0
790,5126,1997-12,4336,1,19694.9,0
790,5126,1998-01,4336,1,15047.7,0
790,5126,1998-02,4336,1,6743.4,0
790,5126,1998-03,4336,1,16688.7,0
790,5126,1998-04,4336,1,25207.6,0
790,5126,1998-05,4336,1,29960.7,0
790,5126,1998-06,4336,1,14409.8,0
790,5126,1998-07,4336,1,14900.1,0
10911,7220,1994-08,3647,0,26991.1,0
10911,7220,1994-09,3647,0,24411.1,0
10911,7220,1994-10,3647,0,30729.9,0
10911,7220,1994-11,3647,0,35271.6,0
10911,7220,1994-12,3647,0,35376.7,0
10911,7220,1995-01,3647,0,21103.3,0
10911,7220,1995-02,3647,0,27506.1,0
10911,7220,1995-03,3647,0,34137.5,0
10911,7220,1995-04,3647,0,35887.6,0
10911,7220,1995-05,3647,0,37344.2,0
10911,7220,1995-06,3647,0,21350.0,0
10911,7220,1995-07,3647,0,30158.5,0
10911,7220,1995-08,3647,0,22170.9,0
10911,7220,1995-09,3647,0,31482.9,0
10911,7220,1995-10,3647,0,38028.0,0
10911,7220,1995-11,3647,0,37087.0,0
10911,7220,1995-12,3647,0,45405.8,0
10911,7220,1996-01,3647,0,23026.1,0
10911,7220,1996-02,3647,0,30335.3,0
10911,7220,1996-03,3647,0,36072.1,0
10911,7220,1996-04,3647,0,25549.3,0
10911,7220,1996-05,3647,0,33569.5,0
10911,7220,1996-06,3647,0,20933.3,0
10911,7220,1996-07,3647,0,31041.0,0
10911,7220,1996-08,3647,0,34974.1,0
10911,7220,1996-09,3647,0,34712.3,0
10911,7220,1996-10,3647,0,31340.0,0
10911,7220,1996-11,3647,0,21555.2,0
10911,7220,1996-12,3647,0,23852.0,0
10911,7220,1997-01,3647,0,21748.7,0
10911,7220,1997-02,3647,0,37380.4,0
10911,7220,1997-03,3647,0,22399.2,0
10911,7220,1997-04,3647,0,34122.4,0
10911,7220,1997-05,3647,0,25394.3,0
10911,7220,1997-06,3647,0,52216.9,0
10911,7220,1997-07,3647,0,32104.4,0
8129,6668,1994-08,2076,0,34554.7,0
8129,6668,1994-09,2076,0,34344.4,0
8129,6668,1994-10,2076,0,34843.9,0
8129,6668,1994-11,2076,0,35416.4,0
8129,6668,1994-12,2076,0,37695.0,0
8129,6668,1995-01,2076,0,38395.7,0
8129,6668,1995-02,2076,0,36994.0,0
8129,6668,1995-03,2076,0,36280.6,0
8129,6668,1995-04,2076,0,36274.0,0
8129,6668,1995-05,2076,0,38271.2,0
8129,6668,1995-06,2076,0,23424.3,0
8129,6668,1995-07,2076,0,30377.2,0
8129,6668,1995-08,2076,0,36255.7,0
8129,6668,1995-09,2076,0,39150.4,0
8129,6668,1995-10,2076,0,39751.7,0
8129,6668,1995-11,2076,0,40081.8,0
8129,6668,1995-12,2076,0,43732.5,0
8129,6668,1996-01,2076,0,45957.4,0
8129,6668,1996-02,2076,0,50591.7,0
8129,6668,1996-03,2076,0,52491.6,0
8129,6668,1996-04,2076,0,56451.3,0
8129,6668,1996-05,2076,0,53633.3,0
8129,6668,1996-06,2076,0,61579.3,0
8129,6668,1996-07,2076,0,57049.9,0
8129,6668,1996-08,2076,0,57413.6,0
8129,6668,1996-09,2076,0,57073.5,0
8129,6668,1996-10,2076,0,51699.6,0
8129,6668,1996-11,2076,0,55446.6,0
8129,6668,1996-12,2076,0,59379.4,0
8129,6668,1997-01,2076,0,47220.2,0
8129,6668,1997-02,2076,0,54460.2,0
8129,6668,1997-03,2076,0,55409.2,0
8129,6668,1997-04,2076,0,53649.7,0
8129,6668,1997-05,2076,0,55396.0,0
8129,6668,1997-06,2076,0,63066.3,0
8129,6668,1997-07,2076,0,58525.8,0
2176,5395,1994-08,8308,1,33903.3,0
2176,5395,1994-09,8308,1,32586.6,0
2176,5395,1994-10,8308,1,29898.1,0
2176,5395,1994-11,8308,1,46517.2,0
2176,5395,1994-12,8308,1,48151.6,0
2176,5395,1995-01,8308,1,21021.7,0
2176,5395,1995-02,8308,1,31481.3,0
2176,5395,1995-03,8308,1,20343.5,0
2176,5395,1995-04,8308,1,12750.4,0
2176,5395,1995-05,8308,1,41986.7,0
2176,5395,1995-06,8308,1,23977.5,0
2176,5395,1995-07,8308,1,48709.8,0
2176,5395,1995-08,8308,1,21710.1,0
2176,5395,1995-09,8308,1,16138.8,0
2176,5395,1995-10,8308,1,15813.3,0
2176,5395,1995-11,8308,1,10535.1,0
2176,5395,1995-12,8308,1,4326.9,1
2176,5395,1996-01,8308,1,-1928.8,1
2176,5395,1996-02,8308,1,14412.0,0
2176,5395,1996-03,8308,1,47785.8,0
2176,5395,1996-04,8308,1,26624.7,0
2176,5395,1996-05,8308,1,33105.3,0
2176,5395,1996-06,8308,1,23926.4,0
2176,5395,1996-07,8308,1,63957.0,0
2176,5395,1996-08,8308,1,21788.0,0
2176,5395,1996-09,8308,1,12155.8,0
2176,5395,1996-10,8308,1,15653.8,0
2176,5395,1996-11,8308,1,54145.8,0
2176,5395,1996-12,8308,1,21167.4,0
2176,5395,1997-01,8308,1,17735.4,0
2176,5395,1997-02,8308,1,13547.8,0
2176,5395,1997-03,8308,1,7352.0,1
2176,5395,1997-04,8308,1,1130.5,1
2176,5395,1997-05,8308,1,36.2,1
2176,5395,1997-06,8308,1,-1077.6,1
2176,5395,1997-07,8308,1,-2186.7,1
9093,6836,1994-09,3155,0,27486.1,0
9093,6836,1994-10,3155,0,30839.0,0
9093,6836,1994-11,3155,0,32017.6,0
9093,6836,1994-12,3155,0,35337.0,0
9093,6836,1995-01,3155,0,26634.4,0
9093,6836,1995-02,3155,0,37941.2,0
9093,6836,1995-03,3155,0,33220.0,0
9093,6836,1995-04,3155,0,35699.3,0
9093,6836,1995-05,3155,0,36988.0,0
9093,6836,1995-06,3155,0,57629.9,0
9093,6836,1995-07,3155,0,55995.7,0
9093,6836,1995-08,3155,0,58395.0,0
9093,6836,1995-09,3155,0,56820.6,0
9093,6836,1995-10,3155,0,56244.5,0
9093,6836,1995-11,3155,0,51423.8,0
9093,6836,1995-12,3155,0,59374.0,0
9093,6836,1996-01,3155,0,39912.6,0
9093,6836,1996-02,3155,0,41219.3,0
9093,6836,1996-03,3155,0,48042.6,0
9093,6836,1996-04,3155,0,53361.4,0
9093,6836,1996-05,3155,0,51175.3,0
9093,6836,1996-06,3155,0,44422.2,0
9093,6836,1996-07,3155,0,40946.5,0
9093,6836,1996-08,3155,0,41677.6,0
9093,6836,1996-09,3155,0,40184.9,0
9093,6836,1996-10,3155,0,41791.2,0
9093,6836,1996-11,3155,0,42821.4,0
9093,6836,1996-12,3155,0,46558.3,0
9093,6836,1997-01,3155,0,41788.4,0
9093,6836,1997-02,3155,0,44061.7,0
9093,6836,1997-03,3155,0,44065.8,0
9093,6836,1997-04,3155,0,49286.0,0
9093,6836,1997-05,3155,0,53136.3,0
9093,6836,1997-06,3155,0,51657.6,0
9093,6836,1997-07,3155,0,57539.0,0
9093,6836,1997-08,3155,0,59314.6,0
9093,6836,1997-09,3155,0,61775.1,0
9093,6836,1997-10,3155,0,64577.4,0
9093,6836,1997-11,3155,0,69307.1,0
9093,6836,1997-12,3155,0,76117.4,0
9093,6836,1998-01,3155,0,60787.4,0
9093,6836,1998-02,3155,0,64371.1,0
9093,6836,1998-03,3155,0,61317.0,0
9093,6836,1998-04,3155,0,57489.3,0
9093,6836,1998-05,3155,0,50546.3,0
9093,6836,1998-06,3155,0,55587.5,0
9093,6836,1998-07,3155,0,53911.7,0
9093,6836,1998-08,3155,0,52255.2,0
9093,6836,1998-09,3155,0,50276.7,0
9093,6836,1998-10,3155,0,45669.1,0
9093,6836,1998-11,3155,0,45235.0,0
9093,6836,1998-12,3155,0,59088.0,0
9093,6836,1999-01,3155,0,59088.0,0
9093,6836,1999-02,3155,0,59088.0,0
9093,6836,1999-03,3155,0,59088.0,0
9093,6836,1999-04,3155,0,59088.0,0
9093,6836,1999-05,3155,0,59088.0,0
9093,6836,1999-06,3155,0,59088.0,0
9093,6836,1999-07,3155,0,59088.0,0
9093,6836,1999-08,3155,0,59088.0,0
5215,6064,1994-09,1219,0,36640.2,0
5215,6064,1994-10,1219,0,35234.3,0
5215,6064,1994-11,1219,0,33288.2,0
5215,6064,1994-12,1219,0,36310.0,0
5215,6064,1995-01,1219,0,27759.2,0
5215,6064,1995-02,1219,0,29021.6,0
5215,6064,1995-03,1219,0,28851.3,0
5215,6064,1995-04,1219,0,32541.3,0
5215,6064,1995-05,1219,0,31082.2,0
5215,6064,1995-06,1219,0,33377.1,0
5215,6064,1995-07,1219,0,31118.9,0
5215,6064,1995-08,1219,0,32673.7,0
9403,6919,1994-09,3358,0,23610.6,0
9403,6919,1994-10,3358,0,26495.4,0
9403,6919,1994-11,3358,0,34072.5,0
9403,6919,1994-12,3358,0,38493.4,0
9403,6919,1995-01,3358,0,23450.9,0
9403,6919,1995-02,3358,0,24533.9,0
9403,6919,1995-03,3358,0,28525.7,0
9403,6919,1995-04,3358,0,34985.5,0
9403,6919,1995-05,3358,0,37967.2,0
9403,6919,1995-06,3358,0,31093.0,0
9403,6919,1995-07,3358,0,52420.2,0
9403,6919,1995-08,3358,0,34700.7,0
9403,6919,1995-09,3358,0,39882.6,0
9403,6919,1995-10,3358,0,34118.4,0
9403,6919,1995-11,3358,0,30536.2,0
9403,6919,1995-12,3358,0,44623.7,0
9403,6919,1996-01,3358,0,22731.0,0
9403,6919,1996-02,3358,0,19502.4,0
9403,6919,1996-03,3358,0,19290.0,0
9403,6919,1996-04,3358,0,60644.0,0
9403,6919,1996-05,3358,0,23474.1,0
9403,6919,1996-06,3358,0,34777.6,0
9403,6919,1996-07,3358,0,20263.3,0
9403,6919,1996-08,3358,0,17525.0,0
9403,6919,1996-09,3358,0,12468.3,0
9403,6919,1996-10,3358,0,14010.5,0
9403,6919,1996-11,3358,0,16762.8,0
9403,6919,1996-12,3358,0,14912.2,0
9403,6919,1997-01,3358,0,54365.5,0
9403,6919,1997-02,3358,0,26177.0,0
9403,6919,1997-03,3358,0,18447.1,0
9403,6919,1997-04,3358,0,28745.8,0
9403,6919,1997-05,3358,0,36676.0,0
9403,6919,1997-06,3358,0,26081.0,0
9403,6919,1997-07,3358,0,84395.5,0
9403,6919,1997-08,3358,0,28838.3,0
9104,6841,1994-09,3585,0,33798.4,0
9104,6841,1994-10,3585,0,52596.8,0
9104,6841,1994-11,3585,0,100812.4,0
9104,6841,1994-12,3585,0,90228.7,0
9104,6841,1995-01,3585,0,31517.5,0
9104,6841,1995-02,3585,0,27777.7,0
9104,6841,1995-03,3585,0,46988.8,0
9104,6841,1995-04,3585,0,34190.9,0
9104,6841,1995-05,3585,0,27926.0,0
9104,6841,1995-06,3585,0,47695.1,0
9104,6841,1995-07,3585,0,42573.3,0
9104,6841,1995-08,3585,0,31393.4,0
9104,6841,1995-09,3585,0,34093.0,0
9104,6841,1995-10,3585,0,28526.2,0
9104,6841,1995-11,3585,0,25521.5,0
9104,6841,1995-12,3585,0,35741.7,0
9104,6841,1996-01,3585,0,31245.2,0
9104,6841,1996-02,3585,0,46322.9,0
9104,6841,1996-03,3585,0,93111.9,0
9104,6841,1996-04,3585,0,114490.5,0
9104,6841,1996-05,3585,0,73323.2,0
9104,6841,1996-06,3585,0,61432.5,0
9104,6841,1996-07,3585,0,95561.7,0
9104,6841,1996-08,3585,0,35515.9,0
9104,6841,1996-09,3585,0,62036.5,0
9104,6841,1996-10,3585,0,105473.3,0
9104,6841,1996-11,3585,0,75601.7,0
9104,6841,1996-12,3585,0,65711.0,0
9104,6841,1997-01,3585,0,35479.4,0
9104,6841,1997-02,3585,0,45611.7,0
9104,6841,1997-03,3585,0,74250.2,0
9104,6841,1997-04,3585,0,99181.0,0
9104,6841,1997-05,3585,0,63446.9,0
9104,6841,1997-06,3585,0,50290.1,0
9104,6841,1997-07,3585,0,70210.7,0
9104,6841,1997-08,3585,0,49276.8,0
9104,6841,1997-09,3585,0,94270.4,0
9104,6841,1997-10,3585,0,119482.0,0
9104,6841,1997-11,3585,0,35872.3,0
9104,6841,1997-12,3585,0,91713.2,0
9104,6841,1998-01,3585,0,55145.9,0
9104,6841,1998-02,3585,0,51738.1,0
9104,6841,1998-03,3585,0,61935.7,0
9104,6841,1998-04,3585,0,50598.2,0
9104,6841,1998-05,3585,0,44467.4,0
9104,6841,1998-06,3585,0,41650.1,0
9104,6841,1998-07,3585,0,43492.8,0
9104,6841,1998-08,3585,0,50310.3,0
5120,6038,1994-09,6739,0,14796.0,0
5120,6038,1994-10,6739,0,11886.7,0
5120,6038,1994-11,6739,0,47947.5,0
5120,6038,1994-12,6739,0,32231.3,0
5120,6038,1995-01,6739,0,16812.1,0
5120,6038,1995-02,6739,0,40245.3,0
5120,6038,1995-03,6739,0,47490.5,0
5120,6038,1995-04,6739,0,28877.8,0
5120,6038,1995-05,6739,0,19511.5,0
5120,6038,1995-06,6739,0,43734.6,0
5120,6038,1995-07,6739,0,45059.8,0
5120,6038,1995-08,6739,0,43338.5,0
5120,6038,1995-09,6739,0,23000.2,0
5120,6038,1995-10,6739,0,49446.0,0
5120,6038,1995-11,6739,0,31394.5,0
5120,6038,1995-12,6739,0,19229.8,0
5120,6038,1996-01,6739,0,74616.7,0
5120,6038,1996-02,6739,0,63261.2,0
5120,6038,1996-03,6739,0,50566.3,0
5120,6038,1996-04,6739,0,54105.5,0
5120,6038,1996-05,6739,0,41914.6,0
5120,6038,1996-06,6739,0,66099.9,0
5120,6038,1996-07,6739,0,47888.5,0
5120,6038,1996-08,6739,0,29974.8,0
5120,6038,1996-09,6739,0,22517.8,0
5120,6038,1996-10,6739,0,38791.6,0
5120,6038,1996-11,6739,0,105837.3,0
5120,6038,1996-12,6739,0,93539.1,0
5120,6038,1997-01,6739,0,56763.0,0
5120,6038,1997-02,6739,0,51661.3,0
5120,6038,1997-03,6739,0,43005.5,0
5120,6038,1997-04,6739,0,14438.9,0
5120,6038,1997-05,6739,0,33102.5,0
5120,6038,1997-06,6739,0,26365.4,0
5120,6038,1997-07,6739,0,32755.8,0
5120,6038,1997-08,6739,0,34208.1,0
5120,6038,1997-09,6739,0,25105.4,0
5120,6038,1997-10,6739,0,36893.5,0
5120,6038,1997-11,6739,0,58721.4,0
5120,6038,1997-12,6739,0,36986.3,0
5120,6038,1998-01,6739,0,41388.3,0
5120,6038,1998-02,6739,0,41290.2,0
5120,6038,1998-03,6739,0,112190.3,0
5120,6038,1998-04,6739,0,61523.0,0
5120,6038,1998-05,6739,0,56182.4,0
5120,6038,1998-06,6739,0,76548.1,0
5120,6038,1998-07,6739,0,50563.7,0
5120,6038,1998-08,6739,0,43244.1,0
8519,6729,1994-09,6224,0,44581.4,0
8519,6729,1994-10,6224,0,39379.0,0
8519,6729,1994-11,6224,0,39003.1,0
8519,6729,1994-12,6224,0,43611.6,0
8519,6729,1995-01,6224,0,46682.0,0
8519,6729,1995-02,6224,0,43661.7,0
8519,6729,1995-03,6224,0,48404.2,0
8519,6729,1995-04,6224,0,39707.7,0
8519,6729,1995-05,6224,0,25274.7,0
8519,6729,1995-06,6224,0,39223.2,0
8519,6729,1995-07,6224,0,33079.5,0
8519,6729,1995-08,6224,0,39372.0,0
10788,7198,1994-09,3814,0,26885.1,0
10788,7198,1994-10,3814,0,16480.4,0
10788,7198,1994-11,3814,0,11372.1,0
10788,7198,1994-12,3814,0,16381.6,0
10788,7198,1995-01,3814,0,7782.8,0
10788,7198,1995-02,3814,0,24619.1,0
10788,7198,1995-03,3814,0,54740.9,0
10788,7198,1995-04,3814,0,35292.8,0
10788,7198,1995-05,3814,0,22340.5,0
10788,7198,1995-06,3814,0,20244.6,0
10788,7198,1995-07,3814,0,17649.5,0
10788,7198,1995-08,3814,0,19219.9,0
8260,6686,1994-09,6239,0,43059.3,0
8260,6686,1994-10,6239,0,41872.7,0
8260,6686,1994-11,6239,0,27457.1,0
8260,6686,1994-12,6239,0,42455.4,0
8260,6686,1995-01,6239,0,23386.8,0
8260,6686,1995-02,6239,0,42212.4,0
8260,6686,1995-03,6239,0,38880.5,0
8260,6686,1995-04,6239,0,45342.6,0
8260,6686,1995-05,6239,0,31854.9,0
8260,6686,1995-06,6239,0,47313.0,0
8260,6686,1995-07,6239,0,43601.5,0
8260,6686,1995-08,6239,0,45508.9,0
8260,6686,1995-09,6239,0,51899.0,0
8260,6686,1995-10,6239,0,58917.6,0
8260,6686,1995-11,6239,0,58845.4,0
8260,6686,1995-12,6239,0,40944.6,0
8260,6686,1996-01,6239,0,39096.1,0
8260,6686,1996-02,6239,0,70240.6,0
8260,6686,1996-03,6239,0,42326.3,0
8260,6686,1996-04,6239,0,72181.1,0
8260,6686,1996-05,6239,0,88216.2,0
8260,6686,1996-06,6239,0,89815.2,0
8260,6686,1996-07,6239,0,97295.9,0
8260,6686,1996-08,6239,0,58380.7,0
8260,6686,1996-09,6239,0,81379.8,0
8260,6686,1996-10,6239,0,88413.8,0
8260,6686,1996-11,6239,0,102208.1,0
8260,6686,1996-12,6239,0,63526.8,0
8260,6686,1997-01,6239,0,73326.1,0
8260,6686,1997-02,6239,0,97188.2,0
8260,6686,1997-03,6239,0,62280.3,0
8260,6686,1997-04,6239,0,93864.6,0
8260,6686,1997-05,6239,0,66950.4,0
8260,6686,1997-06,6239,0,74978.2,0
8260,6686,1997-07,6239,0,70240.4,0
8260,6686,1997-08,6239,0,90992.2,0
4259,5836,1994-09,3318,0,81668.7,0
4259,5836,1994-10,3318,0,77284.4,0
4259,5836,1994-11,3318,0,38303.3,0
4259,5836,1994-12,3318,0,71357.7,0
4259,5836,1995-01,3318,0,40157.7,0
4259,5836,1995-02,3318,0,58773.6,0
4259,5836,1995-03,3318,0,64044.3,0
4259,5836,1995-04,3318,0,74421.6,0
4259,5836,1995-05,3318,0,78019.6,0
4259,5836,1995-06,3318,0,29781.5,0
4259,5836,1995-07,3318,0,58581.9,0
4259,5836,1995-08,3318,0,72771.1,0
4259,5836,1995-09,3318,0,56301.4,0
4259,5836,1995-10,3318,0,50883.1,0
4259,5836,1995-11,3318,0,48930.8,0
4259,5836,1995-12,3318,0,40174.4,0
4259,5836,1996-01,3318,0,29946.6,0
4259,5836,1996-02,3318,0,40158.1,0
4259,5836,1996-03,3318,0,47292.4,0
4259,5836,1996-04,3318,0,49051.4,0
4259,5836,1996-05,3318,0,48126.5,0
4259,5836,1996-06,3318,0,37385.5,0
4259,5836,1996-07,3318,0,37211.2,0
4259,5836,1996-08,3318,0,37989.4,0
10105,7061,1994-09,5079,0,67559.2,0
10105,7061,1994-10,5079,0,31669.4,0
10105,7061,1994-11,5079,0,48687.3,0
10105,7061,1994-12,5079,0,54118.8,0
10105,7061,1995-01,5079,0,31838.4,0
10105,7061,1995-02,5079,0,38649.2,0
10105,7061,1995-03,5079,0,56615.7,0
10105,7061,1995-04,5079,0,43659.3,0
10105,7061,1995-05,5079,0,67050.9,0
10105,7061,1995-06,5079,0,63080.9,0
10105,7061,1995-07,5079,0,68365.1,0
10105,7061,1995-08,5079,0,105749.6,0
10105,7061,1995-09,5079,0,93550.7,0
10105,7061,1995-10,5079,0,65018.3,0
10105,7061,1995-11,5079,0,58006.6,0
10105,7061,1995-12,5079,0,58407.0,0
10105,7061,1996-01,5079,0,62783.8,0
10105,7061,1996-02,5079,0,99843.0,0
10105,7061,1996-03,5079,0,86552.9,0
10105,7061,1996-04,5079,0,63789.3,0
10105,7061,1996-05,5079,0,75943.7,0
10105,7061,1996-06,5079,0,39877.3,0
10105,7061,1996-07,5079,0,64771.2,0
10105,7061,1996-08,5079,0,59122.3,0
3050,5595,1994-10,6908,0,42942.9,0
3050,5595,1994-11,6908,0,41035.7,0
3050,5595,1994-12,6908,0,37267.1,0
3050,5595,1995-01,6908,0,23584.1,0
3050,5595,1995-02,6908,0,41312.8,0
3050,5595,1995-03,6908,0,47111.3,0
3050,5595,1995-04,6908,0,38042.5,0
3050,5595,1995-05,6908,0,47226.5,0
3050,5595,1995-06,6908,0,28498.8,0
3050,5595,1995-07,6908,0,35410.2,0
3050,5595,1995-08,6908,0,46480.4,0
3050,5595,1995-09,6908,0,47092.9,0
3674,5723,1994-10,1969,0,105416.0,0
3674,5723,1994-11,1969,0,101687.9,0
3674,5723,1994-12,1969,0,89347.5,0
3674,5723,1995-01,1969,0,95796.4,0
3674,5723,1995-02,1969,0,60381.6,0
3674,5723,1995-03,1969,0,88181.1,0
3674,5723,1995-04,1969,0,67043.9,0
3674,5723,1995-05,1969,0,35786.8,0
3674,5723,1995-06,1969,0,24423.4,0
3674,5723,1995-07,1969,0,39357.6,0
3674,5723,1995-08,1969,0,77476.8,0
3674,5723,1995-09,1969,0,66477.2,0
5481,6120,1994-10,4358,0,48191.2,0
5481,6120,1994-11,4358,0,29766.4,0
5481,6120,1994-12,4358,0,38127.7,0
5481,6120,1995-01,4358,0,17519.5,0
5481,6120,1995-02,4358,0,38922.5,0
5481,6120,1995-03,4358,0,44893.2,0
5481,6120,1995-04,4358,0,30793.6,0
5481,6120,1995-05,4358,0,38179.7,0
5481,6120,1995-06,4358,0,58681.4,0
5481,6120,1995-07,4358,0,34782.3,0
5481,6120,1995-08,4358,0,63881.8,0
5481,6120,1995-09,4358,0,31295.8,0
5481,6120,1995-10,4358,0,61888.0,0
5481,6120,1995-11,4358,0,65577.5,0
5481,6120,1995-12,4358,0,94716.4,0
5481,6120,1996-01,4358,0,47635.6,0
5481,6120,1996-02,4358,0,75184.0,0
5481,6120,1996-03,4358,0,80587.4,0
5481,6120,1996-04,4358,0,87905.9,0
5481,6120,1996-05,4358,0,94452.2,0
5481,6120,1996-06,4358,0,37352.5,0
5481,6120,1996-07,4358,0,65760.6,0
5481,6120,1996-08,4358,0,60610.2,0
5481,6120,1996-09,4358,0,60386.1,0
5481,6120,1996-10,4358,0,62461.3,0
5481,6120,1996-11,4358,0,62148.2,0
5481,6120,1996-12,4358,0,34276.3,0
5481,6120,1997-01,4358,0,27861.5,0
5481,6120,1997-02,4358,0,46807.8,0
5481,6120,1997-03,4358,0,48279.2,0
5481,6120,1997-04,4358,0,56406.3,0
5481,6120,1997-05,4358,0,47058.4,0
5481,6120,1997-06,4358,0,54032.1,0
5481,6120,1997-07,4358,0,54490.4,0
5481,6120,1997-08,4358,0,58178.4,0
5481,6120,1997-09,4358,0,26614.2,0
5481,6120,1997-10,4358,0,37498.1,0
5481,6120,1997-11,4358,0,34820.4,0
5481,6120,1997-12,4358,0,55953.6,0
5481,6120,1998-01,4358,0,28320.8,0
5481,6120,1998-02,4358,0,29851.9,0
5481,6120,1998-03,4358,0,40977.3,0
5481,6120,1998-04,4358,0,55963.9,0
5481,6120,1998-05,4358,0,54935.8,0
5481,6120,1998-06,4358,0,48502.5,0
5481,6120,1998-07,4358,0,54712.2,0
5481,6120,1998-08,4358,0,56192.7,0
5481,6120,1998-09,4358,0,54657.4,0
9307,6895,1994-10,3492,0,30287.5,0
9307,6895,1994-11,3492,0,29975.8,0
9307,6895,1994-12,3492,0,27766.8,0
9307,6895,1995-01,3492,0,54255.9,0
9307,6895,1995-02,3492,0,69763.1,0
9307,6895,1995-03,3492,0,59556.2,0
9307,6895,1995-04,3492,0,46117.4,0
9307,6895,1995-05,3492,0,32869.7,0
9307,6895,1995-06,3492,0,34276.3,0
9307,6895,1995-07,3492,0,34011.0,0
9307,6895,1995-08,3492,0,32685.5,0
9307,6895,1995-09,3492,0,34072.2,0
4427,5882,1994-10,7318,0,22013.6,0
4427,5882,1994-11,7318,0,19687.7,0
4427,5882,1994-12,7318,0,20627.8,0
4427,5882,1995-01,7318,0,18873.3,0
4427,5882,1995-02,7318,0,15401.3,0
4427,5882,1995-03,7318,0,13848.0,0
4427,5882,1995-04,7318,0,14789.6,0
4427,5882,1995-05,7318,0,17035.9,0
4427,5882,1995-06,7318,0,13666.4,0
4427,5882,1995-07,7318,0,13068.3,0
4427,5882,1995-08,7318,0,12906.8,0
4427,5882,1995-09,7318,0,14846.6,0
3834,5754,1994-10,1921,0,36880.2,0
3834,5754,1994-11,1921,0,37222.8,0
3834,5754,1994-12,1921,0,43714.6,0
3834,5754,1995-01,1921,0,13992.8,0
3834,5754,1995-02,1921,0,27985.9,0
3834,5754,1995-03,1921,0,29782.0,0
3834,5754,1995-04,1921,0,33810.4,0
3834,5754,1995-05,1921,0,37654.4,0
3834,5754,1995-06,1921,0,22913.2,0
3834,5754,1995-07,1921,0,29922.7,0
3834,5754,1995-08,1921,0,32447.5,0
3834,5754,1995-09,1921,0,33876.5,0
7824,6594,1994-10,7904,1,24900.0,0
7824,6594,1994-11,7904,1,21800.0,0
7824,6594,1994-12,7904,1,22000.0,0
7824,6594,1995-01,7904,1,23500.0,0
7824,6594,1995-02,7904,1,68495.7,0
7824,6594,1995-03,7904,1,46381.0,0
7824,6594,1995-04,7904,1,30966.2,0
7824,6594,1995-05,7904,1,31698.1,0
7824,6594,1995-06,7904,1,63037.3,0
7824,6594,1995-07,7904,1,28515.8,0
7824,6594,1995-08,7904,1,8885.1,0
7824,6594,1995-09,7904,1,2607.6,1
7824,6594,1995-10,7904,1,-1091.4,1
7824,6594,1995-11,7904,1,37950.2,0
7824,6594,1995-12,7904,1,71487.9,0
7824,6594,1996-01,7904,1,19726.0,0
7824,6594,1996-02,7904,1,36625.6,0
7824,6594,1996-03,7904,1,7693.3,1
7824,6594,1996-04,7904,1,61478.7,0
7824,6594,1996-05,7904,1,22928.1,0
7824,6594,1996-06,7904,1,8679.7,0
7824,6594,1996-07,7904,1,5009.8,1
7824,6594,1996-08,7904,1,30655.2,0
7824,6594,1996-09,7904,1,2794.4,1
8566,6738,1994-10,6395,1,3053.4,1
8566,6738,1994-11,6395,1,6536.5,0
8566,6738,1994-12,6395,1,7397.7,0
8566,6738,1995-01,6395,1,15209.1,0
8566,6738,1995-02,6395,1,39696.4,0
8566,6738,1995-03,6395,1,18661.0,0
8566,6738,1995-04,6395,1,8675.4,0
8566,6738,1995-05,6395,1,17869.8,0
8566,6738,1995-06,6395,1,49050.7,0
8566,6738,1995-07,6395,1,25684.2,0
8566,6738,1995-08,6395,1,21558.7,0
8566,6738,1995-09,6395,1,16279.1,0
8566,6738,1995-10,6395,1,18684.7,0
8566,6738,1995-11,6395,1,18195.8,0
8566,6738,1995-12,6395,1,14413.9,0
8566,6738,1996-01,6395,1,13376.5,0
8566,6738,1996-02,6395,1,3965.2,1
8566,6738,1996-03,6395,1,13627.7,0
8566,6738,1996-04,6395,1,19314.2,0
8566,6738,1996-05,6395,1,14982.2,0
8566,6738,1996-06,6395,1,5586.8,1
8566,6738,1996-07,6395,1,5040.7,1
8566,6738,1996-08,6395,1,20118.0,0
8566,6738,1996-09,6395,1,4307.5,1
8566,6738,1996-10,6395,1,8333.5,0
8566,6738,1996-11,6395,1,7822.4,0
8566,6738,1996-12,6395,1,7279.5,0
8566,6738,1997-01,6395,1,6754.4,0
8566,6738,1997-02,6395,1,39564.0,0
8566,6738,1997-03,6395,1,63137.3,0
8566,6738,1997-04,6395,1,39964.2,0
8566,6738,1997-05,6395,1,42859.6,0
8566,6738,1997-06,6395,1,40647.2,0
8566,6738,1997-07,6395,1,101243.0,0
8566,6738,1997-08,6395,1,93181.8,0
8566,6738,1997-09,6395,1,32305.7,0
7965,6624,1994-10,5955,0,79481.5,0
7965,6624,1994-11,5955,0,64213.4,0
7965,6624,1994-12,5955,0,42520.2,0
7965,6624,1995-01,5955,0,15074.6,0
7965,6624,1995-02,5955,0,8984.1,0
7965,6624,1995-03,5955,0,5777.4,1
7965,6624,1995-04,5955,0,2457.2,1
7965,6624,1995-05,5955,0,15626.8,0
7965,6624,1995-06,5955,0,40976.2,0
7965,6624,1995-07,5955,0,23940.1,0
7965,6624,1995-08,5955,0,18168.4,0
7965,6624,1995-09,5955,0,12273.5,0
5952,6216,1994-10,5885,0,41683.8,0
5952,6216,1994-11,5885,0,56634.1,0
5952,6216,1994-12,5885,0,74589.1,0
5952,6216,1995-01,5885,0,34058.6,0
5952,6216,1995-02,5885,0,29906.9,0
5952,6216,1995-03,5885,0,53536.1,0
5952,6216,1995-04,5885,0,64623.4,0
5952,6216,1995-05,5885,0,51314.3,0
5952,6216,1995-06,5885,0,61719.7,0
5952,6216,1995-07,5885,0,59360.6,0
5952,6216,1995-08,5885,0,47379.8,0
5952,6216,1995-09,5885,0,47539.6,0
5952,6216,1995-10,5885,0,57723.4,0
5952,6216,1995-11,5885,0,62845.0,0
5952,6216,1995-12,5885,0,69970.6,0
5952,6216,1996-01,5885,0,52486.3,0
5952,6216,1996-02,5885,0,63987.5,0
5952,6216,1996-03,5885,0,55522.5,0
5952,6216,1996-04,5885,0,62331.2,0
5952,6216,1996-05,5885,0,65965.7,0
5952,6216,1996-06,5885,0,63937.3,0
5952,6216,1996-07,5885,0,70179.0,0
5952,6216,1996-08,5885,0,62201.6,0
5952,6216,1996-09,5885,0,58369.6,0
6040,6229,1994-11,489,0,30761.5,0
6040,6229,1994-12,489,0,32124.7,0
6040,6229,1995-01,489,0,21026.9,0
6040,6229,1995-02,489,0,25016.8,0
6040,6229,1995-03,489,0,24414.6,0
6040,6229,1995-04,489,0,24914.5,0
6040,6229,1995-05,489,0,19599.5,0
6040,6229,1995-06,489,0,25724.8,0
6040,6229,1995-07,489,0,25825.0,0
6040,6229,1995-08,489,0,30633.9,0
6040,6229,1995-09,489,0,38472.8,0
6040,6229,1995-10,489,0,40526.7,0
6040,6229,1995-11,489,0,39477.4,0
6040,6229,1995-12,489,0,44776.6,0
6040,6229,1996-01,489,0,17479.8,0
6040,6229,1996-02,489,0,30178.0,0
6040,6229,1996-03,489,0,34802.4,0
6040,6229,1996-04,489,0,35129.1,0
6040,6229,1996-05,489,0,28336.5,0
6040,6229,1996-06,489,0,40402.5,0
6040,6229,1996-07,489,0,30922.1,0
6040,6229,1996-08,489,0,29225.9,0
6040,6229,1996-09,489,0,28525.5,0
6040,6229,1996-10,489,0,28811.0,0
4448,5887,1994-11,5354,0,51776.2,0
4448,5887,1994-12,5354,0,39489.5,0
4448,5887,1995-01,5354,0,72228.7,0
4448,5887,1995-02,5354,0,53614.8,0
4448,5887,1995-03,5354,0,48254.3,0
4448,5887,1995-04,5354,0,47115.7,0
4448,5887,1995-05,5354,0,79253.7,0
4448,5887,1995-06,5354,0,73605.9,0
4448,5887,1995-07,5354,0,51519.2,0
4448,5887,1995-08,5354,0,79469.2,0
4448,5887,1995-09,5354,0,92442.1,0
4448,5887,1995-10,5354,0,102672.4,0
4448,5887,1995-11,5354,0,97117.0,0
4448,5887,1995-12,5354,0,49922.5,0
4448,5887,1996-01,5354,0,42720.7,0
4448,5887,1996-02,5354,0,45532.1,0
4448,5887,1996-03,5354,0,81868.3,0
4448,5887,1996-04,5354,0,68926.3,0
4448,5887,1996-05,5354,0,69563.8,0
4448,5887,1996-06,5354,0,51950.7,0
4448,5887,1996-07,5354,0,79452.4,0
4448,5887,1996-08,5354,0,63966.9,0
4448,5887,1996-09,5354,0,89215.3,0
4448,5887,1996-10,5354,0,106613.4,0
4448,5887,1996-11,5354,0,63603.3,0
4448,5887,1996-12,5354,0,53165.5,0
4448,5887,1997-01,5354,0,53098.2,0
4448,5887,1997-02,5354,0,56698.2,0
4448,5887,1997-03,5354,0,84758.2,0
4448,5887,1997-04,5354,0,80684.1,0
4448,5887,1997-05,5354,0,68680.4,0
4448,5887,1997-06,5354,0,48045.5,0
4448,5887,1997-07,5354,0,101564.2,0
4448,5887,1997-08,5354,0,86448.6,0
4448,5887,1997-09,5354,0,121736.7,0
4448,5887,1997-10,5354,0,97592.2,0
8982,6808,1994-11,6330,0,28960.9,0
8982,6808,1994-12,6330,0,46413.5,0
8982,6808,1995-01,6330,0,23696.6,0
8982,6808,1995-02,6330,0,41287.6,0
8982,6808,1995-03,6330,0,29695.3,0
8982,6808,1995-04,6330,0,38881.1,0
8982,6808,1995-05,6330,0,62624.6,0
8982,6808,1995-06,6330,0,25363.1,0
8982,6808,1995-07,6330,0,41614.0,0
8982,6808,1995-08,6330,0,80368.3,0
8982,6808,1995-09,6330,0,57672.5,0
8982,6808,1995-10,6330,0,46619.6,0
8982,6808,1995-11,6330,0,46721.3,0
8982,6808,1995-12,6330,0,32935.0,0
8982,6808,1996-01,6330,0,29725.2,0
8982,6808,1996-02,6330,0,34381.5,0
8982,6808,1996-03,6330,0,96035.7,0
8982,6808,1996-04,6330,0,92300.4,0
8982,6808,1996-05,6330,0,64036.1,0
8982,6808,1996-06,6330,0,41140.9,0
8982,6808,1996-07,6330,0,49235.5,0
8982,6808,1996-08,6330,0,43887.9,0
8982,6808,1996-09,6330,0,78615.9,0
8982,6808,1996-10,6330,0,82183.7,0
8982,6808,1996-11,6330,0,53966.5,0
8982,6808,1996-12,6330,0,51527.7,0
8982,6808,1997-01,6330,0,73194.2,0
8982,6808,1997-02,6330,0,35320.4,0
8982,6808,1997-03,6330,0,72315.7,0
8982,6808,1997-04,6330,0,77985.5,0
8982,6808,1997-05,6330,0,61899.6,0
8982,6808,1997-06,6330,0,67999.7,0
8982,6808,1997-07,6330,0,49019.4,0
8982,6808,1997-08,6330,0,101270.3,0
8982,6808,1997-09,6330,0,82501.4,0
8982,6808,1997-10,6330,0,67217.5,0
6363,6297,1994-11,1459,0,40422.4,0
6363,6297,1994-12,1459,0,41600.2,0
6363,6297,1995-01,1459,0,40433.1,0
6363,6297,1995-02,1459,0,40162.3,0
6363,6297,1995-03,1459,0,41393.1,0
6363,6297,1995-04,1459,0,41664.4,0
6363,6297,1995-05,1459,0,39896.5,0
6363,6297,1995-06,1459,0,17062.2,0
6363,6297,1995-07,1459,0,27028.1,0
6363,6297,1995-08,1459,0,33083.9,0
6363,6297,1995-09,1459,0,39187.5,0
6363,6297,1995-10,1459,0,43313.3,0
1012,5161,1994-11,4091,0,50318.6,0
1012,5161,1994-12,4091,0,65791.0,0
1012,5161,1995-01,4091,0,26050.7,0
1012,5161,1995-02,4091,0,48727.1,0
1012,5161,1995-03,4091,0,58359.7,0
1012,5161,1995-04,4091,0,48521.4,0
1012,5161,1995-05,4091,0,33415.9,0
1012,5161,1995-06,4091,0,51853.8,0
1012,5161,1995-07,4091,0,45629.4,0
1012,5161,1995-08,4091,0,37975.3,0
1012,5161,1995-09,4091,0,18984.7,0
1012,5161,1995-10,4091,0,11012.8,0
1012,5161,1995-11,4091,0,10862.9,0
1012,5161,1995-12,4091,0,22251.1,0
1012,5161,1996-01,4091,0,24115.1,0
1012,5161,1996-02,4091,0,19827.5,0
1012,5161,1996-03,4091,0,29464.6,0
1012,5161,1996-04,4091,0,31361.1,0
1012,5161,1996-05,4091,0,40517.8,0
1012,5161,1996-06,4091,0,41266.4,0
1012,5161,1996-07,4091,0,38654.7,0
1012,5161,1996-08,4091,0,25650.5,0
1012,5161,1996-09,4091,0,19927.4,0
1012,5161,1996-10,4091,0,32788.1,0
2167,5390,1994-11,7094,0,47560.2,0
2167,5390,1994-12,7094,0,53465.2,0
2167,5390,1995-01,7094,0,40781.5,0
2167,5390,1995-02,7094,0,52330.8,0
2167,5390,1995-03,7094,0,52204.9,0
2167,5390,1995-04,7094,0,50933.7,0
2167,5390,1995-05,7094,0,35171.3,0
2167,5390,1995-06,7094,0,32112.7,0
2167,5390,1995-07,7094,0,33723.9,0
2167,5390,1995-08,7094,0,36826.3,0
2167,5390,1995-09,7094,0,34814.5,0
2167,5390,1995-10,7094,0,37219.7,0
2167,5390,1995-11,7094,0,39945.8,0
2167,5390,1995-12,7094,0,39187.9,0
2167,5390,1996-01,7094,0,28290.0,0
2167,5390,1996-02,7094,0,33777.5,0
2167,5390,1996-03,7094,0,35074.2,0
2167,5390,1996-04,7094,0,34173.1,0
2167,5390,1996-05,7094,0,35579.5,0
2167,5390,1996-06,7094,0,37285.7,0
2167,5390,1996-07,7094,0,31517.5,0
2167,5390,1996-08,7094,0,35303.3,0
2167,5390,1996-09,7094,0,39304.1,0
2167,5390,1996-10,7094,0,42128.1,0
5622,6150,1994-12,6918,0,55189.1,0
5622,6150,1995-01,6918,0,48689.7,0
5622,6150,1995-02,6918,0,64392.5,0
5622,6150,1995-03,6918,0,62630.2,0
5622,6150,1995-04,6918,0,41641.3,0
5622,6150,1995-05,6918,0,64608.2,0
5622,6150,1995-06,6918,0,56661.8,0
5622,6150,1995-07,6918,0,77617.5,0
5622,6150,1995-08,6918,0,51437.6,0
5622,6150,1995-09,6918,0,43990.0,0
5622,6150,1995-10,6918,0,42307.9,0
5622,6150,1995-11,6918,0,54870.6,0
5991,6223,1994-12,1272,0,42765.9,0
5991,6223,1995-01,1272,0,19243.4,0
5991,6223,1995-02,1272,0,27291.6,0
5991,6223,1995-03,1272,0,28603.1,0
5991,6223,1995-04,1272,0,29212.3,0
5991,6223,1995-05,1272,0,29390.1,0
5991,6223,1995-06,1272,0,38511.0,0
5991,6223,1995-07,1272,0,34110.3,0
5991,6223,1995-08,1272,0,32697.1,0
5991,6223,1995-09,1272,0,33402.6,0
5991,6223,1995-10,1272,0,35196.6,0
5991,6223,1995-11,1272,0,32661.3,0
5991,6223,1995-12,1272,0,35621.9,0
5991,6223,1996-01,1272,0,31824.0,0
5991,6223,1996-02,1272,0,44537.6,0
5991,6223,1996-03,1272,0,44802.8,0
5991,6223,1996-04,1272,0,48242.5,0
5991,6223,1996-05,1272,0,42979.9,0
5991,6223,1996-06,1272,0,37726.3,0
5991,6223,1996-07,1272,0,38948.8,0
5991,6223,1996-08,1272,0,43766.0,0
5991,6223,1996-09,1272,0,46494.4,0
5991,6223,1996-10,1272,0,41148.7,0
5991,6223,1996-11,1272,0,41259.4,0
5991,6223,1996-12,1272,0,46623.4,0
5991,6223,1997-01,1272,0,18700.4,0
5991,6223,1997-02,1272,0,33163.6,0
5991,6223,1997-03,1272,0,39642.0,0
5991,6223,1997-04,1272,0,41651.2,0
5991,6223,1997-05,1272,0,38748.5,0
5991,6223,1997-06,1272,0,26811.8,0
5991,6223,1997-07,1272,0,27031.3,0
5991,6223,1997-08,1272,0,32096.4,0
5991,6223,1997-09,1272,0,32766.1,0
5991,6223,1997-10,1272,0,26027.5,0
5991,6223,1997-11,1272,0,29178.5,0
5991,6223,1997-12,1272,0,21172.8,0
5991,6223,1998-01,1272,0,19565.4,0
5991,6223,1998-02,1272,0,28413.2,0
5991,6223,1998-03,1272,0,23695.5,0
5991,6223,1998-04,1272,0,23258.6,0
5991,6223,1998-05,1272,0,17416.9,0
5991,6223,1998-06,1272,0,34402.8,0
5991,6223,1998-07,1272,0,21057.7,0
5991,6223,1998-08,1272,0,29912.4,0
5991,6223,1998-09,1272,0,35558.9,0
5991,6223,1998-10,1272,0,44473.7,0
5991,6223,1998-11,1272,0,18469.8,0
290,5032,1994-12,2577,0,21319.4,0
290,5032,1995-01,2577,0,21471.5,0
290,5032,1995-02,2577,0,22624.9,0
290,5032,1995-03,2577,0,42120.6,0
290,5032,1995-04,2577,0,37311.6,0
290,5032,1995-05,2577,0,59996.2,0
290,5032,1995-06,2577,0,54393.7,0
290,5032,1995-07,2577,0,111944.8,0
290,5032,1995-08,2577,0,74783.1,0
290,5032,1995-09,2577,0,41935.8,0
290,5032,1995-10,2577,0,60821.4,0
290,5032,1995-11,2577,0,50655.2,0
290,5032,1995-12,2577,0,53716.6,0
290,5032,1996-01,2577,0,25893.9,0
290,5032,1996-02,2577,0,28073.1,0
290,5032,1996-03,2577,0,77281.0,0
290,5032,1996-04,2577,0,36196.6,0
290,5032,1996-05,2577,0,33511.7,0
290,5032,1996-06,2577,0,33119.9,0
290,5032,1996-07,2577,0,33928.8,0
290,5032,1996-08,2577,0,26839.3,0
290,5032,1996-09,2577,0,40508.3,0
290,5032,1996-10,2577,0,42353.0,0
290,5032,1996-11,2577,0,35871.7,0
290,5032,1996-12,2577,0,27388.6,0
290,5032,1997-01,2577,0,31885.0,0
290,5032,1997-02,2577,0,44119.7,0
290,5032,1997-03,2577,0,79736.0,0
290,5032,1997-04,2577,0,42705.2,0
290,5032,1997-05,2577,0,37183.6,0
290,5032,1997-06,2577,0,66111.3,0
290,5032,1997-07,2577,0,75543.5,0
290,5032,1997-08,2577,0,83418.4,0
290,5032,1997-09,2577,0,45865.7,0
290,5032,1997-10,2577,0,43528.5,0
290,5032,1997-11,2577,0,129463.4,0
290,5032,1997-12,2577,0,70239.1,0
290,5032,1998-01,2577,0,27202.8,0
290,5032,1998-02,2577,0,28505.8,0
290,5032,1998-03,2577,0,36923.4,0
290,5032,1998-04,2577,0,47484.0,0
290,5032,1998-05,2577,0,46680.7,0
290,5032,1998-06,2577,0,65379.9,0
290,5032,1998-07,2577,0,57303.6,0
290,5032,1998-08,2577,0,41109.2,0
290,5032,1998-09,2577,0,43591.0,0
290,5032,1998-10,2577,0,51371.0,0
290,5032,1998-11,2577,0,33997.7,0
6148,6253,1994-12,2490,0,47959.2,0
6148,6253,1995-01,2490,0,33275.5,0
6148,6253,1995-02,2490,0,39820.3,0
6148,6253,1995-03,2490,0,41127.8,0
6148,6253,1995-04,2490,0,42576.0,0
6148,6253,1995-05,2490,0,46356.7,0
6148,6253,1995-06,2490,0,33149.9,0
6148,6253,1995-07,2490,0,40595.9,0
6148,6253,1995-08,2490,0,40734.9,0
6148,6253,1995-09,2490,0,46908.1,0
6148,6253,1995-10,2490,0,50502.3,0
6148,6253,1995-11,2490,0,53909.7,0
6148,6253,1995-12,2490,0,57534.4,0
6148,6253,1996-01,2490,0,34694.0,0
6148,6253,1996-02,2490,0,41618.0,0
6148,6253,1996-03,2490,0,42449.3,0
6148,6253,1996-04,2490,0,49528.1,0
6148,6253,1996-05,2490,0,54130.9,0
6148,6253,1996-06,2490,0,46858.5,0
6148,6253,1996-07,2490,0,52852.3,0
6148,6253,1996-08,2490,0,52410.7,0
6148,6253,1996-09,2490,0,66762.6,0
6148,6253,1996-10,2490,0,79154.0,0
6148,6253,1996-11,2490,0,83459.3,0
7133,6460,1994-12,1352,0,25192.4,0
7133,6460,1995-01,1352,0,13121.6,0
7133,6460,1995-02,1352,0,16868.0,0
7133,6460,1995-03,1352,0,17290.6,0
7133,6460,1995-04,1352,0,20152.4,0
7133,6460,1995-05,1352,0,25432.7,0
7133,6460,1995-06,1352,0,28000.4,0
7133,6460,1995-07,1352,0,20263.0,0
7133,6460,1995-08,1352,0,24441.2,0
7133,6460,1995-09,1352,0,26631.2,0
7133,6460,1995-10,1352,0,23554.8,0
7133,6460,1995-11,1352,0,23534.9,0
7133,6460,1995-12,1352,0,21090.8,0
7133,6460,1996-01,1352,0,12575.5,0
7133,6460,1996-02,1352,0,14114.4,0
7133,6460,1996-03,1352,0,17464.1,0
7133,6460,1996-04,1352,0,15333.8,0
7133,6460,1996-05,1352,0,14477.8,0
7133,6460,1996-06,1352,0,14794.4,0
7133,6460,1996-07,1352,0,15539.8,0
7133,6460,1996-08,1352,0,12319.8,0
7133,6460,1996-09,1352,0,10648.6,0
7133,6460,1996-10,1352,0,10574.5,0
7133,6460,1996-11,1352,0,10701.2,0
7133,6460,1996-12,1352,0,13607.2,0
7133,6460,1997-01,1352,0,13046.3,0
7133,6460,1997-02,1352,0,16583.5,0
7133,6460,1997-03,1352,0,14625.0,0
7133,6460,1997-04,1352,0,17069.1,0
7133,6460,1997-05,1352,0,18522.5,0
7133,6460,1997-06,1352,0,15650.4,0
7133,6460,1997-07,1352,0,14897.0,0
7133,6460,1997-08,1352,0,12039.3,0
7133,6460,1997-09,1352,0,14473.4,0
7133,6460,1997-10,1352,0,14415.1,0
7133,6460,1997-11,1352,0,16309.4,0
8041,6645,1994-12,3900,0,1999.0,1
8041,6645,1995-01,3900,0,187.6,1
8041,6645,1995-02,3900,0,10350.1,0
8041,6645,1995-03,3900,0,83459.1,0
8041,6645,1995-04,3900,0,51301.0,0
8041,6645,1995-05,3900,0,82997.7,0
8041,6645,1995-06,3900,0,42212.5,0
8041,6645,1995-07,3900,0,70815.3,0
8041,6645,1995-08,3900,0,53306.0,0
8041,6645,1995-09,3900,0,53790.7,0
8041,6645,1995-10,3900,0,31277.6,0
8041,6645,1995-11,3900,0,62360.2,0
8041,6645,1995-12,3900,0,44350.1,0
8041,6645,1996-01,3900,0,21008.7,0
8041,6645,1996-02,3900,0,60965.8,0
8041,6645,1996-03,3900,0,69384.2,0
8041,6645,1996-04,3900,0,64517.4,0
8041,6645,1996-05,3900,0,68704.0,0
8041,6645,1996-06,3900,0,67487.2,0
8041,6645,1996-07,3900,0,75969.1,0
8041,6645,1996-08,3900,0,75315.6,0
8041,6645,1996-09,3900,0,82296.9,0
8041,6645,1996-10,3900,0,73204.4,0
8041,6645,1996-11,3900,0,59868.8,0
8041,6645,1996-12,3900,0,71057.9,0
8041,6645,1997-01,3900,0,68212.7,0
8041,6645,1997-02,3900,0,64538.5,0
8041,6645,1997-03,3900,0,72836.6,0
8041,6645,1997-04,3900,0,61362.3,0
8041,6645,1997-05,3900,0,85424.1,0
8041,6645,1997-06,3900,0,48693.5,0
8041,6645,1997-07,3900,0,33527.2,0
8041,6645,1997-08,3900,0,100056.5,0
8041,6645,1997-09,3900,0,80442.9,0
8041,6645,1997-10,3900,0,54738.5,0
8041,6645,1997-11,3900,0,65892.2,0
1106,5176,1994-12,8023,1,15172.9,0
1106,5176,1995-01,8023,1,-2753.8,1
1106,5176,1995-02,8023,1,10660.3,0
1106,5176,1995-03,8023,1,4183.6,1
1106,5176,1995-04,8023,1,32747.2,0
1106,5176,1995-05,8023,1,67545.7,0
1106,5176,1995-06,8023,1,50502.4,0
1106,5176,1995-07,8023,1,72846.5,0
1106,5176,1995-08,8023,1,51188.7,0
1106,5176,1995-09,8023,1,109917.8,0
1106,5176,1995-10,8023,1,36239.7,0
1106,5176,1995-11,8023,1,26417.8,0
1106,5176,1995-12,8023,1,35929.1,0
1106,5176,1996-01,8023,1,29735.4,0
1106,5176,1996-02,8023,1,28903.2,0
1106,5176,1996-03,8023,1,97968.4,0
1106,5176,1996-04,8023,1,51382.6,0
1106,5176,1996-05,8023,1,34032.0,0
1106,5176,1996-06,8023,1,31522.9,0
1106,5176,1996-07,8023,1,28721.0,0
1106,5176,1996-08,8023,1,29715.3,0
1106,5176,1996-09,8023,1,44662.9,0
1106,5176,1996-10,8023,1,129867.6,0
1106,5176,1996-11,8023,1,97853.8,0
1527,5269,1994-12,4557,1,55791.0,0
1527,5269,1995-01,4557,1,-3248.2,1
1527,5269,1995-02,4557,1,4192.5,1
1527,5269,1995-03,4557,1,36872.3,0
1527,5269,1995-04,4557,1,28345.6,0
1527,5269,1995-05,4557,1,47483.9,0
1527,5269,1995-06,4557,1,3891.5,1
1527,5269,1995-07,4557,1,20509.0,0
1527,5269,1995-08,4557,1,35296.5,0
1527,5269,1995-09,4557,1,36829.3,0
1527,5269,1995-10,4557,1,34499.3,0
1527,5269,1995-11,4557,1,28889.6,0
1527,5269,1995-12,4557,1,5653.3,0
1527,5269,1996-01,4557,1,2008.8,1
1527,5269,1996-02,4557,1,42045.3,0
1527,5269,1996-03,4557,1,31734.6,0
1527,5269,1996-04,4557,1,20982.8,0
1527,5269,1996-05,4557,1,54535.7,0
1527,5269,1996-06,4557,1,15740.7,0
1527,5269,1996-07,4557,1,47394.0,0
1527,5269,1996-08,4557,1,34046.6,0
1527,5269,1996-09,4557,1,66285.5,0
1527,5269,1996-10,4557,1,109236.8,0
1527,5269,1996-11,4557,1,78912.8,0
1527,5269,1996-12,4557,1,82684.8,0
1527,5269,1997-01,4557,1,7315.0,0
1527,5269,1997-02,4557,1,20076.6,0
1527,5269,1997-03,4557,1,45934.9,0
1527,5269,1997-04,4557,1,87863.6,0
1527,5269,1997-05,4557,1,53746.5,0
1527,5269,1997-06,4557,1,41675.2,0
1527,5269,1997-07,4557,1,37444.8,0
1527,5269,1997-08,4557,1,32589.1,0
1527,5269,1997-09,4557,1,42704.1,0
1527,5269,1997-10,4557,1,34487.8,0
1527,5269,1997-11,4557,1,43520.0,0
1978,5351,1995-01,5700,0,34062.1,0
1978,5351,1995-02,5700,0,52076.1,0
1978,5351,1995-03,5700,0,36159.5,0
1978,5351,1995-04,5700,0,36257.5,0
1978,5351,1995-05,5700,0,47763.0,0
1978,5351,1995-06,5700,0,35966.5,0
1978,5351,1995-07,5700,0,47268.4,0
1978,5351,1995-08,5700,0,38457.4,0
1978,5351,1995-09,5700,0,40674.0,0
1978,5351,1995-10,5700,0,42195.4,0
1978,5351,1995-11,5700,0,42124.1,0
1978,5351,1995-12,5700,0,38280.0,0
1978,5351,1996-01,5700,0,35270.2,0
1978,5351,1996-02,5700,0,35062.0,0
1978,5351,1996-03,5700,0,35855.4,0
1978,5351,1996-04,5700,0,34851.7,0
1978,5351,1996-05,5700,0,30224.2,0
1978,5351,1996-06,5700,0,32908.3,0
1978,5351,1996-07,5700,0,31582.4,0
1978,5351,1996-08,5700,0,38362.3,0
1978,5351,1996-09,5700,0,38059.5,0
1978,5351,1996-10,5700,0,40257.2,0
1978,5351,1996-11,5700,0,41962.0,0
1978,5351,1996-12,5700,0,45909.0,0
1978,5351,1997-01,5700,0,32987.0,0
1978,5351,1997-02,5700,0,24829.5,0
1978,5351,1997-03,5700,0,37482.7,0
1978,5351,1997-04,5700,0,39871.4,0
1978,5351,1997-05,5700,0,39767.4,0
1978,5351,1997-06,5700,0,45154.6,0
1978,5351,1997-07,5700,0,46724.9,0
1978,5351,1997-08,5700,0,46243.7,0
1978,5351,1997-09,5700,0,38435.4,0
1978,5351,1997-10,5700,0,44130.1,0
1978,5351,1997-11,5700,0,46140.2,0
1978,5351,1997-12,5700,0,51580.6,0
4337,5861,1995-01,2142,0,69012.8,0
4337,5861,1995-02,2142,0,62424.0,0
4337,5861,1995-03,2142,0,49456.5,0
4337,5861,1995-04,2142,0,63660.0,0
4337,5861,1995-05,2142,0,53325.2,0
4337,5861,1995-06,2142,0,70584.6,0
4337,5861,1995-07,2142,0,83279.1,0
4337,5861,1995-08,2142,0,40444.3,0
4337,5861,1995-09,2142,0,61010.4,0
4337,5861,1995-10,2142,0,67963.4,0
4337,5861,1995-11,2142,0,51956.8,0
4337,5861,1995-12,2142,0,79662.9,0
4337,5861,1996-01,2142,0,83638.3,0
4337,5861,1996-02,2142,0,86157.9,0
4337,5861,1996-03,2142,0,93840.4,0
4337,5861,1996-04,2142,0,93915.1,0
4337,5861,1996-05,2142,0,61822.5,0
4337,5861,1996-06,2142,0,60023.1,0
4337,5861,1996-07,2142,0,41565.3,0
4337,5861,1996-08,2142,0,39776.0,0
4337,5861,1996-09,2142,0,101373.7,0
4337,5861,1996-10,2142,0,99825.9,0
4337,5861,1996-11,2142,0,90598.4,0
4337,5861,1996-12,2142,0,57775.5,0
2345,5450,1995-01,3328,0,19178.3,0
2345,5450,1995-02,3328,0,24629.6,0
2345,5450,1995-03,3328,0,29299.2,0
2345,5450,1995-04,3328,0,30647.4,0
2345,5450,1995-05,3328,0,32002.9,0
2345,5450,1995-06,3328,0,22835.9,0
2345,5450,1995-07,3328,0,27161.4,0
2345,5450,1995-08,3328,0,31904.6,0
2345,5450,1995-09,3328,0,32362.1,0
2345,5450,1995-10,3328,0,29916.7,0
2345,5450,1995-11,3328,0,36573.3,0
2345,5450,1995-12,3328,0,40944.4,0
2345,5450,1996-01,3328,0,24391.8,0
2345,5450,1996-02,3328,0,24316.1,0
2345,5450,1996-03,3328,0,27942.3,0
2345,5450,1996-04,3328,0,38398.6,0
2345,5450,1996-05,3328,0,35262.2,0
2345,5450,1996-06,3328,0,27399.1,0
2345,5450,1996-07,3328,0,34945.5,0
2345,5450,1996-08,3328,0,41117.6,0
2345,5450,1996-09,3328,0,32656.4,0
2345,5450,1996-10,3328,0,35111.0,0
2345,5450,1996-11,3328,0,25363.8,0
2345,5450,1996-12,3328,0,24153.9,0
2345,5450,1997-01,3328,0,32188.0,0
2345,5450,1997-02,3328,0,32222.1,0
2345,5450,1997-03,3328,0,32872.6,0
2345,5450,1997-04,3328,0,34625.7,0
2345,5450,1997-05,3328,0,38291.4,0
2345,5450,1997-06,3328,0,45665.4,0
2345,5450,1997-07,3328,0,38043.7,0
2345,5450,1997-08,3328,0,39918.6,0
2345,5450,1997-09,3328,0,43305.0,0
2345,5450,1997-10,3328,0,42093.4,0
2345,5450,1997-11,3328,0,41879.2,0
2345,5450,1997-12,3328,0,45472.7,0
2345,5450,1998-01,3328,0,42272.1,0
2345,5450,1998-02,3328,0,40855.7,0
2345,5450,1998-03,3328,0,42541.2,0
2345,5450,1998-04,3328,0,40423.5,0
2345,5450,1998-05,3328,0,36901.9,0
2345,5450,1998-06,3328,0,27820.0,0
2345,5450,1998-07,3328,0,36068.6,0
2345,5450,1998-08,3328,0,20512.2,0
2345,5450,1998-09,3328,0,20839.4,0
2345,5450,1998-10,3328,0,22867.6,0
2345,5450,1998-11,3328,0,23602.8,0
2345,5450,1998-12,3328,0,31797.3,0
2345,5450,1999-01,3328,0,31797.3,0
2345,5450,1999-02,3328,0,31797.3,0
2345,5450,1999-03,3328,0,31797.3,0
2345,5450,1999-04,3328,0,31797.3,0
2345,5450,1999-05,3328,0,31797.3,0
2345,5450,1999-06,3328,0,31797.3,0
2345,5450,1999-07,3328,0,31797.3,0
2345,5450,1999-08,3328,0,31797.3,0
2345,5450,1999-09,3328,0,31797.3,0
2345,5450,1999-10,3328,0,31797.3,0
2345,5450,1999-11,3328,0,31797.3,0
2345,5450,1999-12,3328,0,31797.3,0
10451,7142,1995-01,8049,1,12859.5,0
10451,7142,1995-02,8049,1,18271.6,0
10451,7142,1995-03,8049,1,19916.0,0
10451,7142,1995-04,8049,1,19970.1,0
10451,7142,1995-05,8049,1,19737.9,0
10451,7142,1995-06,8049,1,22744.5,0
10451,7142,1995-07,8049,1,21616.4,0
10451,7142,1995-08,8049,1,24299.7,0
10451,7142,1995-09,8049,1,21465.6,0
10451,7142,1995-10,8049,1,23630.5,0
10451,7142,1995-11,8049,1,24305.7,0
10451,7142,1995-12,8049,1,27089.8,0
10451,7142,1996-01,8049,1,13479.5,0
10451,7142,1996-02,8049,1,18095.3,0
10451,7142,1996-03,8049,1,19406.3,0
10451,7142,1996-04,8049,1,21178.5,0
10451,7142,1996-05,8049,1,25436.8,0
10451,7142,1996-06,8049,1,31993.9,0
10451,7142,1996-07,8049,1,30734.4,0
10451,7142,1996-08,8049,1,27252.3,0
10451,7142,1996-09,8049,1,20735.2,0
10451,7142,1996-10,8049,1,16757.3,0
10451,7142,1996-11,8049,1,14161.9,0
10451,7142,1996-12,8049,1,11067.5,0
10451,7142,1997-01,8049,1,3558.3,1
10451,7142,1997-02,8049,1,2021.1,1
10451,7142,1997-03,8049,1,3140.1,1
10451,7142,1997-04,8049,1,7517.6,1
10451,7142,1997-05,8049,1,9383.9,0
10451,7142,1997-06,8049,1,11536.0,0
10451,7142,1997-07,8049,1,7377.4,1
10451,7142,1997-08,8049,1,8325.5,0
10451,7142,1997-09,8049,1,10078.7,0
10451,7142,1997-10,8049,1,11244.0,0
10451,7142,1997-11,8049,1,16593.0,0
10451,7142,1997-12,8049,1,17717.8,0
10451,7142,1998-01,8049,1,11558.0,0
10451,7142,1998-02,8049,1,13097.2,0
10451,7142,1998-03,8049,1,18266.5,0
10451,7142,1998-04,8049,1,18929.5,0
10451,7142,1998-05,8049,1,16617.1,0
10451,7142,1998-06,8049,1,20373.2,0
10451,7142,1998-07,8049,1,15784.0,0
10451,7142,1998-08,8049,1,17300.3,0
10451,7142,1998-09,8049,1,13441.5,0
10451,7142,1998-10,8049,1,10117.7,0
10451,7142,1998-11,8049,1,8398.4,0
10451,7142,1998-12,8049,1,13695.0,0
10451,7142,1999-01,8049,1,13695.0,0
10451,7142,1999-02,8049,1,13695.0,0
10451,7142,1999-03,8049,1,13695.0,0
10451,7142,1999-04,8049,1,13695.0,0
10451,7142,1999-05,8049,1,13695.0,0
10451,7142,1999-06,8049,1,13695.0,0
10451,7142,1999-07,8049,1,13695.0,0
10451,7142,1999-08,8049,1,13695.0,0
10451,7142,1999-09,8049,1,13695.0,0
10451,7142,1999-10,8049,1,13695.0,0
10451,7142,1999-11,8049,1,13695.0,0
10451,7142,1999-12,8049,1,13695.0,0
6425,6306,1995-01,3057,0,32678.4,0
6425,6306,1995-02,3057,0,34117.5,0
6425,6306,1995-03,3057,0,30690.9,0
6425,6306,1995-04,3057,0,31083.8,0
6425,6306,1995-05,3057,0,26306.2,0
6425,6306,1995-06,3057,0,21341.6,0
6425,6306,1995-07,3057,0,17380.5,0
6425,6306,1995-08,3057,0,20460.5,0
6425,6306,1995-09,3057,0,20203.4,0
6425,6306,1995-10,3057,0,23293.7,0
6425,6306,1995-11,3057,0,25694.7,0
6425,6306,1995-12,3057,0,29437.8,0
6226,6272,1995-01,6644,0,60247.1,0
6226,6272,1995-02,6644,0,44696.4,0
6226,6272,1995-03,6644,0,55316.7,0
6226,6272,1995-04,6644,0,42631.7,0
6226,6272,1995-05,6644,0,55043.6,0
6226,6272,1995-06,6644,0,10784.1,0
6226,6272,1995-07,6644,0,35186.1,0
6226,6272,1995-08,6644,0,48062.0,0
6226,6272,1995-09,6644,0,53257.0,0
6226,6272,1995-10,6644,0,56492.3,0
6226,6272,1995-11,6644,0,63936.6,0
6226,6272,1995-12,6644,0,52832.1,0
6226,6272,1996-01,6644,0,40901.4,0
6226,6272,1996-02,6644,0,30354.3,0
6226,6272,1996-03,6644,0,15872.9,0
6226,6272,1996-04,6644,0,17759.6,0
6226,6272,1996-05,6644,0,35575.2,0
6226,6272,1996-06,6644,0,16264.6,0
6226,6272,1996-07,6644,0,24456.6,0
6226,6272,1996-08,6644,0,27420.4,0
6226,6272,1996-09,6644,0,28191.3,0
6226,6272,1996-10,6644,0,45522.8,0
6226,6272,1996-11,6644,0,61252.9,0
6226,6272,1996-12,6644,0,61601.1,0
6226,6272,1997-01,6644,0,74698.0,0
6226,6272,1997-02,6644,0,89311.6,0
6226,6272,1997-03,6644,0,72247.1,0
6226,6272,1997-04,6644,0,71102.4,0
6226,6272,1997-05,6644,0,45264.1,0
6226,6272,1997-06,6644,0,62742.2,0
6226,6272,1997-07,6644,0,94800.8,0
6226,6272,1997-08,6644,0,28862.1,0
6226,6272,1997-09,6644,0,55491.9,0
6226,6272,1997-10,6644,0,92933.9,0
6226,6272,1997-11,6644,0,40045.8,0
6226,6272,1997-12,6644,0,108160.7,0
6226,6272,1998-01,6644,0,55884.3,0
6226,6272,1998-02,6644,0,84113.6,0
6226,6272,1998-03,6644,0,101616.8,0
6226,6272,1998-04,6644,0,80784.9,0
6226,6272,1998-05,6644,0,109101.0,0
6226,6272,1998-06,6644,0,51739.7,0
6226,6272,1998-07,6644,0,83819.9,0
6226,6272,1998-08,6644,0,79396.5,0
6226,6272,1998-09,6644,0,73261.6,0
6226,6272,1998-10,6644,0,93627.3,0
6226,6272,1998-11,6644,0,87537.3,0
6226,6272,1998-12,6644,0,94872.8,0
6226,6272,1999-01,6644,0,94872.8,0
6226,6272,1999-02,6644,0,94872.8,0
6226,6272,1999-03,6644,0,94872.8,0
6226,6272,1999-04,6644,0,94872.8,0
6226,6272,1999-05,6644,0,94872.8,0
6226,6272,1999-06,6644,0,94872.8,0
6226,6272,1999-07,6644,0,94872.8,0
6226,6272,1999-08,6644,0,94872.8,0
6226,6272,1999-09,6644,0,94872.8,0
6226,6272,1999-10,6644,0,94872.8,0
6226,6272,1999-11,6644,0,94872.8,0
6226,6272,1999-12,6644,0,94872.8,0
344,5044,1995-01,1683,0,27661.1,0
344,5044,1995-02,1683,0,32006.7,0
344,5044,1995-03,1683,0,32967.8,0
344,5044,1995-04,1683,0,33233.5,0
344,5044,1995-05,1683,0,32397.5,0
344,5044,1995-06,1683,0,25293.8,0
344,5044,1995-07,1683,0,30229.7,0
344,5044,1995-08,1683,0,30182.2,0
344,5044,1995-09,1683,0,34837.3,0
344,5044,1995-10,1683,0,36308.2,0
344,5044,1995-11,1683,0,39586.3,0
344,5044,1995-12,1683,0,42270.1,0
344,5044,1996-01,1683,0,39459.3,0
344,5044,1996-02,1683,0,41048.9,0
344,5044,1996-03,1683,0,42142.2,0
344,5044,1996-04,1683,0,43539.8,0
344,5044,1996-05,1683,0,39635.0,0
344,5044,1996-06,1683,0,42407.2,0
344,5044,1996-07,1683,0,41101.6,0
344,5044,1996-08,1683,0,40989.6,0
344,5044,1996-09,1683,0,45786.4,0
344,5044,1996-10,1683,0,48298.2,0
344,5044,1996-11,1683,0,42500.9,0
344,5044,1996-12,1683,0,42981.1,0
344,5044,1997-01,1683,0,30549.1,0
344,5044,1997-02,1683,0,30889.8,0
344,5044,1997-03,1683,0,35342.1,0
344,5044,1997-04,1683,0,34802.1,0
344,5044,1997-05,1683,0,38569.1,0
344,5044,1997-06,1683,0,33811.2,0
344,5044,1997-07,1683,0,35869.0,0
344,5044,1997-08,1683,0,39639.6,0
344,5044,1997-09,1683,0,40917.6,0
344,5044,1997-10,1683,0,40094.9,0
344,5044,1997-11,1683,0,41275.2,0
344,5044,1997-12,1683,0,43539.4,0
344,5044,1998-01,1683,0,41327.2,0
344,5044,1998-02,1683,0,42011.0,0
344,5044,1998-03,1683,0,43399.7,0
344,5044,1998-04,1683,0,43288.4,0
344,5044,1998-05,1683,0,38873.9,0
344,5044,1998-06,1683,0,23580.5,0
344,5044,1998-07,1683,0,32516.2,0
344,5044,1998-08,1683,0,34669.7,0
344,5044,1998-09,1683,0,36731.4,0
344,5044,1998-10,1683,0,35497.3,0
344,5044,1998-11,1683,0,44892.4,0
344,5044,1998-12,1683,0,56604.4,0
344,5044,1999-01,1683,0,56604.4,0
344,5044,1999-02,1683,0,56604.4,0
344,5044,1999-03,1683,0,56604.4,0
344,5044,1999-04,1683,0,56604.4,0
344,5044,1999-05,1683,0,56604.4,0
344,5044,1999-06,1683,0,56604.4,0
344,5044,1999-07,1683,0,56604.4,0
344,5044,1999-08,1683,0,56604.4,0
344,5044,1999-09,1683,0,56604.4,0
344,5044,1999-10,1683,0,56604.4,0
344,5044,1999-11,1683,0,56604.4,0
344,5044,1999-12,1683,0,56604.4,0
2962,5576,1995-01,2604,0,42758.1,0
2962,5576,1995-02,2604,0,49987.5,0
2962,5576,1995-03,2604,0,35087.8,0
2962,5576,1995-04,2604,0,90291.6,0
2962,5576,1995-05,2604,0,70817.4,0
2962,5576,1995-06,2604,0,96540.8,0
2962,5576,1995-07,2604,0,48001.7,0
2962,5576,1995-08,2604,0,80746.1,0
2962,5576,1995-09,2604,0,48962.8,0
2962,5576,1995-10,2604,0,100996.5,0
2962,5576,1995-11,2604,0,52960.0,0
2962,5576,1995-12,2604,0,93877.6,0
10738,7192,1995-01,3222,0,67955.0,0
10738,7192,1995-02,3222,0,71111.6,0
10738,7192,1995-03,3222,0,36434.0,0
10738,7192,1995-04,3222,0,67898.9,0
10738,7192,1995-05,3222,0,46846.0,0
10738,7192,1995-06,3222,0,40099.7,0
10738,7192,1995-07,3222,0,94652.7,0
10738,7192,1995-08,3222,0,95690.0,0
10738,7192,1995-09,3222,0,94532.8,0
10738,7192,1995-10,3222,0,76454.3,0
10738,7192,1995-11,3222,0,43183.3,0
10738,7192,1995-12,3222,0,64804.3,0
10738,7192,1996-01,3222,0,21859.2,0
10738,7192,1996-02,3222,0,15956.4,0
10738,7192,1996-03,3222,0,14945.3,0
10738,7192,1996-04,3222,0,16963.3,0
10738,7192,1996-05,3222,0,23146.7,0
10738,7192,1996-06,3222,0,11731.3,0
10738,7192,1996-07,3222,0,56357.8,0
10738,7192,1996-08,3222,0,41577.0,0
10738,7192,1996-09,3222,0,44248.7,0
10738,7192,1996-10,3222,0,64063.9,0
10738,7192,1996-11,3222,0,40397.8,0
10738,7192,1996-12,3222,0,34049.0,0
10738,7192,1997-01,3222,0,50512.5,0
10738,7192,1997-02,3222,0,93645.7,0
10738,7192,1997-03,3222,0,54093.0,0
10738,7192,1997-04,3222,0,46906.5,0
10738,7192,1997-05,3222,0,42682.8,0
10738,7192,1997-06,3222,0,64639.9,0
10738,7192,1997-07,3222,0,72261.1,0
10738,7192,1997-08,3222,0,92564.4,0
10738,7192,1997-09,3222,0,105428.0,0
10738,7192,1997-10,3222,0,102125.2,0
10738,7192,1997-11,3222,0,63949.0,0
10738,7192,1997-12,3222,0,50755.4,0
3747,5739,1995-02,6365,0,17103.6,0
3747,5739,1995-03,6365,0,17150.7,0
3747,5739,1995-04,6365,0,15497.3,0
3747,5739,1995-05,6365,0,14737.6,0
3747,5739,1995-06,6365,0,18977.0,0
3747,5739,1995-07,6365,0,17244.0,0
3747,5739,1995-08,6365,0,18094.1,0
3747,5739,1995-09,6365,0,20650.1,0
3747,5739,1995-10,6365,0,19051.3,0
3747,5739,1995-11,6365,0,16605.9,0
3747,5739,1995-12,6365,0,16172.5,0
3747,5739,1996-01,6365,0,10503.4,0
7523,6526,1995-02,8013,0,30989.6,0
7523,6526,1995-03,8013,0,27896.6,0
7523,6526,1995-04,8013,0,32042.9,0
7523,6526,1995-05,8013,0,32098.7,0
7523,6526,1995-06,8013,0,31980.9,0
7523,6526,1995-07,8013,0,32178.0,0
7523,6526,1995-08,8013,0,31014.6,0
7523,6526,1995-09,8013,0,29043.6,0
7523,6526,1995-10,8013,0,31704.1,0
7523,6526,1995-11,8013,0,28532.7,0
7523,6526,1995-12,8013,0,36696.4,0
7523,6526,1996-01,8013,0,19878.3,0
7523,6526,1996-02,8013,0,22419.9,0
7523,6526,1996-03,8013,0,28421.0,0
7523,6526,1996-04,8013,0,31958.7,0
7523,6526,1996-05,8013,0,22824.7,0
7523,6526,1996-06,8013,0,34302.2,0
7523,6526,1996-07,8013,0,35205.8,0
7523,6526,1996-08,8013,0,37207.7,0
7523,6526,1996-09,8013,0,35359.6,0
7523,6526,1996-10,8013,0,33575.0,0
7523,6526,1996-11,8013,0,33444.8,0
7523,6526,1996-12,8013,0,41926.5,0
7523,6526,1997-01,8013,0,21949.2,0
7523,6526,1997-02,8013,0,31044.2,0
7523,6526,1997-03,8013,0,35678.2,0
7523,6526,1997-04,8013,0,40622.9,0
7523,6526,1997-05,8013,0,42070.4,0
7523,6526,1997-06,8013,0,41851.0,0
7523,6526,1997-07,8013,0,36004.5,0
7523,6526,1997-08,8013,0,26870.7,0
7523,6526,1997-09,8013,0,35678.5,0
7523,6526,1997-10,8013,0,33995.5,0
7523,6526,1997-11,8013,0,23947.1,0
7523,6526,1997-12,8013,0,23920.5,0
7523,6526,1998-01,8013,0,21196.2,0
3166,5624,1995-02,3703,1,19997.1,0
3166,5624,1995-03,3703,1,4991.0,0
3166,5624,1995-04,3703,1,36032.8,0
3166,5624,1995-05,3703,1,79572.4,0
3166,5624,1995-06,3703,1,4989.1,0
3166,5624,1995-07,3703,1,60674.5,0
3166,5624,1995-08,3703,1,66390.4,0
3166,5624,1995-09,3703,1,55228.2,0
3166,5624,1995-10,3703,1,45036.7,0
3166,5624,1995-11,3703,1,35592.3,0
3166,5624,1995-12,3703,1,24411.2,0
3166,5624,1996-01,3703,1,20133.5,0
3166,5624,1996-02,3703,1,73226.2,0
3166,5624,1996-03,3703,1,52459.3,0
3166,5624,1996-04,3703,1,49356.6,0
3166,5624,1996-05,3703,1,69268.2,0
3166,5624,1996-06,3703,1,44965.8,0
3166,5624,1996-07,3703,1,74148.8,0
3166,5624,1996-08,3703,1,99818.5,0
3166,5624,1996-09,3703,1,69118.0,0
3166,5624,1996-10,3703,1,82327.6,0
3166,5624,1996-11,3703,1,66831.3,0
3166,5624,1996-12,3703,1,73964.8,0
3166,5624,1997-01,3703,1,30870.8,0
3166,5624,1997-02,3703,1,42093.1,0
3166,5624,1997-03,3703,1,35684.7,0
3166,5624,1997-04,3703,1,42672.9,0
3166,5624,1997-05,3703,1,34867.0,0
3166,5624,1997-06,3703,1,4657.7,0
3166,5624,1997-07,3703,1,82501.7,0
3166,5624,1997-08,3703,1,86050.0,0
3166,5624,1997-09,3703,1,77679.0,0
3166,5624,1997-10,3703,1,49063.9,0
3166,5624,1997-11,3703,1,79302.1,0
3166,5624,1997-12,3703,1,53234.9,0
3166,5624,1998-01,3703,1,41154.0,0
3166,5624,1998-02,3703,1,81556.1,0
3166,5624,1998-03,3703,1,70682.5,0
3166,5624,1998-04,3703,1,71350.4,0
3166,5624,1998-05,3703,1,108737.7,0
3166,5624,1998-06,3703,1,72873.5,0
3166,5624,1998-07,3703,1,69311.8,0
3166,5624,1998-08,3703,1,63962.8,0
3166,5624,1998-09,3703,1,73426.6,0
3166,5624,1998-10,3703,1,54197.3,0
3166,5624,1998-11,3703,1,84214.5,0
3166,5624,1998-12,3703,1,65363.9,0
3166,5624,1999-01,3703,1,65363.9,0
6118,6244,1995-02,7518,1,11179.7,0
6118,6244,1995-03,7518,1,-563.2,1
6118,6244,1995-04,7518,1,-5141.4,1
6118,6244,1995-05,7518,1,15392.3,0
6118,6244,1995-06,7518,1,2666.4,1
6118,6244,1995-07,7518,1,18662.8,0
6118,6244,1995-08,7518,1,16002.4,0
6118,6244,1995-09,7518,1,9056.6,0
6118,6244,1995-10,7518,1,14362.5,0
6118,6244,1995-11,7518,1,20706.0,0
6118,6244,1995-12,7518,1,22310.2,0
6118,6244,1996-01,7518,1,64558.0,0
6118,6244,1996-02,7518,1,35885.1,0
6118,6244,1996-03,7518,1,33048.1,0
6118,6244,1996-04,7518,1,33436.7,0
6118,6244,1996-05,7518,1,37266.2,0
6118,6244,1996-06,7518,1,70808.1,0
6118,6244,1996-07,7518,1,45972.9,0
6118,6244,1996-08,7518,1,75900.0,0
6118,6244,1996-09,7518,1,71031.4,0
6118,6244,1996-10,7518,1,67016.1,0
6118,6244,1996-11,7518,1,79598.3,0
6118,6244,1996-12,7518,1,51689.4,0
6118,6244,1997-01,7518,1,59735.0,0
6118,6244,1997-02,7518,1,41509.9,0
6118,6244,1997-03,7518,1,46684.6,0
6118,6244,1997-04,7518,1,34277.3,0
6118,6244,1997-05,7518,1,34490.7,0
6118,6244,1997-06,7518,1,61489.8,0
6118,6244,1997-07,7518,1,62741.2,0
6118,6244,1997-08,7518,1,60456.3,0
6118,6244,1997-09,7518,1,53246.0,0
6118,6244,1997-10,7518,1,65478.3,0
6118,6244,1997-11,7518,1,41794.2,0
6118,6244,1997-12,7518,1,32266.7,0
6118,6244,1998-01,7518,1,24910.1,0
816,5131,1995-02,2026,0,38765.1,0
816,5131,1995-03,2026,0,43747.2,0
816,5131,1995-04,2026,0,63253.6,0
816,5131,1995-05,2026,0,59392.4,0
816,5131,1995-06,2026,0,44161.2,0
816,5131,1995-07,2026,0,36571.4,0
816,5131,1995-08,2026,0,30652.3,0
816,5131,1995-09,2026,0,33691.5,0
816,5131,1995-10,2026,0,43626.4,0
816,5131,1995-11,2026,0,77711.5,0
816,5131,1995-12,2026,0,66961.7,0
816,5131,1996-01,2026,0,43052.2,0
816,5131,1996-02,2026,0,48735.9,0
816,5131,1996-03,2026,0,42478.4,0
816,5131,1996-04,2026,0,80394.1,0
816,5131,1996-05,2026,0,104189.4,0
816,5131,1996-06,2026,0,63401.6,0
816,5131,1996-07,2026,0,61920.0,0
816,5131,1996-08,2026,0,82637.3,0
816,5131,1996-09,2026,0,106047.6,0
816,5131,1996-10,2026,0,72361.7,0
816,5131,1996-11,2026,0,55367.4,0
816,5131,1996-12,2026,0,31792.7,0
816,5131,1997-01,2026,0,28749.5,0
9640,6960,1995-02,3184,0,26990.8,0
9640,6960,1995-03,3184,0,27181.4,0
9640,6960,1995-04,3184,0,29413.0,0
9640,6960,1995-05,3184,0,32553.5,0
9640,6960,1995-06,3184,0,42674.0,0
9640,6960,1995-07,3184,0,37238.3,0
9640,6960,1995-08,3184,0,28693.2,0
9640,6960,1995-09,3184,0,29630.5,0
9640,6960,1995-10,3184,0,30254.9,0
9640,6960,1995-11,3184,0,32799.1,0
9640,6960,1995-12,3184,0,28538.3,0
9640,6960,1996-01,3184,0,28756.0,0
9640,6960,1996-02,3184,0,34495.3,0
9640,6960,1996-03,3184,0,38358.2,0
9640,6960,1996-04,3184,0,37533.6,0
9640,6960,1996-05,3184,0,40708.7,0
9640,6960,1996-06,3184,0,47468.6,0
9640,6960,1996-07,3184,0,36863.1,0
9640,6960,1996-08,3184,0,38138.0,0
9640,6960,1996-09,3184,0,38912.7,0
9640,6960,1996-10,3184,0,41993.5,0
9640,6960,1996-11,3184,0,36980.1,0
9640,6960,1996-12,3184,0,44426.1,0
9640,6960,1997-01,3184,0,41395.7,0
6715,6358,1995-02,2298,1,6074.1,0
6715,6358,1995-03,2298,1,20104.0,0
6715,6358,1995-04,2298,1,-1678.1,1
6715,6358,1995-05,2298,1,12626.9,0
6715,6358,1995-06,2298,1,28894.4,0
6715,6358,1995-07,2298,1,35699.0,0
6715,6358,1995-08,2298,1,471.1,1
6715,6358,1995-09,2298,1,21310.4,0
6715,6358,1995-10,2298,1,30596.9,0
6715,6358,1995-11,2298,1,11183.5,0
6715,6358,1995-12,2298,1,16309.2,0
6715,6358,1996-01,2298,1,10164.2,0
6715,6358,1996-02,2298,1,21510.1,0
6715,6358,1996-03,2298,1,44444.3,0
6715,6358,1996-04,2298,1,43415.4,0
6715,6358,1996-05,2298,1,48072.4,0
6715,6358,1996-06,2298,1,55463.3,0
6715,6358,1996-07,2298,1,65891.8,0
6715,6358,1996-08,2298,1,50635.9,0
6715,6358,1996-09,2298,1,60436.0,0
6715,6358,1996-10,2298,1,58749.4,0
6715,6358,1996-11,2298,1,38468.7,0
6715,6358,1996-12,2298,1,55525.4,0
6715,6358,1997-01,2298,1,28180.2,0
6715,6358,1997-02,2298,1,35933.4,0
6715,6358,1997-03,2298,1,50174.0,0
6715,6358,1997-04,2298,1,58078.7,0
6715,6358,1997-05,2298,1,57401.7,0
6715,6358,1997-06,2298,1,23524.7,0
6715,6358,1997-07,2298,1,35801.9,0
6715,6358,1997-08,2298,1,46138.8,0
6715,6358,1997-09,2298,1,35009.0,0
6715,6358,1997-10,2298,1,32435.7,0
6715,6358,1997-11,2298,1,44559.4,0
6715,6358,1997-12,2298,1,37794.9,0
6715,6358,1998-01,2298,1,3224.3,0
6715,6358,1998-02,2298,1,13038.3,0
6715,6358,1998-03,2298,1,29220.4,0
6715,6358,1998-04,2298,1,30140.9,0
6715,6358,1998-05,2298,1,27945.2,0
6715,6358,1998-06,2298,1,38048.1,0
6715,6358,1998-07,2298,1,41557.5,0
6715,6358,1998-08,2298,1,53418.4,0
6715,6358,1998-09,2298,1,56498.3,0
6715,6358,1998-10,2298,1,46711.7,0
6715,6358,1998-11,2298,1,29526.9,0
6715,6358,1998-12,2298,1,33024.2,0
6715,6358,1999-01,2298,1,33024.2,0
6715,6358,1999-02,2298,1,33024.2,0
6715,6358,1999-03,2298,1,33024.2,0
6715,6358,1999-04,2298,1,33024.2,0
6715,6358,1999-05,2298,1,33024.2,0
6715,6358,1999-06,2298,1,33024.2,0
6715,6358,1999-07,2298,1,33024.2,0
6715,6358,1999-08,2298,1,33024.2,0
6715,6358,1999-09,2298,1,33024.2,0
6715,6358,1999-10,2298,1,33024.2,0
6715,6358,1999-11,2298,1,33024.2,0
6715,6358,1999-12,2298,1,33024.2,0
6715,6358,2000-01,2298,1,33024.2,0
2245,5418,1995-02,7249,0,80120.1,0
2245,5418,1995-03,7249,0,77148.5,0
2245,5418,1995-04,7249,0,50259.3,0
2245,5418,1995-05,7249,0,38578.7,0
2245,5418,1995-06,7249,0,63823.8,0
2245,5418,1995-07,7249,0,44678.7,0
2245,5418,1995-08,7249,0,48407.1,0
2245,5418,1995-09,7249,0,58792.4,0
2245,5418,1995-10,7249,0,70946.5,0
2245,5418,1995-11,7249,0,41323.7,0
2245,5418,1995-12,7249,0,67252.5,0
2245,5418,1996-01,7249,0,32487.9,0
2245,5418,1996-02,7249,0,103404.3,0
2245,5418,1996-03,7249,0,93679.5,0
2245,5418,1996-04,7249,0,61094.5,0
2245,5418,1996-05,7249,0,41634.2,0
2245,5418,1996-06,7249,0,38654.5,0
2245,5418,1996-07,7249,0,44277.7,0
2245,5418,1996-08,7249,0,85413.8,0
2245,5418,1996-09,7249,0,92661.4,0
2245,5418,1996-10,7249,0,77875.5,0
2245,5418,1996-11,7249,0,88449.1,0
2245,5418,1996-12,7249,0,88952.4,0
2245,5418,1997-01,7249,0,41314.5,0
2245,5418,1997-02,7249,0,38709.6,0
2245,5418,1997-03,7249,0,41469.9,0
2245,5418,1997-04,7249,0,31933.9,0
2245,5418,1997-05,7249,0,33600.2,0
2245,5418,1997-06,7249,0,34972.4,0
2245,5418,1997-07,7249,0,35347.4,0
2245,5418,1997-08,7249,0,32916.2,0
2245,5418,1997-09,7249,0,33582.9,0
2245,5418,1997-10,7249,0,33349.7,0
2245,5418,1997-11,7249,0,34018.9,0
2245,5418,1997-12,7249,0,35792.4,0
2245,5418,1998-01,7249,0,99928.2,0
2245,5418,1998-02,7249,0,103616.8,0
2245,5418,1998-03,7249,0,110583.4,0
2245,5418,1998-04,7249,0,100704.7,0
2245,5418,1998-05,7249,0,94588.1,0
2245,5418,1998-06,7249,0,46117.8,0
2245,5418,1998-07,7249,0,97474.2,0
2245,5418,1998-08,7249,0,112954.8,0
2245,5418,1998-09,7249,0,94039.2,0
2245,5418,1998-10,7249,0,84990.8,0
2245,5418,1998-11,7249,0,87851.2,0
2245,5418,1998-12,7249,0,125279.8,0
2245,5418,1999-01,7249,0,125279.8,0
7857,6598,1995-02,5676,0,39314.3,0
7857,6598,1995-03,5676,0,47219.7,0
7857,6598,1995-04,5676,0,49804.6,0
7857,6598,1995-05,5676,0,44279.4,0
7857,6598,1995-06,5676,0,46738.6,0
7857,6598,1995-07,5676,0,44654.0,0
7857,6598,1995-08,5676,0,27595.8,0
7857,6598,1995-09,5676,0,40249.6,0
7857,6598,1995-10,5676,0,42226.7,0
7857,6598,1995-11,5676,0,40911.2,0
7857,6598,1995-12,5676,0,52303.8,0
7857,6598,1996-01,5676,0,30173.4,0
2419,5464,1995-02,7984,0,20335.9,0
2419,5464,1995-03,7984,0,55709.4,0
2419,5464,1995-04,7984,0,37925.8,0
2419,5464,1995-05,7984,0,37705.1,0
2419,5464,1995-06,7984,0,35251.9,0
2419,5464,1995-07,7984,0,67042.5,0
2419,5464,1995-08,7984,0,60220.1,0
2419,5464,1995-09,7984,0,27798.0,0
2419,5464,1995-10,7984,0,59678.9,0
2419,5464,1995-11,7984,0,36382.5,0
2419,5464,1995-12,7984,0,54908.8,0
2419,5464,1996-01,7984,0,87314.5,0
7819,6591,1995-03,434,0,24023.4,0
7819,6591,1995-04,434,0,26211.1,0
7819,6591,1995-05,434,0,27706.3,0
7819,6591,1995-06,434,0,28320.2,0
7819,6591,1995-07,434,0,26119.2,0
7819,6591,1995-08,434,0,28314.6,0
7819,6591,1995-09,434,0,30418.7,0
7819,6591,1995-10,434,0,27519.1,0
7819,6591,1995-11,434,0,27614.4,0
7819,6591,1995-12,434,0,28434.1,0
7819,6591,1996-01,434,0,20503.1,0
7819,6591,1996-02,434,0,18969.0,0
7819,6591,1996-03,434,0,15923.2,0
7819,6591,1996-04,434,0,15170.1,0
7819,6591,1996-05,434,0,19623.7,0
7819,6591,1996-06,434,0,23113.4,0
7819,6591,1996-07,434,0,18881.6,0
7819,6591,1996-08,434,0,16135.0,0
7819,6591,1996-09,434,0,14779.6,0
7819,6591,1996-10,434,0,15322.9,0
7819,6591,1996-11,434,0,14464.3,0
7819,6591,1996-12,434,0,14525.3,0
7819,6591,1997-01,434,0,15868.9,0
7819,6591,1997-02,434,0,21528.9,0
7819,6591,1997-03,434,0,15683.3,0
7819,6591,1997-04,434,0,18436.2,0
7819,6591,1997-05,434,0,21199.4,0
7819,6591,1997-06,434,0,28402.6,0
7819,6591,1997-07,434,0,22587.3,0
7819,6591,1997-08,434,0,25368.8,0
7819,6591,1997-09,434,0,22043.0,0
7819,6591,1997-10,434,0,20909.0,0
7819,6591,1997-11,434,0,22480.1,0
7819,6591,1997-12,434,0,28387.6,0
7819,6591,1998-01,434,0,17153.5,0
7819,6591,1998-02,434,0,19911.1,0
7819,6591,1998-03,434,0,20473.8,0
7819,6591,1998-04,434,0,19632.5,0
7819,6591,1998-05,434,0,22400.8,0
7819,6591,1998-06,434,0,29608.0,0
7819,6591,1998-07,434,0,29807.1,0
7819,6591,1998-08,434,0,32617.8,0
7819,6591,1998-09,434,0,16567.4,0
7819,6591,1998-10,434,0,19322.5,0
7819,6591,1998-11,434,0,18575.1,0
7819,6591,1998-12,434,0,24062.7,0
7819,6591,1999-01,434,0,24062.7,0
7819,6591,1999-02,434,0,24062.7,0
3678,5724,1995-03,5269,1,13862.7,0
3678,5724,1995-04,5269,1,14840.8,0
3678,5724,1995-05,5269,1,13016.7,0
3678,5724,1995-06,5269,1,14044.9,0
3678,5724,1995-07,5269,1,12317.0,0
3678,5724,1995-08,5269,1,7178.2,0
3678,5724,1995-09,5269,1,11339.4,0
3678,5724,1995-10,5269,1,12108.6,0
3678,5724,1995-11,5269,1,10072.8,0
3678,5724,1995-12,5269,1,5298.4,0
3678,5724,1996-01,5269,1,3739.8,1
3678,5724,1996-02,5269,1,8490.2,0
3678,5724,1996-03,5269,1,12361.0,0
3678,5724,1996-04,5269,1,16045.3,0
3678,5724,1996-05,5269,1,12460.2,0
3678,5724,1996-06,5269,1,14799.1,0
3678,5724,1996-07,5269,1,14280.0,0
3678,5724,1996-08,5269,1,14760.4,0
3678,5724,1996-09,5269,1,10623.3,0
3678,5724,1996-10,5269,1,6385.7,0
3678,5724,1996-11,5269,1,7839.3,0
3678,5724,1996-12,5269,1,10127.7,0
3678,5724,1997-01,5269,1,-710.4,1
3678,5724,1997-02,5269,1,-4095.1,1
3678,5724,1997-03,5269,1,-7635.5,1
3678,5724,1997-04,5269,1,-10294.0,1
3678,5724,1997-05,5269,1,-6174.3,1
3678,5724,1997-06,5269,1,-3555.7,1
3678,5724,1997-07,5269,1,-5362.3,1
3678,5724,1997-08,5269,1,-8106.7,1
3678,5724,1997-09,5269,1,-3776.6,1
3678,5724,1997-10,5269,1,-5983.4,1
3678,5724,1997-11,5269,1,-4049.0,1
3678,5724,1997-12,5269,1,-3000.3,1
3678,5724,1998-01,5269,1,-5402.4,1
3678,5724,1998-02,5269,1,-8158.0,1
3678,5724,1998-03,5269,1,-5408.9,1
3678,5724,1998-04,5269,1,-7041.6,1
3678,5724,1998-05,5269,1,-9597.1,1
3678,5724,1998-06,5269,1,-7104.1,1
3678,5724,1998-07,5269,1,-9257.0,1
3678,5724,1998-08,5269,1,-5006.8,1
3678,5724,1998-09,5269,1,-6330.7,1
3678,5724,1998-10,5269,1,-4600.8,1
3678,5724,1998-11,5269,1,-7420.8,1
3678,5724,1998-12,5269,1,-5680.2,1
3678,5724,1999-01,5269,1,-5680.2,1
3678,5724,1999-02,5269,1,-5680.2,1
3678,5724,1999-03,5269,1,-5680.2,1
3678,5724,1999-04,5269,1,-5680.2,1
3678,5724,1999-05,5269,1,-5680.2,1
3678,5724,1999-06,5269,1,-5680.2,1
3678,5724,1999-07,5269,1,-5680.2,1
3678,5724,1999-08,5269,1,-5680.2,1
3678,5724,1999-09,5269,1,-5680.2,1
3678,5724,1999-10,5269,1,-5680.2,1
3678,5724,1999-11,5269,1,-5680.2,1
3678,5724,1999-12,5269,1,-5680.2,1
3678,5724,2000-01,5269,1,-5680.2,1
3678,5724,2000-02,5269,1,-5680.2,1
6472,6315,1995-03,3597,0,49491.7,0
6472,6315,1995-04,3597,0,64951.8,0
6472,6315,1995-05,3597,0,72909.7,0
6472,6315,1995-06,3597,0,67253.1,0
6472,6315,1995-07,3597,0,80400.3,0
6472,6315,1995-08,3597,0,86473.4,0
6472,6315,1995-09,3597,0,73759.6,0
6472,6315,1995-10,3597,0,67497.3,0
6472,6315,1995-11,3597,0,70026.6,0
6472,6315,1995-12,3597,0,58075.0,0
6472,6315,1996-01,3597,0,34414.3,0
6472,6315,1996-02,3597,0,32635.2,0
4413,5876,1995-03,4610,0,20887.9,0
4413,5876,1995-04,4610,0,27308.3,0
4413,5876,1995-05,4610,0,29146.2,0
4413,5876,1995-06,4610,0,63301.9,0
4413,5876,1995-07,4610,0,47667.7,0
4413,5876,1995-08,4610,0,48071.0,0
4413,5876,1995-09,4610,0,54296.3,0
4413,5876,1995-10,4610,0,44367.4,0
4413,5876,1995-11,4610,0,45435.4,0
4413,5876,1995-12,4610,0,59522.9,0
4413,5876,1996-01,4610,0,35214.8,0
4413,5876,1996-02,4610,0,37481.5,0
4413,5876,1996-03,4610,0,46471.3,0
4413,5876,1996-04,4610,0,48433.0,0
4413,5876,1996-05,4610,0,49042.4,0
4413,5876,1996-06,4610,0,70641.8,0
4413,5876,1996-07,4610,0,62616.7,0
4413,5876,1996-08,4610,0,53866.3,0
4413,5876,1996-09,4610,0,51087.6,0
4413,5876,1996-10,4610,0,44583.4,0
4413,5876,1996-11,4610,0,31295.0,0
4413,5876,1996-12,4610,0,30121.3,0
4413,5876,1997-01,4610,0,28709.2,0
4413,5876,1997-02,4610,0,35023.1,0
4413,5876,1997-03,4610,0,25284.0,0
4413,5876,1997-04,4610,0,30455.3,0
4413,5876,1997-05,4610,0,27319.7,0
4413,5876,1997-06,4610,0,36962.4,0
4413,5876,1997-07,4610,0,24495.3,0
4413,5876,1997-08,4610,0,29857.0,0
4413,5876,1997-09,4610,0,20609.5,0
4413,5876,1997-10,4610,0,20378.3,0
4413,5876,1997-11,4610,0,27220.9,0
4413,5876,1997-12,4610,0,35953.4,0
4413,5876,1998-01,4610,0,21398.3,0
4413,5876,1998-02,4610,0,23437.8,0
4413,5876,1998-03,4610,0,24486.5,0
4413,5876,1998-04,4610,0,26038.5,0
4413,5876,1998-05,4610,0,21783.8,0
4413,5876,1998-06,4610,0,29985.1,0
4413,5876,1998-07,4610,0,18014.4,0
4413,5876,1998-08,4610,0,30962.5,0
4413,5876,1998-09,4610,0,23019.5,0
4413,5876,1998-10,4610,0,33959.7,0
4413,5876,1998-11,4610,0,21803.5,0
4413,5876,1998-12,4610,0,24178.7,0
4413,5876,1999-01,4610,0,24178.7,0
4413,5876,1999-02,4610,0,24178.7,0
9750,6986,1995-03,3161,1,90908.6,0
9750,6986,1995-04,3161,1,95116.2,0
9750,6986,1995-05,3161,1,54546.8,0
9750,6986,1995-06,3161,1,5867.0,0
9750,6986,1995-07,3161,1,7435.8,0
9750,6986,1995-08,3161,1,35557.0,0
9750,6986,1995-09,3161,1,21926.3,0
9750,6986,1995-10,3161,1,21909.9,0
9750,6986,1995-11,3161,1,28103.2,0
9750,6986,1995-12,3161,1,52704.9,0
9750,6986,1996-01,3161,1,45130.5,0
9750,6986,1996-02,3161,1,44861.7,0
9750,6986,1996-03,3161,1,42660.4,0
9750,6986,1996-04,3161,1,37282.0,0
9750,6986,1996-05,3161,1,64968.4,0
9750,6986,1996-06,3161,1,71499.1,0
9750,6986,1996-07,3161,1,59432.4,0
9750,6986,1996-08,3161,1,74631.5,0
9750,6986,1996-09,3161,1,47954.0,0
9750,6986,1996-10,3161,1,52458.2,0
9750,6986,1996-11,3161,1,38197.6,0
9750,6986,1996-12,3161,1,26457.4,0
9750,6986,1997-01,3161,1,34374.0,0
9750,6986,1997-02,3161,1,13320.7,0
9750,6986,1997-03,3161,1,94867.5,0
9750,6986,1997-04,3161,1,72569.8,0
9750,6986,1997-05,3161,1,47728.8,0
9750,6986,1997-06,3161,1,64770.3,0
9750,6986,1997-07,3161,1,49362.7,0
9750,6986,1997-08,3161,1,33979.1,0
9750,6986,1997-09,3161,1,27457.9,0
9750,6986,1997-10,3161,1,24669.3,0
9750,6986,1997-11,3161,1,24162.7,0
9750,6986,1997-12,3161,1,52719.4,0
9750,6986,1998-01,3161,1,47598.1,0
9750,6986,1998-02,3161,1,37936.7,0
9750,6986,1998-03,3161,1,77496.3,0
9750,6986,1998-04,3161,1,62397.3,0
9750,6986,1998-05,3161,1,40865.1,0
9750,6986,1998-06,3161,1,36704.2,0
9750,6986,1998-07,3161,1,57517.4,0
9750,6986,1998-08,3161,1,33373.3,0
9750,6986,1998-09,3161,1,49944.2,0
9750,6986,1998-10,3161,1,21171.8,0
9750,6986,1998-11,3161,1,25625.8,0
9750,6986,1998-12,3161,1,108857.0,0
9750,6986,1999-01,3161,1,108857.0,0
9750,6986,1999-02,3161,1,108857.0,0
6353,6294,1995-03,1332,0,47456.7,0
6353,6294,1995-04,1332,0,47977.6,0
6353,6294,1995-05,1332,0,49803.6,0
6353,6294,1995-06,1332,0,37852.6,0
6353,6294,1995-07,1332,0,37369.7,0
6353,6294,1995-08,1332,0,40649.8,0
6353,6294,1995-09,1332,0,40056.5,0
6353,6294,1995-10,1332,0,43045.0,0
6353,6294,1995-11,1332,0,42937.4,0
6353,6294,1995-12,1332,0,48192.6,0
6353,6294,1996-01,1332,0,39703.4,0
6353,6294,1996-02,1332,0,40779.1,0
6353,6294,1996-03,1332,0,43865.8,0
6353,6294,1996-04,1332,0,45040.8,0
6353,6294,1996-05,1332,0,46739.8,0
6353,6294,1996-06,1332,0,49576.1,0
6353,6294,1996-07,1332,0,42070.7,0
6353,6294,1996-08,1332,0,45394.9,0
6353,6294,1996-09,1332,0,57216.6,0
6353,6294,1996-10,1332,0,64679.0,0
6353,6294,1996-11,1332,0,62881.9,0
6353,6294,1996-12,1332,0,75091.8,0
6353,6294,1997-01,1332,0,52234.8,0
6353,6294,1997-02,1332,0,53550.9,0
6353,6294,1997-03,1332,0,49426.6,0
6353,6294,1997-04,1332,0,48194.1,0
6353,6294,1997-05,1332,0,45571.5,0
6353,6294,1997-06,1332,0,36183.9,0
6353,6294,1997-07,1332,0,47867.5,0
6353,6294,1997-08,1332,0,49361.2,0
6353,6294,1997-09,1332,0,50055.5,0
6353,6294,1997-10,1332,0,55974.6,0
6353,6294,1997-11,1332,0,51925.4,0
6353,6294,1997-12,1332,0,65871.1,0
6353,6294,1998-01,1332,0,38569.6,0
6353,6294,1998-02,1332,0,43228.7,0
6353,6294,1998-03,1332,0,45805.1,0
6353,6294,1998-04,1332,0,43485.9,0
6353,6294,1998-05,1332,0,46862.4,0
6353,6294,1998-06,1332,0,57882.7,0
6353,6294,1998-07,1332,0,45966.7,0
6353,6294,1998-08,1332,0,34202.5,0
6353,6294,1998-09,1332,0,45960.1,0
6353,6294,1998-10,1332,0,62693.3,0
6353,6294,1998-11,1332,0,42848.0,0
6353,6294,1998-12,1332,0,66200.6,0
6353,6294,1999-01,1332,0,66200.6,0
6353,6294,1999-02,1332,0,66200.6,0
6353,6294,1999-03,1332,0,66200.6,0
6353,6294,1999-04,1332,0,66200.6,0
6353,6294,1999-05,1332,0,66200.6,0
6353,6294,1999-06,1332,0,66200.6,0
6353,6294,1999-07,1332,0,66200.6,0
6353,6294,1999-08,1332,0,66200.6,0
6353,6294,1999-09,1332,0,66200.6,0
6353,6294,1999-10,1332,0,66200.6,0
6353,6294,1999-11,1332,0,66200.6,0
6353,6294,1999-12,1332,0,66200.6,0
6353,6294,2000-01,1332,0,66200.6,0
6353,6294,2000-02,1332,0,66200.6,0
817,5132,1995-03,8975,0,26467.6,0
817,5132,1995-04,8975,0,23528.4,0
817,5132,1995-05,8975,0,24124.5,0
817,5132,1995-06,8975,0,26522.1,0
817,5132,1995-07,8975,0,18807.1,0
817,5132,1995-08,8975,0,15874.9,0
817,5132,1995-09,8975,0,13132.8,0
817,5132,1995-10,8975,0,13990.0,0
817,5132,1995-11,8975,0,14752.6,0
817,5132,1995-12,8975,0,15321.7,0
817,5132,1996-01,8975,0,16091.4,0
817,5132,1996-02,8975,0,12351.6,0
817,5132,1996-03,8975,0,11202.5,0
817,5132,1996-04,8975,0,14967.6,0
817,5132,1996-05,8975,0,16082.8,0
817,5132,1996-06,8975,0,22674.7,0
817,5132,1996-07,8975,0,20467.8,0
817,5132,1996-08,8975,0,27284.3,0
817,5132,1996-09,8975,0,25563.2,0
817,5132,1996-10,8975,0,30654.1,0
817,5132,1996-11,8975,0,33197.7,0
817,5132,1996-12,8975,0,40040.5,0
817,5132,1997-01,8975,0,31495.6,0
817,5132,1997-02,8975,0,39239.6,0
817,5132,1997-03,8975,0,39155.9,0
817,5132,1997-04,8975,0,39426.3,0
817,5132,1997-05,8975,0,35159.0,0
817,5132,1997-06,8975,0,50631.6,0
817,5132,1997-07,8975,0,31197.7,0
817,5132,1997-08,8975,0,28337.6,0
817,5132,1997-09,8975,0,28766.4,0
817,5132,1997-10,8975,0,23291.9,0
817,5132,1997-11,8975,0,21611.7,0
817,5132,1997-12,8975,0,28409.8,0
817,5132,1998-01,8975,0,16109.2,0
817,5132,1998-02,8975,0,18685.9,0
817,5132,1998-03,8975,0,19172.4,0
817,5132,1998-04,8975,0,18559.6,0
817,5132,1998-05,8975,0,16296.1,0
817,5132,1998-06,8975,0,20342.2,0
817,5132,1998-07,8975,0,25938.0,0
817,5132,1998-08,8975,0,27952.9,0
817,5132,1998-09,8975,0,30075.7,0
817,5132,1998-10,8975,0,25719.5,0
817,5132,1998-11,8975,0,27231.2,0
817,5132,1998-12,8975,0,43156.1,0
817,5132,1999-01,8975,0,43156.1,0
817,5132,1999-02,8975,0,43156.1,0
817,5132,1999-03,8975,0,43156.1,0
817,5132,1999-04,8975,0,43156.1,0
817,5132,1999-05,8975,0,43156.1,0
817,5132,1999-06,8975,0,43156.1,0
817,5132,1999-07,8975,0,43156.1,0
817,5132,1999-08,8975,0,43156.1,0
817,5132,1999-09,8975,0,43156.1,0
817,5132,1999-10,8975,0,43156.1,0
817,5132,1999-11,8975,0,43156.1,0
817,5132,1999-12,8975,0,43156.1,0
817,5132,2000-01,8975,0,43156.1,0
817,5132,2000-02,8975,0,43156.1,0
4414,5877,1995-03,4051,0,24419.5,0
4414,5877,1995-04,4051,0,27585.6,0
4414,5877,1995-05,4051,0,24896.7,0
4414,5877,1995-06,4051,0,21223.0,0
4414,5877,1995-07,4051,0,22002.7,0
4414,5877,1995-08,4051,0,25438.0,0
4414,5877,1995-09,4051,0,28205.5,0
4414,5877,1995-10,4051,0,32381.6,0
4414,5877,1995-11,4051,0,34965.5,0
4414,5877,1995-12,4051,0,36489.6,0
4414,5877,1996-01,4051,0,27339.9,0
4414,5877,1996-02,4051,0,26900.9,0
4414,5877,1996-03,4051,0,26460.5,0
4414,5877,1996-04,4051,0,27319.0,0
4414,5877,1996-05,4051,0,32383.9,0
4414,5877,1996-06,4051,0,34423.5,0
4414,5877,1996-07,4051,0,30332.8,0
4414,5877,1996-08,4051,0,33909.9,0
4414,5877,1996-09,4051,0,35800.4,0
4414,5877,1996-10,4051,0,38800.0,0
4414,5877,1996-11,4051,0,39709.9,0
4414,5877,1996-12,4051,0,40694.3,0
4414,5877,1997-01,4051,0,35480.2,0
4414,5877,1997-02,4051,0,40180.8,0
6030,6227,1995-04,1177,0,40869.7,0
6030,6227,1995-05,1177,0,38689.9,0
6030,6227,1995-06,1177,0,28673.5,0
6030,6227,1995-07,1177,0,31351.1,0
6030,6227,1995-08,1177,0,34639.0,0
6030,6227,1995-09,1177,0,35532.4,0
6030,6227,1995-10,1177,0,35188.9,0
6030,6227,1995-11,1177,0,37027.3,0
6030,6227,1995-12,1177,0,38610.3,0
6030,6227,1996-01,1177,0,37077.2,0
6030,6227,1996-02,1177,0,39806.8,0
6030,6227,1996-03,1177,0,44429.2,0
6030,6227,1996-04,1177,0,42154.7,0
6030,6227,1996-05,1177,0,42173.9,0
6030,6227,1996-06,1177,0,35881.5,0
6030,6227,1996-07,1177,0,33212.4,0
6030,6227,1996-08,1177,0,42825.4,0
6030,6227,1996-09,1177,0,46258.8,0
6030,6227,1996-10,1177,0,50218.3,0
6030,6227,1996-11,1177,0,64084.2,0
6030,6227,1996-12,1177,0,78102.4,0
6030,6227,1997-01,1177,0,71224.2,0
6030,6227,1997-02,1177,0,72469.7,0
6030,6227,1997-03,1177,0,78209.6,0
11021,7241,1995-04,7041,1,75204.6,0
11021,7241,1995-05,7041,1,90975.7,0
11021,7241,1995-06,7041,1,87914.5,0
11021,7241,1995-07,7041,1,73759.6,0
11021,7241,1995-08,7041,1,71365.7,0
11021,7241,1995-09,7041,1,52680.5,0
11021,7241,1995-10,7041,1,43483.6,0
11021,7241,1995-11,7041,1,43010.0,0
11021,7241,1995-12,7041,1,30084.7,0
11021,7241,1996-01,7041,1,26708.9,0
11021,7241,1996-02,7041,1,45367.7,0
11021,7241,1996-03,7041,1,52416.0,0
11021,7241,1996-04,7041,1,56366.3,0
11021,7241,1996-05,7041,1,53422.0,0
11021,7241,1996-06,7041,1,35608.7,0
11021,7241,1996-07,7041,1,57669.3,0
11021,7241,1996-08,7041,1,80585.0,0
11021,7241,1996-09,7041,1,80171.8,0
11021,7241,1996-10,7041,1,94703.1,0
11021,7241,1996-11,7041,1,49854.2,0
11021,7241,1996-12,7041,1,68088.2,0
11021,7241,1997-01,7041,1,42336.1,0
11021,7241,1997-02,7041,1,41092.5,0
11021,7241,1997-03,7041,1,72613.7,0
8564,6737,1995-04,3195,0,69009.8,0
8564,6737,1995-05,3195,0,72891.4,0
8564,6737,1995-06,3195,0,50241.2,0
8564,6737,1995-07,3195,0,64527.0,0
8564,6737,1995-08,3195,0,63895.6,0
8564,6737,1995-09,3195,0,66721.6,0
8564,6737,1995-10,3195,0,61444.9,0
8564,6737,1995-11,3195,0,59804.2,0
8564,6737,1995-12,3195,0,82661.3,0
8564,6737,1996-01,3195,0,35784.7,0
8564,6737,1996-02,3195,0,58606.1,0
8564,6737,1996-03,3195,0,38540.3,0
8564,6737,1996-04,3195,0,40934.9,0
8564,6737,1996-05,3195,0,33847.7,0
8564,6737,1996-06,3195,0,35347.8,0
8564,6737,1996-07,3195,0,39449.6,0
8564,6737,1996-08,3195,0,37627.8,0
8564,6737,1996-09,3195,0,39290.1,0
8564,6737,1996-10,3195,0,36712.3,0
8564,6737,1996-11,3195,0,40801.2,0
8564,6737,1996-12,3195,0,43963.6,0
8564,6737,1997-01,3195,0,33461.7,0
8564,6737,1997-02,3195,0,35668.3,0
8564,6737,1997-03,3195,0,30141.4,0
9869,7004,1995-04,5526,0,40538.3,0
9869,7004,1995-05,5526,0,42176.9,0
9869,7004,1995-06,5526,0,61956.1,0
9869,7004,1995-07,5526,0,61863.0,0
9869,7004,1995-08,5526,0,53798.9,0
9869,7004,1995-09,5526,0,54771.5,0
9869,7004,1995-10,5526,0,56651.0,0
9869,7004,1995-11,5526,0,61245.2,0
9869,7004,1995-12,5526,0,71220.6,0
9869,7004,1996-01,5526,0,65207.0,0
9869,7004,1996-02,5526,0,65424.6,0
9869,7004,1996-03,5526,0,65843.7,0
9869,7004,1996-04,5526,0,61053.4,0
9869,7004,1996-05,5526,0,65564.5,0
9869,7004,1996-06,5526,0,74490.8,0
9869,7004,1996-07,5526,0,62234.4,0
9869,7004,1996-08,5526,0,54638.3,0
9869,7004,1996-09,5526,0,57715.8,0
9869,7004,1996-10,5526,0,61509.1,0
9869,7004,1996-11,5526,0,63611.6,0
9869,7004,1996-12,5526,0,71525.8,0
9869,7004,1997-01,5526,0,71863.8,0
9869,7004,1997-02,5526,0,69288.4,0
9869,7004,1997-03,5526,0,72426.8,0
9869,7004,1997-04,5526,0,77082.7,0
9869,7004,1997-05,5526,0,79359.7,0
9869,7004,1997-06,5526,0,93859.6,0
9869,7004,1997-07,5526,0,88568.7,0
9869,7004,1997-08,5526,0,72353.0,0
9869,7004,1997-09,5526,0,74820.3,0
9869,7004,1997-10,5526,0,71288.3,0
9869,7004,1997-11,5526,0,73246.9,0
9869,7004,1997-12,5526,0,74866.9,0
9869,7004,1998-01,5526,0,74540.3,0
9869,7004,1998-02,5526,0,73411.4,0
9869,7004,1998-03,5526,0,74880.0,0
9869,7004,1998-04,5526,0,75353.5,0
9869,7004,1998-05,5526,0,71207.7,0
9869,7004,1998-06,5526,0,83350.2,0
9869,7004,1998-07,5526,0,83656.7,0
9869,7004,1998-08,5526,0,84663.8,0
9869,7004,1998-09,5526,0,86274.6,0
9869,7004,1998-10,5526,0,82089.6,0
9869,7004,1998-11,5526,0,83588.0,0
9869,7004,1998-12,5526,0,85701.4,0
9869,7004,1999-01,5526,0,85701.4,0
9869,7004,1999-02,5526,0,85701.4,0
9869,7004,1999-03,5526,0,85701.4,0
9869,7004,1999-04,5526,0,85701.4,0
9869,7004,1999-05,5526,0,85701.4,0
9869,7004,1999-06,5526,0,85701.4,0
9869,7004,1999-07,5526,0,85701.4,0
9869,7004,1999-08,5526,0,85701.4,0
9869,7004,1999-09,5526,0,85701.4,0
9869,7004,1999-10,5526,0,85701.4,0
9869,7004,1999-11,5526,0,85701.4,0
9869,7004,1999-12,5526,0,85701.4,0
9869,7004,2000-01,5526,0,85701.4,0
9869,7004,2000-02,5526,0,85701.4,0
9869,7004,2000-03,5526,0,85701.4,0
5700,6169,1995-04,1728,1,36264.3,0
5700,6169,1995-05,1728,1,38493.2,0
5700,6169,1995-06,1728,1,30586.6,0
5700,6169,1995-07,1728,1,33894.6,0
5700,6169,1995-08,1728,1,36117.8,0
5700,6169,1995-09,1728,1,37648.2,0
5700,6169,1995-10,1728,1,38234.2,0
5700,6169,1995-11,1728,1,37567.5,0
5700,6169,1995-12,1728,1,30047.2,0
5700,6169,1996-01,1728,1,15418.2,0
5700,6169,1996-02,1728,1,28391.6,0
5700,6169,1996-03,1728,1,33655.8,0
5700,6169,1996-04,1728,1,34531.5,0
5700,6169,1996-05,1728,1,34350.3,0
5700,6169,1996-06,1728,1,28897.4,0
5700,6169,1996-07,1728,1,28804.2,0
5700,6169,1996-08,1728,1,31301.8,0
5700,6169,1996-09,1728,1,25546.0,0
5700,6169,1996-10,1728,1,26430.0,0
5700,6169,1996-11,1728,1,24610.3,0
5700,6169,1996-12,1728,1,24455.7,0
5700,6169,1997-01,1728,1,7036.4,0
5700,6169,1997-02,1728,1,14960.4,0
5700,6169,1997-03,1728,1,9086.8,0
5700,6169,1997-04,1728,1,14910.8,0
5700,6169,1997-05,1728,1,12540.3,0
5700,6169,1997-06,1728,1,10638.4,0
5700,6169,1997-07,1728,1,8970.2,0
5700,6169,1997-08,1728,1,10099.0,0
5700,6169,1997-09,1728,1,7409.7,0
5700,6169,1997-10,1728,1,-1701.1,1
5700,6169,1997-11,1728,1,1774.6,0
5700,6169,1997-12,1728,1,4500.0,0
5700,6169,1998-01,1728,1,-2929.6,1
5700,6169,1998-02,1728,1,-1136.0,1
5700,6169,1998-03,1728,1,-7074.2,1
5700,6169,1998-04,1728,1,-9341.7,1
5700,6169,1998-05,1728,1,-12935.3,1
5700,6169,1998-06,1728,1,-8069.8,1
5700,6169,1998-07,1728,1,-7442.0,1
5700,6169,1998-08,1728,1,-9415.6,1
5700,6169,1998-09,1728,1,-11710.5,1
5700,6169,1998-10,1728,1,-16938.6,1
5700,6169,1998-11,1728,1,-19310.0,1
5700,6169,1998-12,1728,1,-4887.5,1
5700,6169,1999-01,1728,1,-4887.5,1
5700,6169,1999-02,1728,1,-4887.5,1
5700,6169,1999-03,1728,1,-4887.5,1
5700,6169,1999-04,1728,1,-4887.5,1
5700,6169,1999-05,1728,1,-4887.5,1
5700,6169,1999-06,1728,1,-4887.5,1
5700,6169,1999-07,1728,1,-4887.5,1
5700,6169,1999-08,1728,1,-4887.5,1
5700,6169,1999-09,1728,1,-4887.5,1
5700,6169,1999-10,1728,1,-4887.5,1
5700,6169,1999-11,1728,1,-4887.5,1
5700,6169,1999-12,1728,1,-4887.5,1
5700,6169,2000-01,1728,1,-4887.5,1
5700,6169,2000-02,1728,1,-4887.5,1
5700,6169,2000-03,1728,1,-4887.5,1
1247,5208,1995-04,2077,1,34505.2,0
1247,5208,1995-05,2077,1,42533.1,0
1247,5208,1995-06,2077,1,31808.8,0
1247,5208,1995-07,2077,1,34319.7,0
1247,5208,1995-08,2077,1,56795.7,0
1247,5208,1995-09,2077,1,33714.8,0
1247,5208,1995-10,2077,1,104226.5,0
1247,5208,1995-11,2077,1,46373.3,0
1247,5208,1995-12,2077,1,45795.4,0
1247,5208,1996-01,2077,1,11888.2,0
1247,5208,1996-02,2077,1,17550.7,0
1247,5208,1996-03,2077,1,21428.9,0
1247,5208,1996-04,2077,1,17316.5,0
1247,5208,1996-05,2077,1,21500.7,0
1247,5208,1996-06,2077,1,3939.5,0
1247,5208,1996-07,2077,1,2439.3,0
1247,5208,1996-08,2077,1,11134.3,0
1247,5208,1996-09,2077,1,33164.7,0
1247,5208,1996-10,2077,1,59704.5,0
1247,5208,1996-11,2077,1,28416.1,0
1247,5208,1996-12,2077,1,53970.2,0
1247,5208,1997-01,2077,1,89784.9,0
1247,5208,1997-02,2077,1,41193.1,0
1247,5208,1997-03,2077,1,53143.7,0
1247,5208,1997-04,2077,1,93352.2,0
1247,5208,1997-05,2077,1,52694.0,0
1247,5208,1997-06,2077,1,68879.1,0
1247,5208,1997-07,2077,1,64441.8,0
1247,5208,1997-08,2077,1,51387.1,0
1247,5208,1997-09,2077,1,58792.7,0
1247,5208,1997-10,2077,1,75497.4,0
1247,5208,1997-11,2077,1,78156.9,0
1247,5208,1997-12,2077,1,65923.6,0
1247,5208,1998-01,2077,1,28743.5,0
1247,5208,1998-02,2077,1,40902.9,0
1247,5208,1998-03,2077,1,100143.5,0
1247,5208,1998-04,2077,1,81116.3,0
1247,5208,1998-05,2077,1,88359.5,0
1247,5208,1998-06,2077,1,33767.1,0
1247,5208,1998-07,2077,1,69695.4,0
1247,5208,1998-08,2077,1,50669.7,0
1247,5208,1998-09,2077,1,99638.9,0
1247,5208,1998-10,2077,1,43172.2,0
1247,5208,1998-11,2077,1,86088.6,0
1247,5208,1998-12,2077,1,101402.9,0
1247,5208,1999-01,2077,1,101402.9,0
1247,5208,1999-02,2077,1,101402.9,0
1247,5208,1999-03,2077,1,101402.9,0
8316,6694,1995-04,5616,0,33747.4,0
8316,6694,1995-05,5616,0,54378.3,0
8316,6694,1995-06,5616,0,62386.2,0
8316,6694,1995-07,5616,0,47270.7,0
8316,6694,1995-08,5616,0,30617.4,0
8316,6694,1995-09,5616,0,41308.1,0
8316,6694,1995-10,5616,0,44623.7,0
8316,6694,1995-11,5616,0,55242.0,0
8316,6694,1995-12,5616,0,34151.4,0
8316,6694,1996-01,5616,0,22550.3,0
8316,6694,1996-02,5616,0,47639.1,0
8316,6694,1996-03,5616,0,68971.2,0
8316,6694,1996-04,5616,0,39478.6,0
8316,6694,1996-05,5616,0,49682.3,0
8316,6694,1996-06,5616,0,34777.5,0
8316,6694,1996-07,5616,0,53256.6,0
8316,6694,1996-08,5616,0,69635.0,0
8316,6694,1996-09,5616,0,57081.7,0
8316,6694,1996-10,5616,0,43805.7,0
8316,6694,1996-11,5616,0,71099.8,0
8316,6694,1996-12,5616,0,90452.0,0
8316,6694,1997-01,5616,0,78500.4,0
8316,6694,1997-02,5616,0,63212.2,0
8316,6694,1997-03,5616,0,82201.4,0
3064,5599,1995-04,1285,0,33414.7,0
3064,5599,1995-05,1285,0,34940.3,0
3064,5599,1995-06,1285,0,43856.8,0
3064,5599,1995-07,1285,0,36611.3,0
3064,5599,1995-08,1285,0,36152.9,0
3064,5599,1995-09,1285,0,34179.0,0
3064,5599,1995-10,1285,0,34002.2,0
3064,5599,1995-11,1285,0,29352.5,0
3064,5599,1995-12,1285,0,32674.0,0
3064,5599,1996-01,1285,0,22002.5,0
3064,5599,1996-02,1285,0,29195.5,0
3064,5599,1996-03,1285,0,33012.5,0
7607,6546,1995-04,1322,0,30699.6,0
7607,6546,1995-05,1322,0,31528.0,0
7607,6546,1995-06,1322,0,19189.5,0
7607,6546,1995-07,1322,0,24972.3,0
7607,6546,1995-08,1322,0,28076.7,0
7607,6546,1995-09,1322,0,33595.3,0
7607,6546,1995-10,1322,0,31730.2,0
7607,6546,1995-11,1322,0,34460.9,0
7607,6546,1995-12,1322,0,36347.6,0
7607,6546,1996-01,1322,0,23208.2,0
7607,6546,1996-02,1322,0,29638.4,0
7607,6546,1996-03,1322,0,33160.5,0
7607,6546,1996-04,1322,0,32291.1,0
7607,6546,1996-05,1322,0,35122.7,0
7607,6546,1996-06,1322,0,33386.4,0
7607,6546,1996-07,1322,0,31414.6,0
7607,6546,1996-08,1322,0,36544.7,0
7607,6546,1996-09,1322,0,38590.3,0
7607,6546,1996-10,1322,0,37138.3,0
7607,6546,1996-11,1322,0,40588.0,0
7607,6546,1996-12,1322,0,40561.2,0
7607,6546,1997-01,1322,0,34757.5,0
7607,6546,1997-02,1322,0,38295.6,0
7607,6546,1997-03,1322,0,42451.2,0
2228,5414,1995-04,3874,0,97515.9,0
2228,5414,1995-05,3874,0,25172.4,0
2228,5414,1995-06,3874,0,18446.5,0
2228,5414,1995-07,3874,0,66916.6,0
2228,5414,1995-08,3874,0,40219.3,0
2228,5414,1995-09,3874,0,58975.8,0
2228,5414,1995-10,3874,0,34946.7,0
2228,5414,1995-11,3874,0,75745.8,0
2228,5414,1995-12,3874,0,74752.3,0
2228,5414,1996-01,3874,0,44257.8,0
2228,5414,1996-02,3874,0,65999.7,0
2228,5414,1996-03,3874,0,38365.9,0
2228,5414,1996-04,3874,0,67291.1,0
2228,5414,1996-05,3874,0,40786.3,0
2228,5414,1996-06,3874,0,23011.6,0
2228,5414,1996-07,3874,0,85478.1,0
2228,5414,1996-08,3874,0,65564.2,0
2228,5414,1996-09,3874,0,48458.6,0
2228,5414,1996-10,3874,0,64297.8,0
2228,5414,1996-11,3874,0,63943.8,0
2228,5414,1996-12,3874,0,79013.8,0
2228,5414,1997-01,3874,0,23963.3,0
2228,5414,1997-02,3874,0,18434.8,0
2228,5414,1997-03,3874,0,15288.6,0
2228,5414,1997-04,3874,0,15237.5,0
2228,5414,1997-05,3874,0,16289.1,0
2228,5414,1997-06,3874,0,19149.6,0
2228,5414,1997-07,3874,0,28116.3,0
2228,5414,1997-08,3874,0,24497.4,0
2228,5414,1997-09,3874,0,23664.6,0
2228,5414,1997-10,3874,0,22128.5,0
2228,5414,1997-11,3874,0,23087.5,0
2228,5414,1997-12,3874,0,17747.6,0
2228,5414,1998-01,3874,0,25408.7,0
2228,5414,1998-02,3874,0,29520.5,0
2228,5414,1998-03,3874,0,41050.9,0
2228,5414,1998-04,3874,0,39627.2,0
2228,5414,1998-05,3874,0,22232.2,0
2228,5414,1998-06,3874,0,42447.1,0
2228,5414,1998-07,3874,0,29381.6,0
2228,5414,1998-08,3874,0,21668.9,0
2228,5414,1998-09,3874,0,62405.0,0
2228,5414,1998-10,3874,0,21676.2,0
2228,5414,1998-11,3874,0,28761.3,0
2228,5414,1998-12,3874,0,20341.9,0
2228,5414,1999-01,3874,0,20341.9,0
2228,5414,1999-02,3874,0,20341.9,0
2228,5414,1999-03,3874,0,20341.9,0
2361,5453,1995-04,4352,0,24441.8,0
2361,5453,1995-05,4352,0,25381.8,0
2361,5453,1995-06,4352,0,18760.2,0
2361,5453,1995-07,4352,0,21092.6,0
2361,5453,1995-08,4352,0,20966.0,0
2361,5453,1995-09,4352,0,20690.3,0
2361,5453,1995-10,4352,0,22737.1,0
2361,5453,1995-11,4352,0,19836.4,0
2361,5453,1995-12,4352,0,19964.7,0
2361,5453,1996-01,4352,0,16778.9,0
2361,5453,1996-02,4352,0,17564.2,0
2361,5453,1996-03,4352,0,18820.5,0
2361,5453,1996-04,4352,0,19939.6,0
2361,5453,1996-05,4352,0,20862.9,0
2361,5453,1996-06,4352,0,22550.4,0
2361,5453,1996-07,4352,0,24788.1,0
2361,5453,1996-08,4352,0,25632.2,0
2361,5453,1996-09,4352,0,29387.6,0
2361,5453,1996-10,4352,0,29148.2,0
2361,5453,1996-11,4352,0,20612.5,0
2361,5453,1996-12,4352,0,26913.6,0
2361,5453,1997-01,4352,0,17796.5,0
2361,5453,1997-02,4352,0,23424.8,0
2361,5453,1997-03,4352,0,24664.3,0
2361,5453,1997-04,4352,0,24105.2,0
2361,5453,1997-05,4352,0,26751.4,0
2361,5453,1997-06,4352,0,30716.7,0
2361,5453,1997-07,4352,0,29377.9,0
2361,5453,1997-08,4352,0,28395.0,0
2361,5453,1997-09,4352,0,27005.7,0
2361,5453,1997-10,4352,0,27414.0,0
2361,5453,1997-11,4352,0,24755.1,0
2361,5453,1997-12,4352,0,21382.4,0
2361,5453,1998-01,4352,0,13546.0,0
2361,5453,1998-02,4352,0,11731.5,0
2361,5453,1998-03,4352,0,14827.3,0
2361,5453,1998-04,4352,0,13980.8,0
3752,5740,1995-05,1547,0,42567.2,0
3752,5740,1995-06,1547,0,45504.2,0
3752,5740,1995-07,1547,0,44901.2,0
3752,5740,1995-08,1547,0,43793.3,0
3752,5740,1995-09,1547,0,45004.9,0
3752,5740,1995-10,1547,0,46299.1,0
3752,5740,1995-11,1547,0,48336.7,0
3752,5740,1995-12,1547,0,51841.7,0
3752,5740,1996-01,1547,0,31488.6,0
3752,5740,1996-02,1547,0,42138.6,0
3752,5740,1996-03,1547,0,44018.6,0
3752,5740,1996-04,1547,0,44139.5,0
4079,5804,1995-05,3312,0,53559.8,0
4079,5804,1995-06,3312,0,91053.2,0
4079,5804,1995-07,3312,0,44442.4,0
4079,5804,1995-08,3312,0,25693.2,0
4079,5804,1995-09,3312,0,84945.5,0
4079,5804,1995-10,3312,0,58175.3,0
4079,5804,1995-11,3312,0,62577.4,0
4079,5804,1995-12,3312,0,51903.0,0
4079,5804,1996-01,3312,0,95101.1,0
4079,5804,1996-02,3312,0,47777.3,0
4079,5804,1996-03,3312,0,46007.6,0
4079,5804,1996-04,3312,0,72392.4,0
4079,5804,1996-05,3312,0,58874.7,0
4079,5804,1996-06,3312,0,31166.3,0
4079,5804,1996-07,3312,0,25700.6,0
4079,5804,1996-08,3312,0,26776.4,0
4079,5804,1996-09,3312,0,18888.9,0
4079,5804,1996-10,3312,0,92704.0,0
4079,5804,1996-11,3312,0,54321.7,0
4079,5804,1996-12,3312,0,30435.3,0
4079,5804,1997-01,3312,0,25166.2,0
4079,5804,1997-02,3312,0,25089.0,0
4079,5804,1997-03,3312,0,28216.1,0
4079,5804,1997-04,3312,0,30555.3,0
4079,5804,1997-05,3312,0,29396.9,0
4079,5804,1997-06,3312,0,28234.6,0
4079,5804,1997-07,3312,0,30174.4,0
4079,5804,1997-08,3312,0,25132.4,0
4079,5804,1997-09,3312,0,26260.2,0
4079,5804,1997-10,3312,0,22580.4,0
4079,5804,1997-11,3312,0,25402.7,0
4079,5804,1997-12,3312,0,24526.8,0
4079,5804,1998-01,3312,0,23444.9,0
4079,5804,1998-02,3312,0,65377.1,0
4079,5804,1998-03,3312,0,81208.7,0
4079,5804,1998-04,3312,0,99183.0,0
4079,5804,1998-05,3312,0,101847.7,0
4079,5804,1998-06,3312,0,90644.7,0
4079,5804,1998-07,3312,0,130319.9,0
4079,5804,1998-08,3312,0,76479.9,0
4079,5804,1998-09,3312,0,27288.4,0
4079,5804,1998-10,3312,0,23009.8,0
4079,5804,1998-11,3312,0,19515.2,0
4079,5804,1998-12,3312,0,29351.9,0
4079,5804,1999-01,3312,0,29351.9,0
4079,5804,1999-02,3312,0,29351.9,0
4079,5804,1999-03,3312,0,29351.9,0
4079,5804,1999-04,3312,0,29351.9,0
8625,6745,1995-05,1971,0,100813.8,0
8625,6745,1995-06,1971,0,65905.9,0
8625,6745,1995-07,1971,0,85305.8,0
8625,6745,1995-08,1971,0,85025.4,0
8625,6745,1995-09,1971,0,106452.1,0
8625,6745,1995-10,1971,0,55423.1,0
8625,6745,1995-11,1971,0,31129.5,0
8625,6745,1995-12,1971,0,68586.4,0
8625,6745,1996-01,1971,0,84147.1,0
8625,6745,1996-02,1971,0,73149.0,0
8625,6745,1996-03,1971,0,54734.7,0
8625,6745,1996-04,1971,0,74306.4,0
8625,6745,1996-05,1971,0,50396.1,0
8625,6745,1996-06,1971,0,53797.0,0
8625,6745,1996-07,1971,0,40214.0,0
8625,6745,1996-08,1971,0,51660.8,0
8625,6745,1996-09,1971,0,48242.8,0
8625,6745,1996-10,1971,0,49790.0,0
8625,6745,1996-11,1971,0,40151.1,0
8625,6745,1996-12,1971,0,67695.9,0
8625,6745,1997-01,1971,0,43737.3,0
8625,6745,1997-02,1971,0,58970.8,0
8625,6745,1997-03,1971,0,56171.8,0
8625,6745,1997-04,1971,0,48296.4,0
9591,6950,1995-05,4363,0,16870.2,0
9591,6950,1995-06,4363,0,14510.0,0
9591,6950,1995-07,4363,0,9732.6,0
9591,6950,1995-08,4363,0,8746.5,0
9591,6950,1995-09,4363,0,9060.0,0
9591,6950,1995-10,4363,0,10177.1,0
9591,6950,1995-11,4363,0,9393.2,0
9591,6950,1995-12,4363,0,6700.3,0
9591,6950,1996-01,4363,0,26957.8,0
9591,6950,1996-02,4363,0,16215.0,0
9591,6950,1996-03,4363,0,21028.1,0
9591,6950,1996-04,4363,0,72362.0,0
9591,6950,1996-05,4363,0,23334.2,0
9591,6950,1996-06,4363,0,28993.7,0
9591,6950,1996-07,4363,0,27279.0,0
9591,6950,1996-08,4363,0,52295.1,0
9591,6950,1996-09,4363,0,41633.3,0
9591,6950,1996-10,4363,0,76698.5,0
9591,6950,1996-11,4363,0,43201.5,0
9591,6950,1996-12,4363,0,23688.6,0
9591,6950,1997-01,4363,0,35655.4,0
9591,6950,1997-02,4363,0,44090.0,0
9591,6950,1997-03,4363,0,41915.2,0
9591,6950,1997-04,4363,0,50123.9,0
9828,6996,1995-05,5275,0,35916.7,0
9828,6996,1995-06,5275,0,49290.3,0
9828,6996,1995-07,5275,0,34017.9,0
9828,6996,1995-08,5275,0,29782.0,0
9828,6996,1995-09,5275,0,37207.6,0
9828,6996,1995-10,5275,0,39129.4,0
9828,6996,1995-11,5275,0,28376.0,0
9828,6996,1995-12,5275,0,23978.1,0
9828,6996,1996-01,5275,0,19675.9,0
9828,6996,1996-02,5275,0,42602.1,0
9828,6996,1996-03,5275,0,39559.3,0
9828,6996,1996-04,5275,0,52833.5,0
9828,6996,1996-05,5275,0,60040.9,0
9828,6996,1996-06,5275,0,80048.3,0
9828,6996,1996-07,5275,0,76128.4,0
9828,6996,1996-08,5275,0,70285.2,0
9828,6996,1996-09,5275,0,44478.8,0
9828,6996,1996-10,5275,0,54963.1,0
9828,6996,1996-11,5275,0,56963.1,0
9828,6996,1996-12,5275,0,37609.9,0
9828,6996,1997-01,5275,0,17438.4,0
9828,6996,1997-02,5275,0,41706.4,0
9828,6996,1997-03,5275,0,30340.5,0
9828,6996,1997-04,5275,0,32285.7,0
1993,5352,1995-05,5700,1,36057.4,0
1993,5352,1995-06,5700,1,44928.6,0
1993,5352,1995-07,5700,1,29890.6,0
1993,5352,1995-08,5700,1,21693.4,0
1993,5352,1995-09,5700,1,17164.9,0
1993,5352,1995-10,5700,1,21918.5,0
1993,5352,1995-11,5700,1,12785.8,0
1993,5352,1995-12,5700,1,15385.4,0
1993,5352,1996-01,5700,1,19473.9,0
1993,5352,1996-02,5700,1,30349.0,0
1993,5352,1996-03,5700,1,18125.7,0
1993,5352,1996-04,5700,1,14181.2,0
5628,6151,1995-05,3757,0,31014.1,0
5628,6151,1995-06,3757,0,33605.2,0
5628,6151,1995-07,3757,0,27882.1,0
5628,6151,1995-08,3757,0,21885.8,0
5628,6151,1995-09,3757,0,24234.6,0
5628,6151,1995-10,3757,0,30100.0,0
5628,6151,1995-11,3757,0,30574.4,0
5628,6151,1995-12,3757,0,31422.0,0
5628,6151,1996-01,3757,0,12707.3,0
5628,6151,1996-02,3757,0,29962.9,0
5628,6151,1996-03,3757,0,32046.6,0
5628,6151,1996-04,3757,0,37123.5,0
5628,6151,1996-05,3757,0,41841.0,0
5628,6151,1996-06,3757,0,19066.3,0
5628,6151,1996-07,3757,0,34142.0,0
5628,6151,1996-08,3757,0,42057.3,0
5628,6151,1996-09,3757,0,44688.5,0
5628,6151,1996-10,3757,0,31985.2,0
5628,6151,1996-11,3757,0,36580.7,0
5628,6151,1996-12,3757,0,37635.1,0
5628,6151,1997-01,3757,0,15923.3,0
5628,6151,1997-02,3757,0,28978.1,0
5628,6151,1997-03,3757,0,38616.8,0
5628,6151,1997-04,3757,0,44844.8,0
5628,6151,1997-05,3757,0,47286.5,0
5628,6151,1997-06,3757,0,43884.9,0
5628,6151,1997-07,3757,0,47225.4,0
5628,6151,1997-08,3757,0,35068.7,0
5628,6151,1997-09,3757,0,34181.1,0
5628,6151,1997-10,3757,0,36111.7,0
5628,6151,1997-11,3757,0,30648.0,0
5628,6151,1997-12,3757,0,32230.0,0
5628,6151,1998-01,3757,0,23165.0,0
5628,6151,1998-02,3757,0,27129.0,0
5628,6151,1998-03,3757,0,29709.8,0
5628,6151,1998-04,3757,0,32100.5,0
5628,6151,1998-05,3757,0,33500.0,0
5628,6151,1998-06,3757,0,41931.9,0
5628,6151,1998-07,3757,0,43571.1,0
5628,6151,1998-08,3757,0,38809.9,0
5628,6151,1998-09,3757,0,37631.4,0
5628,6151,1998-10,3757,0,34044.5,0
5628,6151,1998-11,3757,0,31042.3,0
5628,6151,1998-12,3757,0,40557.8,0
5628,6151,1999-01,3757,0,40557.8,0
5628,6151,1999-02,3757,0,40557.8,0
5628,6151,1999-03,3757,0,40557.8,0
5628,6151,1999-04,3757,0,40557.8,0
5628,6151,1999-05,3757,0,40557.8,0
5628,6151,1999-06,3757,0,40557.8,0
5628,6151,1999-07,3757,0,40557.8,0
5628,6151,1999-08,3757,0,40557.8,0
5628,6151,1999-09,3757,0,40557.8,0
5628,6151,1999-10,3757,0,40557.8,0
5628,6151,1999-11,3757,0,40557.8,0
5628,6151,1999-12,3757,0,40557.8,0
5628,6151,2000-01,3757,0,40557.8,0
5628,6151,2000-02,3757,0,40557.8,0
5628,6151,2000-03,3757,0,40557.8,0
5628,6151,2000-04,3757,0,40557.8,0
1762,5310,1995-05,6893,0,38274.4,0
1762,5310,1995-06,6893,0,17191.8,0
1762,5310,1995-07,6893,0,32834.5,0
1762,5310,1995-08,6893,0,41316.0,0
1762,5310,1995-09,6893,0,37706.8,0
1762,5310,1995-10,6893,0,37575.9,0
1762,5310,1995-11,6893,0,39452.6,0
1762,5310,1995-12,6893,0,49692.3,0
1762,5310,1996-01,6893,0,30269.0,0
1762,5310,1996-02,6893,0,30453.7,0
1762,5310,1996-03,6893,0,25591.4,0
1762,5310,1996-04,6893,0,21994.7,0
1762,5310,1996-05,6893,0,22476.2,0
1762,5310,1996-06,6893,0,29180.4,0
1762,5310,1996-07,6893,0,24030.3,0
1762,5310,1996-08,6893,0,23560.0,0
1762,5310,1996-09,6893,0,23287.3,0
1762,5310,1996-10,6893,0,21111.3,0
1762,5310,1996-11,6893,0,20226.7,0
1762,5310,1996-12,6893,0,19810.0,0
1762,5310,1997-01,6893,0,22718.8,0
1762,5310,1997-02,6893,0,23140.3,0
1762,5310,1997-03,6893,0,24665.3,0
1762,5310,1997-04,6893,0,22308.7,0
1762,5310,1997-05,6893,0,24830.3,0
1762,5310,1997-06,6893,0,30535.1,0
1762,5310,1997-07,6893,0,31488.0,0
1762,5310,1997-08,6893,0,26870.7,0
1762,5310,1997-09,6893,0,22199.2,0
1762,5310,1997-10,6893,0,28123.2,0
1762,5310,1997-11,6893,0,20951.3,0
1762,5310,1997-12,6893,0,21626.6,0
1762,5310,1998-01,6893,0,23341.4,0
1762,5310,1998-02,6893,0,29268.3,0
1762,5310,1998-03,6893,0,23139.2,0
1762,5310,1998-04,6893,0,23256.0,0
347,5045,1995-05,7801,1,25319.6,0
347,5045,1995-06,7801,1,5100.0,1
347,5045,1995-07,7801,1,22968.6,0
347,5045,1995-08,7801,1,73674.4,0
347,5045,1995-09,7801,1,82292.1,0
347,5045,1995-10,7801,1,68500.8,0
347,5045,1995-11,7801,1,31768.2,0
347,5045,1995-12,7801,1,-734.9,1
347,5045,1996-01,7801,1,2366.7,1
347,5045,1996-02,7801,1,6570.8,1
347,5045,1996-03,7801,1,-925.4,1
347,5045,1996-04,7801,1,-2748.0,1
347,5045,1996-05,7801,1,58888.9,0
347,5045,1996-06,7801,1,24820.7,0
347,5045,1996-07,7801,1,25807.5,0
347,5045,1996-08,7801,1,51586.1,0
347,5045,1996-09,7801,1,44882.3,0
347,5045,1996-10,7801,1,56382.4,0
347,5045,1996-11,7801,1,41555.7,0
347,5045,1996-12,7801,1,50516.4,0
347,5045,1997-01,7801,1,53246.8,0
347,5045,1997-02,7801,1,41121.1,0
347,5045,1997-03,7801,1,71957.2,0
347,5045,1997-04,7801,1,49190.1,0
347,5045,1997-05,7801,1,56240.8,0
9472,6929,1995-06,3033,0,44502.4,0
9472,6929,1995-07,3033,0,47062.6,0
9472,6929,1995-08,3033,0,36249.8,0
9472,6929,1995-09,3033,0,28225.7,0
9472,6929,1995-10,3033,0,35098.8,0
9472,6929,1995-11,3033,0,28340.1,0
9472,6929,1995-12,3033,0,26058.3,0
9472,6929,1996-01,3033,0,76759.6,0
9472,6929,1996-02,3033,0,69991.8,0
9472,6929,1996-03,3033,0,51762.5,0
9472,6929,1996-04,3033,0,44372.1,0
9472,6929,1996-05,3033,0,57889.3,0
960,5151,1995-06,3151,0,66184.5,0
960,5151,1995-07,3151,0,37848.3,0
960,5151,1995-08,3151,0,40684.6,0
960,5151,1995-09,3151,0,44952.1,0
960,5151,1995-10,3151,0,33619.7,0
960,5151,1995-11,3151,0,34912.0,0
960,5151,1995-12,3151,0,34159.1,0
960,5151,1996-01,3151,0,19818.9,0
960,5151,1996-02,3151,0,26239.9,0
960,5151,1996-03,3151,0,37341.7,0
960,5151,1996-04,3151,0,37175.4,0
960,5151,1996-05,3151,0,36221.3,0
960,5151,1996-06,3151,0,55993.1,0
960,5151,1996-07,3151,0,53879.5,0
960,5151,1996-08,3151,0,43040.9,0
960,5151,1996-09,3151,0,34737.5,0
960,5151,1996-10,3151,0,41438.0,0
960,5151,1996-11,3151,0,38009.7,0
960,5151,1996-12,3151,0,55077.8,0
960,5151,1997-01,3151,0,27270.8,0
960,5151,1997-02,3151,0,44260.9,0
960,5151,1997-03,3151,0,50912.8,0
960,5151,1997-04,3151,0,57683.2,0
960,5151,1997-05,3151,0,52066.2,0
960,5151,1997-06,3151,0,48156.9,0
960,5151,1997-07,3151,0,40040.7,0
960,5151,1997-08,3151,0,33526.2,0
960,5151,1997-09,3151,0,50531.6,0
960,5151,1997-10,3151,0,63000.4,0
960,5151,1997-11,3151,0,72614.4,0
960,5151,1997-12,3151,0,63039.8,0
960,5151,1998-01,3151,0,24292.4,0
960,5151,1998-02,3151,0,25334.6,0
960,5151,1998-03,3151,0,46759.6,0
960,5151,1998-04,3151,0,49062.6,0
960,5151,1998-05,3151,0,57708.9,0
960,5151,1998-06,3151,0,45546.1,0
960,5151,1998-07,3151,0,63106.9,0
960,5151,1998-08,3151,0,76328.5,0
960,5151,1998-09,3151,0,50618.7,0
960,5151,1998-10,3151,0,83052.3,0
960,5151,1998-11,3151,0,88458.1,0
960,5151,1998-12,3151,0,78486.1,0
960,5151,1999-01,3151,0,78486.1,0
960,5151,1999-02,3151,0,78486.1,0
960,5151,1999-03,3151,0,78486.1,0
960,5151,1999-04,3151,0,78486.1,0
960,5151,1999-05,3151,0,78486.1,0
960,5151,1999-06,3151,0,78486.1,0
960,5151,1999-07,3151,0,78486.1,0
960,5151,1999-08,3151,0,78486.1,0
960,5151,1999-09,3151,0,78486.1,0
960,5151,1999-10,3151,0,78486.1,0
960,5151,1999-11,3151,0,78486.1,0
960,5151,1999-12,3151,0,78486.1,0
960,5151,2000-01,3151,0,78486.1,0
960,5151,2000-02,3151,0,78486.1,0
960,5151,2000-03,3151,0,78486.1,0
960,5151,2000-04,3151,0,78486.1,0
960,5151,2000-05,3151,0,78486.1,0
1256,5212,1995-06,1974,0,27142.4,0
1256,5212,1995-07,1974,0,25542.5,0
1256,5212,1995-08,1974,0,29322.7,0
1256,5212,1995-09,1974,0,32216.1,0
1256,5212,1995-10,1974,0,25980.9,0
1256,5212,1995-11,1974,0,31780.8,0
1256,5212,1995-12,1974,0,34065.6,0
1256,5212,1996-01,1974,0,17450.1,0
1256,5212,1996-02,1974,0,21600.3,0
1256,5212,1996-03,1974,0,23871.7,0
1256,5212,1996-04,1974,0,25568.6,0
1256,5212,1996-05,1974,0,27445.6,0
1256,5212,1996-06,1974,0,30565.3,0
1256,5212,1996-07,1974,0,28659.1,0
1256,5212,1996-08,1974,0,24892.5,0
1256,5212,1996-09,1974,0,31976.2,0
1256,5212,1996-10,1974,0,30668.1,0
1256,5212,1996-11,1974,0,31570.2,0
1256,5212,1996-12,1974,0,29053.6,0
1256,5212,1997-01,1974,0,18027.0,0
1256,5212,1997-02,1974,0,24785.2,0
1256,5212,1997-03,1974,0,25109.9,0
1256,5212,1997-04,1974,0,23088.3,0
1256,5212,1997-05,1974,0,24579.6,0
1256,5212,1997-06,1974,0,39034.8,0
1256,5212,1997-07,1974,0,25300.4,0
1256,5212,1997-08,1974,0,22653.3,0
1256,5212,1997-09,1974,0,27499.1,0
1256,5212,1997-10,1974,0,34291.3,0
1256,5212,1997-11,1974,0,23000.5,0
1256,5212,1997-12,1974,0,36314.0,0
1256,5212,1998-01,1974,0,18623.5,0
1256,5212,1998-02,1974,0,25378.0,0
1256,5212,1998-03,1974,0,32160.7,0
1256,5212,1998-04,1974,0,24526.1,0
1256,5212,1998-05,1974,0,31310.0,0
854,5138,1995-06,1817,0,26875.2,0
854,5138,1995-07,1817,0,26835.6,0
854,5138,1995-08,1817,0,21585.1,0
854,5138,1995-09,1817,0,17608.5,0
854,5138,1995-10,1817,0,17829.7,0
854,5138,1995-11,1817,0,17750.5,0
854,5138,1995-12,1817,0,15872.9,0
854,5138,1996-01,1817,0,15988.1,0
854,5138,1996-02,1817,0,16904.0,0
854,5138,1996-03,1817,0,19728.8,0
854,5138,1996-04,1817,0,19356.2,0
854,5138,1996-05,1817,0,17276.8,0
854,5138,1996-06,1817,0,23929.5,0
854,5138,1996-07,1817,0,25678.9,0
854,5138,1996-08,1817,0,23220.5,0
854,5138,1996-09,1817,0,25367.3,0
854,5138,1996-10,1817,0,24413.8,0
854,5138,1996-11,1817,0,21848.5,0
854,5138,1996-12,1817,0,24591.5,0
854,5138,1997-01,1817,0,16730.6,0
854,5138,1997-02,1817,0,18749.5,0
854,5138,1997-03,1817,0,19472.1,0
854,5138,1997-04,1817,0,18792.5,0
854,5138,1997-05,1817,0,15205.2,0
854,5138,1997-06,1817,0,24042.8,0
854,5138,1997-07,1817,0,24485.9,0
854,5138,1997-08,1817,0,20416.2,0
854,5138,1997-09,1817,0,21544.6,0
854,5138,1997-10,1817,0,18771.3,0
854,5138,1997-11,1817,0,15998.9,0
854,5138,1997-12,1817,0,19938.9,0
854,5138,1998-01,1817,0,16855.2,0
854,5138,1998-02,1817,0,21182.2,0
854,5138,1998-03,1817,0,25527.1,0
854,5138,1998-04,1817,0,14883.8,0
854,5138,1998-05,1817,0,19202.3,0
854,5138,1998-06,1817,0,28758.2,0
854,5138,1998-07,1817,0,32332.9,0
854,5138,1998-08,1817,0,28609.0,0
854,5138,1998-09,1817,0,32984.2,0
854,5138,1998-10,1817,0,33163.5,0
854,5138,1998-11,1817,0,37557.4,0
854,5138,1998-12,1817,0,44584.1,0
854,5138,1999-01,1817,0,44584.1,0
854,5138,1999-02,1817,0,44584.1,0
854,5138,1999-03,1817,0,44584.1,0
854,5138,1999-04,1817,0,44584.1,0
854,5138,1999-05,1817,0,44584.1,0
3629,5713,1995-06,2646,0,28740.3,0
3629,5713,1995-07,2646,0,24551.5,0
3629,5713,1995-08,2646,0,24563.4,0
3629,5713,1995-09,2646,0,25074.9,0
3629,5713,1995-10,2646,0,21683.2,0
3629,5713,1995-11,2646,0,24487.8,0
3629,5713,1995-12,2646,0,24684.5,0
3629,5713,1996-01,2646,0,20585.3,0
3629,5713,1996-02,2646,0,22282.5,0
3629,5713,1996-03,2646,0,24889.2,0
3629,5713,1996-04,2646,0,25106.9,0
3629,5713,1996-05,2646,0,27425.6,0
3629,5713,1996-06,2646,0,28788.2,0
3629,5713,1996-07,2646,0,25656.5,0
3629,5713,1996-08,2646,0,27387.5,0
3629,5713,1996-09,2646,0,29212.4,0
3629,5713,1996-10,2646,0,19864.0,0
3629,5713,1996-11,2646,0,24768.2,0
3629,5713,1996-12,2646,0,29832.4,0
3629,5713,1997-01,2646,0,21535.1,0
3629,5713,1997-02,2646,0,20424.9,0
3629,5713,1997-03,2646,0,26333.4,0
3629,5713,1997-04,2646,0,21812.7,0
3629,5713,1997-05,2646,0,23914.7,0
3629,5713,1997-06,2646,0,21349.3,0
3629,5713,1997-07,2646,0,21542.6,0
3629,5713,1997-08,2646,0,22539.2,0
3629,5713,1997-09,2646,0,25245.4,0
3629,5713,1997-10,2646,0,28064.5,0
3629,5713,1997-11,2646,0,29189.4,0
3629,5713,1997-12,2646,0,31660.5,0
3629,5713,1998-01,2646,0,21963.3,0
3629,5713,1998-02,2646,0,23564.0,0
3629,5713,1998-03,2646,0,28381.2,0
3629,5713,1998-04,2646,0,26296.4,0
3629,5713,1998-05,2646,0,25305.3,0
3629,5713,1998-06,2646,0,30162.0,0
3629,5713,1998-07,2646,0,19137.5,0
3629,5713,1998-08,2646,0,18422.0,0
3629,5713,1998-09,2646,0,18208.8,0
3629,5713,1998-10,2646,0,14594.2,0
3629,5713,1998-11,2646,0,16865.5,0
3629,5713,1998-12,2646,0,27106.9,0
3629,5713,1999-01,2646,0,27106.9,0
3629,5713,1999-02,2646,0,27106.9,0
3629,5713,1999-03,2646,0,27106.9,0
3629,5713,1999-04,2646,0,27106.9,0
3629,5713,1999-05,2646,0,27106.9,0
3629,5713,1999-06,2646,0,27106.9,0
3629,5713,1999-07,2646,0,27106.9,0
3629,5713,1999-08,2646,0,27106.9,0
3629,5713,1999-09,2646,0,27106.9,0
3629,5713,1999-10,2646,0,27106.9,0
3629,5713,1999-11,2646,0,27106.9,0
3629,5713,1999-12,2646,0,27106.9,0
3629,5713,2000-01,2646,0,27106.9,0
3629,5713,2000-02,2646,0,27106.9,0
3629,5713,2000-03,2646,0,27106.9,0
3629,5713,2000-04,2646,0,27106.9,0
3629,5713,2000-05,2646,0,27106.9,0
8377,6704,1995-06,6951,0,70415.6,0
8377,6704,1995-07,6951,0,60231.6,0
8377,6704,1995-08,6951,0,68755.7,0
8377,6704,1995-09,6951,0,34213.9,0
8377,6704,1995-10,6951,0,53936.0,0
8377,6704,1995-11,6951,0,92535.7,0
8377,6704,1995-12,6951,0,99679.7,0
8377,6704,1996-01,6951,0,15540.1,0
8377,6704,1996-02,6951,0,14348.6,0
8377,6704,1996-03,6951,0,16348.2,0
8377,6704,1996-04,6951,0,11422.7,0
8377,6704,1996-05,6951,0,23468.7,0
8377,6704,1996-06,6951,0,16222.1,0
8377,6704,1996-07,6951,0,13163.4,0
8377,6704,1996-08,6951,0,10368.6,0
8377,6704,1996-09,6951,0,10573.2,0
8377,6704,1996-10,6951,0,10843.3,0
8377,6704,1996-11,6951,0,12694.3,0
8377,6704,1996-12,6951,0,17351.4,0
8377,6704,1997-01,6951,0,14649.7,0
8377,6704,1997-02,6951,0,13781.1,0
8377,6704,1997-03,6951,0,14570.1,0
8377,6704,1997-04,6951,0,15015.1,0
8377,6704,1997-05,6951,0,12144.7,0
8377,6704,1997-06,6951,0,11828.8,0
8377,6704,1997-07,6951,0,11583.4,0
8377,6704,1997-08,6951,0,26408.2,0
8377,6704,1997-09,6951,0,32864.3,0
8377,6704,1997-10,6951,0,32482.0,0
8377,6704,1997-11,6951,0,34712.5,0
8377,6704,1997-12,6951,0,36534.4,0
8377,6704,1998-01,6951,0,32228.2,0
8377,6704,1998-02,6951,0,39230.7,0
8377,6704,1998-03,6951,0,36887.5,0
8377,6704,1998-04,6951,0,59618.2,0
8377,6704,1998-05,6951,0,41535.3,0
8377,6704,1998-06,6951,0,41579.1,0
8377,6704,1998-07,6951,0,55478.0,0
8377,6704,1998-08,6951,0,45439.7,0
8377,6704,1998-09,6951,0,61526.6,0
8377,6704,1998-10,6951,0,61339.1,0
8377,6704,1998-11,6951,0,60611.1,0
8377,6704,1998-12,6951,0,55336.6,0
8377,6704,1999-01,6951,0,55336.6,0
8377,6704,1999-02,6951,0,55336.6,0
8377,6704,1999-03,6951,0,55336.6,0
8377,6704,1999-04,6951,0,55336.6,0
8377,6704,1999-05,6951,0,55336.6,0
8377,6704,1999-06,6951,0,55336.6,0
8377,6704,1999-07,6951,0,55336.6,0
8377,6704,1999-08,6951,0,55336.6,0
8377,6704,1999-09,6951,0,55336.6,0
8377,6704,1999-10,6951,0,55336.6,0
8377,6704,1999-11,6951,0,55336.6,0
8377,6704,1999-12,6951,0,55336.6,0
8377,6704,2000-01,6951,0,55336.6,0
8377,6704,2000-02,6951,0,55336.6,0
8377,6704,2000-03,6951,0,55336.6,0
8377,6704,2000-04,6951,0,55336.6,0
8377,6704,2000-05,6951,0,55336.6,0
8377,6704,2000-06,6951,0,55336.6,0
7190,6474,1995-07,1056,0,21865.0,0
7190,6474,1995-08,1056,0,25689.3,0
7190,6474,1995-09,1056,0,23357.2,0
7190,6474,1995-10,1056,0,27187.9,0
7190,6474,1995-11,1056,0,28332.2,0
7190,6474,1995-12,1056,0,27610.5,0
7190,6474,1996-01,1056,0,23034.2,0
7190,6474,1996-02,1056,0,24361.0,0
7190,6474,1996-03,1056,0,28496.4,0
7190,6474,1996-04,1056,0,28144.0,0
7190,6474,1996-05,1056,0,24786.3,0
7190,6474,1996-06,1056,0,26071.7,0
7190,6474,1996-07,1056,0,22804.6,0
7190,6474,1996-08,1056,0,21681.5,0
7190,6474,1996-09,1056,0,18051.1,0
7190,6474,1996-10,1056,0,23663.4,0
7190,6474,1996-11,1056,0,25392.7,0
7190,6474,1996-12,1056,0,23092.9,0
7190,6474,1997-01,1056,0,20589.8,0
7190,6474,1997-02,1056,0,20502.6,0
7190,6474,1997-03,1056,0,17208.9,0
7190,6474,1997-04,1056,0,23919.8,0
7190,6474,1997-05,1056,0,25547.3,0
7190,6474,1997-06,1056,0,35135.3,0
7190,6474,1997-07,1056,0,35151.5,0
7190,6474,1997-08,1056,0,32217.8,0
7190,6474,1997-09,1056,0,33681.2,0
7190,6474,1997-10,1056,0,33847.6,0
7190,6474,1997-11,1056,0,36420.1,0
7190,6474,1997-12,1056,0,37168.2,0
7190,6474,1998-01,1056,0,26117.3,0
7190,6474,1998-02,1056,0,27354.1,0
7190,6474,1998-03,1056,0,27493.4,0
7190,6474,1998-04,1056,0,31943.8,0
7190,6474,1998-05,1056,0,30197.0,0
7190,6474,1998-06,1056,0,24742.4,0
7190,6474,1998-07,1056,0,23287.4,0
7190,6474,1998-08,1056,0,22351.4,0
7190,6474,1998-09,1056,0,22751.7,0
7190,6474,1998-10,1056,0,25580.3,0
7190,6474,1998-11,1056,0,25011.5,0
7190,6474,1998-12,1056,0,22731.3,0
7190,6474,1999-01,1056,0,22731.3,0
7190,6474,1999-02,1056,0,22731.3,0
7190,6474,1999-03,1056,0,22731.3,0
7190,6474,1999-04,1056,0,22731.3,0
7190,6474,1999-05,1056,0,22731.3,0
7190,6474,1999-06,1056,0,22731.3,0
7190,6474,1999-07,1056,0,22731.3,0
7190,6474,1999-08,1056,0,22731.3,0
7190,6474,1999-09,1056,0,22731.3,0
7190,6474,1999-10,1056,0,22731.3,0
7190,6474,1999-11,1056,0,22731.3,0
7190,6474,1999-12,1056,0,22731.3,0
7190,6474,2000-01,1056,0,22731.3,0
7190,6474,2000-02,1056,0,22731.3,0
7190,6474,2000-03,1056,0,22731.3,0
7190,6474,2000-04,1056,0,22731.3,0
7190,6474,2000-05,1056,0,22731.3,0
7190,6474,2000-06,1056,0,22731.3,0
8159,6676,1995-07,1241,0,31785.1,0
8159,6676,1995-08,1241,0,30768.4,0
8159,6676,1995-09,1241,0,25002.9,0
8159,6676,1995-10,1241,0,18000.7,0
8159,6676,1995-11,1241,0,20042.2,0
8159,6676,1995-12,1241,0,20292.5,0
8159,6676,1996-01,1241,0,26052.2,0
8159,6676,1996-02,1241,0,23997.4,0
8159,6676,1996-03,1241,0,28670.0,0
8159,6676,1996-04,1241,0,30856.2,0
8159,6676,1996-05,1241,0,32349.7,0
8159,6676,1996-06,1241,0,25664.3,0
8159,6676,1996-07,1241,0,28436.9,0
8159,6676,1996-08,1241,0,31224.1,0
8159,6676,1996-09,1241,0,31706.8,0
8159,6676,1996-10,1241,0,28720.7,0
8159,6676,1996-11,1241,0,31209.0,0
8159,6676,1996-12,1241,0,33150.1,0
8159,6676,1997-01,1241,0,33860.4,0
8159,6676,1997-02,1241,0,33474.2,0
8159,6676,1997-03,1241,0,29609.6,0
8159,6676,1997-04,1241,0,28760.4,0
8159,6676,1997-05,1241,0,30349.3,0
8159,6676,1997-06,1241,0,36612.0,0
9656,6965,1995-07,5814,0,17065.8,0
9656,6965,1995-08,5814,0,93679.5,0
9656,6965,1995-09,5814,0,39670.6,0
9656,6965,1995-10,5814,0,93751.1,0
9656,6965,1995-11,5814,0,95928.5,0
9656,6965,1995-12,5814,0,83700.5,0
9656,6965,1996-01,5814,0,30799.6,0
9656,6965,1996-02,5814,0,52660.9,0
9656,6965,1996-03,5814,0,72090.6,0
9656,6965,1996-04,5814,0,60628.0,0
9656,6965,1996-05,5814,0,41970.7,0
9656,6965,1996-06,5814,0,67032.1,0
9656,6965,1996-07,5814,0,50177.2,0
9656,6965,1996-08,5814,0,29570.5,0
9656,6965,1996-09,5814,0,56805.9,0
9656,6965,1996-10,5814,0,56533.2,0
9656,6965,1996-11,5814,0,34833.7,0
9656,6965,1996-12,5814,0,31587.9,0
9656,6965,1997-01,5814,0,58004.5,0
9656,6965,1997-02,5814,0,51481.9,0
9656,6965,1997-03,5814,0,58000.0,0
9656,6965,1997-04,5814,0,40428.8,0
9656,6965,1997-05,5814,0,92617.4,0
9656,6965,1997-06,5814,0,50238.5,0
8489,6725,1995-07,7370,0,33225.0,0
8489,6725,1995-08,7370,0,26308.9,0
8489,6725,1995-09,7370,0,27903.3,0
8489,6725,1995-10,7370,0,25874.0,0
8489,6725,1995-11,7370,0,24054.4,0
8489,6725,1995-12,7370,0,25239.9,0
8489,6725,1996-01,7370,0,22436.3,0
8489,6725,1996-02,7370,0,33343.7,0
8489,6725,1996-03,7370,0,25329.3,0
8489,6725,1996-04,7370,0,32319.7,0
8489,6725,1996-05,7370,0,29505.7,0
8489,6725,1996-06,7370,0,35216.4,0
8489,6725,1996-07,7370,0,34305.0,0
8489,6725,1996-08,7370,0,30691.5,0
8489,6725,1996-09,7370,0,37310.3,0
8489,6725,1996-10,7370,0,32064.4,0
8489,6725,1996-11,7370,0,38709.3,0
8489,6725,1996-12,7370,0,35635.7,0
8489,6725,1997-01,7370,0,27315.2,0
8489,6725,1997-02,7370,0,33784.3,0
8489,6725,1997-03,7370,0,40533.3,0
8489,6725,1997-04,7370,0,47253.6,0
8489,6725,1997-05,7370,0,49260.4,0
8489,6725,1997-06,7370,0,41591.4,0
8489,6725,1997-07,7370,0,27300.6,0
8489,6725,1997-08,7370,0,33769.6,0
8489,6725,1997-09,7370,0,40369.5,0
8489,6725,1997-10,7370,0,47215.3,0
8489,6725,1997-11,7370,0,53973.5,0
8489,6725,1997-12,7370,0,35485.6,0
8489,6725,1998-01,7370,0,31267.7,0
8489,6725,1998-02,7370,0,37741.6,0
8489,6725,1998-03,7370,0,44362.9,0
8489,6725,1998-04,7370,0,42585.0,0
8489,6725,1998-05,7370,0,49296.4,0
8489,6725,1998-06,7370,0,33129.0,0
10630,7166,1995-07,8260,0,28609.0,0
10630,7166,1995-08,8260,0,21002.4,0
10630,7166,1995-09,8260,0,24491.4,0
10630,7166,1995-10,8260,0,25247.6,0
10630,7166,1995-11,8260,0,22537.9,0
10630,7166,1995-12,8260,0,30209.6,0
10630,7166,1996-01,8260,0,17965.4,0
10630,7166,1996-02,8260,0,19135.5,0
10630,7166,1996-03,8260,0,23862.0,0
10630,7166,1996-04,8260,0,25278.8,0
10630,7166,1996-05,8260,0,29186.7,0
10630,7166,1996-06,8260,0,33295.2,0
10630,7166,1996-07,8260,0,31320.5,0
10630,7166,1996-08,8260,0,31343.0,0
10630,7166,1996-09,8260,0,26380.5,0
10630,7166,1996-10,8260,0,24921.7,0
10630,7166,1996-11,8260,0,27323.7,0
10630,7166,1996-12,8260,0,31043.7,0
10630,7166,1997-01,8260,0,13503.4,0
10630,7166,1997-02,8260,0,20619.6,0
10630,7166,1997-03,8260,0,21299.0,0
10630,7166,1997-04,8260,0,26292.6,0
10630,7166,1997-05,8260,0,29602.6,0
10630,7166,1997-06,8260,0,38224.3,0
10440,7138,1995-08,1000,0,21675.3,0
10440,7138,1995-09,1000,0,24922.3,0
10440,7138,1995-10,1000,0,28684.5,0
10440,7138,1995-11,1000,0,24517.9,0
10440,7138,1995-12,1000,0,22855.8,0
10440,7138,1996-01,1000,0,24126.2,0
10440,7138,1996-02,1000,0,24590.9,0
10440,7138,1996-03,1000,0,33369.4,0
10440,7138,1996-04,1000,0,33849.1,0
10440,7138,1996-05,1000,0,36140.0,0
10440,7138,1996-06,1000,0,35286.1,0
10440,7138,1996-07,1000,0,35877.6,0
10440,7138,1996-08,1000,0,38672.5,0
10440,7138,1996-09,1000,0,38351.1,0
10440,7138,1996-10,1000,0,37453.9,0
10440,7138,1996-11,1000,0,37353.3,0
10440,7138,1996-12,1000,0,41405.1,0
10440,7138,1997-01,1000,0,38693.3,0
10440,7138,1997-02,1000,0,42200.1,0
10440,7138,1997-03,1000,0,46021.9,0
10440,7138,1997-04,1000,0,45885.2,0
10440,7138,1997-05,1000,0,48221.1,0
10440,7138,1997-06,1000,0,32747.7,0
10440,7138,1997-07,1000,0,38132.1,0
10440,7138,1997-08,1000,0,40106.9,0
10440,7138,1997-09,1000,0,43858.4,0
10440,7138,1997-10,1000,0,45785.0,0
10440,7138,1997-11,1000,0,51725.1,0
10440,7138,1997-12,1000,0,57657.8,0
10440,7138,1998-01,1000,0,52774.7,0
10440,7138,1998-02,1000,0,56740.9,0
10440,7138,1998-03,1000,0,59622.0,0
10440,7138,1998-04,1000,0,59609.8,0
10440,7138,1998-05,1000,0,50865.2,0
10440,7138,1998-06,1000,0,50899.8,0
10440,7138,1998-07,1000,0,51493.8,0
10440,7138,1998-08,1000,0,51347.2,0
10440,7138,1998-09,1000,0,48895.2,0
10440,7138,1998-10,1000,0,44670.0,0
10440,7138,1998-11,1000,0,47199.8,0
10440,7138,1998-12,1000,0,48985.6,0
10440,7138,1999-01,1000,0,48985.6,0
10440,7138,1999-02,1000,0,48985.6,0
10440,7138,1999-03,1000,0,48985.6,0
10440,7138,1999-04,1000,0,48985.6,0
10440,7138,1999-05,1000,0,48985.6,0
10440,7138,1999-06,1000,0,48985.6,0
10440,7138,1999-07,1000,0,48985.6,0
10440,7138,1999-08,1000,0,48985.6,0
10440,7138,1999-09,1000,0,48985.6,0
10440,7138,1999-10,1000,0,48985.6,0
10440,7138,1999-11,1000,0,48985.6,0
10440,7138,1999-12,1000,0,48985.6,0
10440,7138,2000-01,1000,0,48985.6,0
10440,7138,2000-02,1000,0,48985.6,0
10440,7138,2000-03,1000,0,48985.6,0
10440,7138,2000-04,1000,0,48985.6,0
10440,7138,2000-05,1000,0,48985.6,0
10440,7138,2000-06,1000,0,48985.6,0
10440,7138,2000-07,1000,0,48985.6,0
4774,5970,1995-08,9689,0,23016.1,0
4774,5970,1995-09,9689,0,35199.6,0
4774,5970,1995-10,9689,0,38298.8,0
4774,5970,1995-11,9689,0,45334.1,0
4774,5970,1995-12,9689,0,56310.5,0
4774,5970,1996-01,9689,0,27136.4,0
4774,5970,1996-02,9689,0,34314.4,0
4774,5970,1996-03,9689,0,39420.9,0
4774,5970,1996-04,9689,0,40477.4,0
4774,5970,1996-05,9689,0,37640.4,0
4774,5970,1996-06,9689,0,49633.0,0
4774,5970,1996-07,9689,0,50292.8,0
4774,5970,1996-08,9689,0,49729.7,0
4774,5970,1996-09,9689,0,46858.6,0
4774,5970,1996-10,9689,0,41790.0,0
4774,5970,1996-11,9689,0,42729.3,0
4774,5970,1996-12,9689,0,41186.5,0
4774,5970,1997-01,9689,0,28935.4,0
4774,5970,1997-02,9689,0,38017.3,0
4774,5970,1997-03,9689,0,41136.7,0
4774,5970,1997-04,9689,0,42676.2,0
4774,5970,1997-05,9689,0,43209.6,0
4774,5970,1997-06,9689,0,42710.6,0
4774,5970,1997-07,9689,0,40049.5,0
4774,5970,1997-08,9689,0,43572.8,0
4774,5970,1997-09,9689,0,45595.9,0
4774,5970,1997-10,9689,0,47942.9,0
4774,5970,1997-11,9689,0,51093.6,0
4774,5970,1997-12,9689,0,51348.0,0
4774,5970,1998-01,9689,0,35762.9,0
4774,5970,1998-02,9689,0,36942.9,0
4774,5970,1998-03,9689,0,38184.3,0
4774,5970,1998-04,9689,0,44300.8,0
4774,5970,1998-05,9689,0,48140.8,0
4774,5970,1998-06,9689,0,39374.5,0
4774,5970,1998-07,9689,0,46016.5,0
4774,5970,1998-08,9689,0,49063.9,0
4774,5970,1998-09,9689,0,52030.8,0
4774,5970,1998-10,9689,0,56894.2,0
4774,5970,1998-11,9689,0,64086.9,0
4774,5970,1998-12,9689,0,81686.4,0
4774,5970,1999-01,9689,0,81686.4,0
4774,5970,1999-02,9689,0,81686.4,0
4774,5970,1999-03,9689,0,81686.4,0
4774,5970,1999-04,9689,0,81686.4,0
4774,5970,1999-05,9689,0,81686.4,0
4774,5970,1999-06,9689,0,81686.4,0
4774,5970,1999-07,9689,0,81686.4,0
5650,6157,1995-08,4108,0,60521.5,0
5650,6157,1995-09,4108,0,57977.7,0
5650,6157,1995-10,4108,0,59927.3,0
5650,6157,1995-11,4108,0,43620.6,0
5650,6157,1995-12,4108,0,48967.0,0
5650,6157,1996-01,4108,0,26520.7,0
5650,6157,1996-02,4108,0,35553.3,0
5650,6157,1996-03,4108,0,29607.3,0
5650,6157,1996-04,4108,0,22650.3,0
5650,6157,1996-05,4108,0,35799.3,0
5650,6157,1996-06,4108,0,57429.4,0
5650,6157,1996-07,4108,0,45435.8,0
5650,6157,1996-08,4108,0,36111.4,0
5650,6157,1996-09,4108,0,42197.0,0
5650,6157,1996-10,4108,0,43501.8,0
5650,6157,1996-11,4108,0,44587.6,0
5650,6157,1996-12,4108,0,53859.8,0
5650,6157,1997-01,4108,0,40474.4,0
5650,6157,1997-02,4108,0,33336.2,0
5650,6157,1997-03,4108,0,38528.1,0
5650,6157,1997-04,4108,0,44820.7,0
5650,6157,1997-05,4108,0,45745.4,0
5650,6157,1997-06,4108,0,53716.9,0
5650,6157,1997-07,4108,0,36414.7,0
5632,6153,1995-08,4760,0,38551.9,0
5632,6153,1995-09,4760,0,20888.7,0
5632,6153,1995-10,4760,0,17977.6,0
5632,6153,1995-11,4760,0,17260.3,0
5632,6153,1995-12,4760,0,54390.8,0
5632,6153,1996-01,4760,0,73092.5,0
5632,6153,1996-02,4760,0,95966.0,0
5632,6153,1996-03,4760,0,47633.9,0
5632,6153,1996-04,4760,0,101075.3,0
5632,6153,1996-05,4760,0,100139.2,0
5632,6153,1996-06,4760,0,28784.8,0
5632,6153,1996-07,4760,0,50592.3,0
5632,6153,1996-08,4760,0,42591.0,0
5632,6153,1996-09,4760,0,30645.9,0
5632,6153,1996-10,4760,0,79056.8,0
5632,6153,1996-11,4760,0,22488.9,0
5632,6153,1996-12,4760,0,86571.6,0
5632,6153,1997-01,4760,0,67910.4,0
5632,6153,1997-02,4760,0,104703.8,0
5632,6153,1997-03,4760,0,57019.9,0
5632,6153,1997-04,4760,0,86786.8,0
5632,6153,1997-05,4760,0,51992.1,0
5632,6153,1997-06,4760,0,56549.0,0
5632,6153,1997-07,4760,0,105686.0,0
5632,6153,1997-08,4760,0,72626.0,0
5632,6153,1997-09,4760,0,73389.5,0
5632,6153,1997-10,4760,0,90013.8,0
5632,6153,1997-11,4760,0,51849.3,0
5632,6153,1997-12,4760,0,44599.4,0
5632,6153,1998-01,4760,0,26835.0,0
5632,6153,1998-02,4760,0,57554.9,0
5632,6153,1998-03,4760,0,51515.9,0
5632,6153,1998-04,4760,0,31316.2,0
5632,6153,1998-05,4760,0,47233.0,0
5632,6153,1998-06,4760,0,19104.1,0
5632,6153,1998-07,4760,0,14390.1,0
5632,6153,1998-08,4760,0,40422.5,0
5632,6153,1998-09,4760,0,30106.5,0
5632,6153,1998-10,4760,0,18227.3,0
5632,6153,1998-11,4760,0,37147.2,0
5632,6153,1998-12,4760,0,48404.8,0
5632,6153,1999-01,4760,0,48404.8,0
5632,6153,1999-02,4760,0,48404.8,0
5632,6153,1999-03,4760,0,48404.8,0
5632,6153,1999-04,4760,0,48404.8,0
5632,6153,1999-05,4760,0,48404.8,0
5632,6153,1999-06,4760,0,48404.8,0
5632,6153,1999-07,4760,0,48404.8,0
5632,6153,1999-08,4760,0,48404.8,0
5632,6153,1999-09,4760,0,48404.8,0
5632,6153,1999-10,4760,0,48404.8,0
5632,6153,1999-11,4760,0,48404.8,0
5632,6153,1999-12,4760,0,48404.8,0
5632,6153,2000-01,4760,0,48404.8,0
5632,6153,2000-02,4760,0,48404.8,0
5632,6153,2000-03,4760,0,48404.8,0
5632,6153,2000-04,4760,0,48404.8,0
5632,6153,2000-05,4760,0,48404.8,0
5632,6153,2000-06,4760,0,48404.8,0
5632,6153,2000-07,4760,0,48404.8,0
3489,5693,1995-08,1837,0,48563.1,0
3489,5693,1995-09,1837,0,50954.4,0
3489,5693,1995-10,1837,0,49041.2,0
3489,5693,1995-11,1837,0,49087.8,0
3489,5693,1995-12,1837,0,52818.8,0
3489,5693,1996-01,1837,0,45961.0,0
3489,5693,1996-02,1837,0,48040.3,0
3489,5693,1996-03,1837,0,44749.4,0
3489,5693,1996-04,1837,0,43813.5,0
3489,5693,1996-05,1837,0,43676.3,0
3489,5693,1996-06,1837,0,26718.2,0
3489,5693,1996-07,1837,0,30625.6,0
3489,5693,1996-08,1837,0,33857.8,0
3489,5693,1996-09,1837,0,33702.8,0
3489,5693,1996-10,1837,0,32279.5,0
3489,5693,1996-11,1837,0,33116.8,0
3489,5693,1996-12,1837,0,35289.0,0
3489,5693,1997-01,1837,0,27742.6,0
3489,5693,1997-02,1837,0,36263.9,0
3489,5693,1997-03,1837,0,36536.4,0
3489,5693,1997-04,1837,0,38390.4,0
3489,5693,1997-05,1837,0,38810.0,0
3489,5693,1997-06,1837,0,40288.9,0
3489,5693,1997-07,1837,0,36781.7,0
3489,5693,1997-08,1837,0,35567.5,0
4580,5922,1995-09,1685,0,82297.8,0
4580,5922,1995-10,1685,0,83294.7,0
4580,5922,1995-11,1685,0,73265.0,0
4580,5922,1995-12,1685,0,40845.2,0
4580,5922,1996-01,1685,0,24369.8,0
4580,5922,1996-02,1685,0,22836.7,0
4580,5922,1996-03,1685,0,37211.3,0
4580,5922,1996-04,1685,0,31123.4,0
4580,5922,1996-05,1685,0,21666.8,0
4580,5922,1996-06,1685,0,20023.4,0
4580,5922,1996-07,1685,0,22681.9,0
4580,5922,1996-08,1685,0,24741.1,0
4727,5959,1995-09,4485,0,35078.9,0
4727,5959,1995-10,4485,0,33549.8,0
4727,5959,1995-11,4485,0,37907.0,0
4727,5959,1995-12,4485,0,40465.6,0
4727,5959,1996-01,4485,0,23028.2,0
4727,5959,1996-02,4485,0,30761.1,0
4727,5959,1996-03,4485,0,35208.9,0
4727,5959,1996-04,4485,0,38372.9,0
4727,5959,1996-05,4485,0,41449.7,0
4727,5959,1996-06,4485,0,48428.9,0
4727,5959,1996-07,4485,0,41522.4,0
4727,5959,1996-08,4485,0,33909.2,0
4727,5959,1996-09,4485,0,40686.1,0
4727,5959,1996-10,4485,0,44781.3,0
4727,5959,1996-11,4485,0,63245.5,0
4727,5959,1996-12,4485,0,73758.1,0
4727,5959,1997-01,4485,0,51154.1,0
4727,5959,1997-02,4485,0,21882.0,0
4727,5959,1997-03,4485,0,50186.4,0
4727,5959,1997-04,4485,0,37047.5,0
4727,5959,1997-05,4485,0,49388.2,0
4727,5959,1997-06,4485,0,81909.1,0
4727,5959,1997-07,4485,0,84469.4,0
4727,5959,1997-08,4485,0,80298.2,0
4825,5980,1995-09,1783,0,29118.2,0
4825,5980,1995-10,1783,0,30659.5,0
4825,5980,1995-11,1783,0,33909.2,0
4825,5980,1995-12,1783,0,24360.1,0
4825,5980,1996-01,1783,0,27669.4,0
4825,5980,1996-02,1783,0,29780.4,0
4825,5980,1996-03,1783,0,34980.2,0
4825,5980,1996-04,1783,0,22124.2,0
4825,5980,1996-05,1783,0,29038.8,0
4825,5980,1996-06,1783,0,35638.5,0
4825,5980,1996-07,1783,0,39305.1,0
4825,5980,1996-08,1783,0,23924.9,0
8776,6764,1995-09,708,0,44308.9,0
8776,6764,1995-10,708,0,45059.6,0
8776,6764,1995-11,708,0,43304.4,0
8776,6764,1995-12,708,0,43397.8,0
8776,6764,1996-01,708,0,27264.5,0
8776,6764,1996-02,708,0,40180.6,0
8776,6764,1996-03,708,0,44095.8,0
8776,6764,1996-04,708,0,45769.0,0
8776,6764,1996-05,708,0,48922.9,0
8776,6764,1996-06,708,0,41416.6,0
8776,6764,1996-07,708,0,44908.0,0
8776,6764,1996-08,708,0,46278.9,0
8776,6764,1996-09,708,0,50013.0,0
8776,6764,1996-10,708,0,47835.6,0
8776,6764,1996-11,708,0,49314.7,0
8776,6764,1996-12,708,0,50567.6,0
8776,6764,1997-01,708,0,32271.0,0
8776,6764,1997-02,708,0,37712.0,0
8776,6764,1997-03,708,0,41536.1,0
8776,6764,1997-04,708,0,44948.7,0
8776,6764,1997-05,708,0,50803.8,0
8776,6764,1997-06,708,0,49131.5,0
8776,6764,1997-07,708,0,56504.5,0
8776,6764,1997-08,708,0,56934.4,0
8776,6764,1997-09,708,0,58144.2,0
8776,6764,1997-10,708,0,62132.1,0
8776,6764,1997-11,708,0,65426.3,0
8776,6764,1997-12,708,0,77477.9,0
8776,6764,1998-01,708,0,58870.5,0
8776,6764,1998-02,708,0,64928.1,0
8776,6764,1998-03,708,0,66507.2,0
8776,6764,1998-04,708,0,64841.0,0
8776,6764,1998-05,708,0,68869.1,0
8776,6764,1998-06,708,0,61791.9,0
8776,6764,1998-07,708,0,58507.8,0
8776,6764,1998-08,708,0,65883.8,0
8776,6764,1998-09,708,0,74728.9,0
8776,6764,1998-10,708,0,73802.7,0
8776,6764,1998-11,708,0,75034.5,0
8776,6764,1998-12,708,0,85427.8,0
8776,6764,1999-01,708,0,85427.8,0
8776,6764,1999-02,708,0,85427.8,0
8776,6764,1999-03,708,0,85427.8,0
8776,6764,1999-04,708,0,85427.8,0
8776,6764,1999-05,708,0,85427.8,0
8776,6764,1999-06,708,0,85427.8,0
8776,6764,1999-07,708,0,85427.8,0
8776,6764,1999-08,708,0,85427.8,0
1375,5237,1995-09,1889,0,41477.2,0
1375,5237,1995-10,1889,0,39222.7,0
1375,5237,1995-11,1889,0,39162.4,0
1375,5237,1995-12,1889,0,46973.7,0
1375,5237,1996-01,1889,0,35320.1,0
1375,5237,1996-02,1889,0,38344.9,0
1375,5237,1996-03,1889,0,40982.2,0
1375,5237,1996-04,1889,0,40724.0,0
1375,5237,1996-05,1889,0,43269.5,0
1375,5237,1996-06,1889,0,38549.6,0
1375,5237,1996-07,1889,0,38989.3,0
1375,5237,1996-08,1889,0,42627.2,0
1375,5237,1996-09,1889,0,45578.3,0
1375,5237,1996-10,1889,0,45833.6,0
1375,5237,1996-11,1889,0,46594.5,0
1375,5237,1996-12,1889,0,46225.7,0
1375,5237,1997-01,1889,0,37461.3,0
1375,5237,1997-02,1889,0,37477.1,0
1375,5237,1997-03,1889,0,35791.2,0
1375,5237,1997-04,1889,0,37606.2,0
1375,5237,1997-05,1889,0,40932.8,0
1375,5237,1997-06,1889,0,37126.5,0
1375,5237,1997-07,1889,0,39648.7,0
1375,5237,1997-08,1889,0,40378.6,0
8492,6726,1995-10,1431,0,35538.2,0
8492,6726,1995-11,1431,0,35883.9,0
8492,6726,1995-12,1431,0,38218.6,0
8492,6726,1996-01,1431,0,26740.6,0
8492,6726,1996-02,1431,0,35224.9,0
8492,6726,1996-03,1431,0,36884.8,0
8492,6726,1996-04,1431,0,43801.9,0
8492,6726,1996-05,1431,0,46178.6,0
8492,6726,1996-06,1431,0,45554.6,0
8492,6726,1996-07,1431,0,38996.5,0
8492,6726,1996-08,1431,0,43047.8,0
8492,6726,1996-09,1431,0,41586.3,0
8492,6726,1996-10,1431,0,37645.8,0
8492,6726,1996-11,1431,0,40082.3,0
8492,6726,1996-12,1431,0,41672.8,0
8492,6726,1997-01,1431,0,25034.0,0
8492,6726,1997-02,1431,0,31327.8,0
8492,6726,1997-03,1431,0,32961.3,0
8492,6726,1997-04,1431,0,38752.5,0
8492,6726,1997-05,1431,0,42504.9,0
8492,6726,1997-06,1431,0,36199.1,0
8492,6726,1997-07,1431,0,36452.8,0
8492,6726,1997-08,1431,0,33950.1,0
8492,6726,1997-09,1431,0,44346.7,0
8492,6726,1997-10,1431,0,52223.6,0
8492,6726,1997-11,1431,0,53540.8,0
8492,6726,1997-12,1431,0,59585.4,0
8492,6726,1998-01,1431,0,35873.7,0
8492,6726,1998-02,1431,0,48330.9,0
8492,6726,1998-03,1431,0,56369.1,0
8492,6726,1998-04,1431,0,55171.4,0
8492,6726,1998-05,1431,0,64786.8,0
8492,6726,1998-06,1431,0,48666.3,0
8492,6726,1998-07,1431,0,63500.6,0
8492,6726,1998-08,1431,0,71503.3,0
8492,6726,1998-09,1431,0,74306.9,0
8492,6726,1998-10,1431,0,70449.0,0
8492,6726,1998-11,1431,0,76215.4,0
8492,6726,1998-12,1431,0,79560.6,0
8492,6726,1999-01,1431,0,79560.6,0
8492,6726,1999-02,1431,0,79560.6,0
8492,6726,1999-03,1431,0,79560.6,0
8492,6726,1999-04,1431,0,79560.6,0
8492,6726,1999-05,1431,0,79560.6,0
8492,6726,1999-06,1431,0,79560.6,0
8492,6726,1999-07,1431,0,79560.6,0
8492,6726,1999-08,1431,0,79560.6,0
8492,6726,1999-09,1431,0,79560.6,0
8492,6726,1999-10,1431,0,79560.6,0
8492,6726,1999-11,1431,0,79560.6,0
8492,6726,1999-12,1431,0,79560.6,0
8492,6726,2000-01,1431,0,79560.6,0
8492,6726,2000-02,1431,0,79560.6,0
8492,6726,2000-03,1431,0,79560.6,0
8492,6726,2000-04,1431,0,79560.6,0
8492,6726,2000-05,1431,0,79560.6,0
8492,6726,2000-06,1431,0,79560.6,0
8492,6726,2000-07,1431,0,79560.6,0
8492,6726,2000-08,1431,0,79560.6,0
8492,6726,2000-09,1431,0,79560.6,0
9493,6933,1995-10,3931,0,25247.1,0
9493,6933,1995-11,3931,0,32026.5,0
9493,6933,1995-12,3931,0,45558.9,0
9493,6933,1996-01,3931,0,30962.3,0
9493,6933,1996-02,3931,0,39663.1,0
9493,6933,1996-03,3931,0,30047.7,0
9493,6933,1996-04,3931,0,35942.7,0
9493,6933,1996-05,3931,0,41561.6,0
9493,6933,1996-06,3931,0,47220.7,0
9493,6933,1996-07,3931,0,45180.1,0
9493,6933,1996-08,3931,0,47533.6,0
9493,6933,1996-09,3931,0,49595.7,0
9493,6933,1996-10,3931,0,39834.8,0
9493,6933,1996-11,3931,0,35637.2,0
9493,6933,1996-12,3931,0,45968.8,0
9493,6933,1997-01,3931,0,27644.1,0
9493,6933,1997-02,3931,0,25428.0,0
9493,6933,1997-03,3931,0,35003.8,0
9493,6933,1997-04,3931,0,39876.2,0
9493,6933,1997-05,3931,0,33190.5,0
9493,6933,1997-06,3931,0,32271.7,0
9493,6933,1997-07,3931,0,29469.1,0
9493,6933,1997-08,3931,0,28952.4,0
9493,6933,1997-09,3931,0,39243.4,0
9493,6933,1997-10,3931,0,47672.1,0
9493,6933,1997-11,3931,0,48011.7,0
9493,6933,1997-12,3931,0,39053.2,0
9493,6933,1998-01,3931,0,24138.4,0
9493,6933,1998-02,3931,0,40818.3,0
9493,6933,1998-03,3931,0,46253.0,0
9493,6933,1998-04,3931,0,40497.6,0
9493,6933,1998-05,3931,0,42018.5,0
9493,6933,1998-06,3931,0,63285.2,0
9493,6933,1998-07,3931,0,70109.0,0
9493,6933,1998-08,3931,0,73852.8,0
9493,6933,1998-09,3931,0,53147.3,0
9493,6933,1998-10,3931,0,53122.6,0
9493,6933,1998-11,3931,0,67428.5,0
9493,6933,1998-12,3931,0,89702.6,0
9493,6933,1999-01,3931,0,89702.6,0
9493,6933,1999-02,3931,0,89702.6,0
9493,6933,1999-03,3931,0,89702.6,0
9493,6933,1999-04,3931,0,89702.6,0
9493,6933,1999-05,3931,0,89702.6,0
9493,6933,1999-06,3931,0,89702.6,0
9493,6933,1999-07,3931,0,89702.6,0
9493,6933,1999-08,3931,0,89702.6,0
9493,6933,1999-09,3931,0,89702.6,0
915,5145,1995-10,6449,0,30273.4,0
915,5145,1995-11,6449,0,33007.1,0
915,5145,1995-12,6449,0,34970.8,0
915,5145,1996-01,6449,0,17330.6,0
915,5145,1996-02,6449,0,30795.2,0
915,5145,1996-03,6449,0,25058.9,0
915,5145,1996-04,6449,0,31927.5,0
915,5145,1996-05,6449,0,31722.2,0
915,5145,1996-06,6449,0,35562.2,0
915,5145,1996-07,6449,0,26631.3,0
915,5145,1996-08,6449,0,26788.6,0
915,5145,1996-09,6449,0,21029.9,0
915,5145,1996-10,6449,0,20261.6,0
915,5145,1996-11,6449,0,40251.0,0
915,5145,1996-12,6449,0,50122.8,0
915,5145,1997-01,6449,0,24209.0,0
915,5145,1997-02,6449,0,23965.0,0
915,5145,1997-03,6449,0,40660.3,0
915,5145,1997-04,6449,0,39087.1,0
915,5145,1997-05,6449,0,28132.3,0
915,5145,1997-06,6449,0,56929.9,0
915,5145,1997-07,6449,0,62929.1,0
915,5145,1997-08,6449,0,64740.3,0
915,5145,1997-09,6449,0,66148.6,0
915,5145,1997-10,6449,0,66860.8,0
915,5145,1997-11,6449,0,65372.9,0
915,5145,1997-12,6449,0,85292.2,0
915,5145,1998-01,6449,0,53545.6,0
915,5145,1998-02,6449,0,62670.2,0
915,5145,1998-03,6449,0,43465.6,0
915,5145,1998-04,6449,0,55050.1,0
915,5145,1998-05,6449,0,39955.9,0
915,5145,1998-06,6449,0,57115.6,0
915,5145,1998-07,6449,0,67025.5,0
915,5145,1998-08,6449,0,53234.1,0
915,5145,1998-09,6449,0,55542.8,0
915,5145,1998-10,6449,0,45986.4,0
915,5145,1998-11,6449,0,45841.1,0
915,5145,1998-12,6449,0,81327.2,0
915,5145,1999-01,6449,0,81327.2,0
915,5145,1999-02,6449,0,81327.2,0
915,5145,1999-03,6449,0,81327.2,0
915,5145,1999-04,6449,0,81327.2,0
915,5145,1999-05,6449,0,81327.2,0
915,5145,1999-06,6449,0,81327.2,0
915,5145,1999-07,6449,0,81327.2,0
915,5145,1999-08,6449,0,81327.2,0
915,5145,1999-09,6449,0,81327.2,0
9897,7008,1995-10,3014,0,31160.5,0
9897,7008,1995-11,3014,0,24756.2,0
9897,7008,1995-12,3014,0,25795.9,0
9897,7008,1996-01,3014,0,23549.1,0
9897,7008,1996-02,3014,0,19416.9,0
9897,7008,1996-03,3014,0,20368.2,0
9897,7008,1996-04,3014,0,23224.7,0
9897,7008,1996-05,3014,0,23212.8,0
9897,7008,1996-06,3014,0,24784.7,0
9897,7008,1996-07,3014,0,27359.1,0
9897,7008,1996-08,3014,0,26541.0,0
9897,7008,1996-09,3014,0,28922.7,0
10942,7227,1995-11,5242,0,55155.9,0
10942,7227,1995-12,5242,0,63668.5,0
10942,7227,1996-01,5242,0,101239.0,0
10942,7227,1996-02,5242,0,53134.5,0
10942,7227,1996-03,5242,0,45997.8,0
10942,7227,1996-04,5242,0,40158.5,0
10942,7227,1996-05,5242,0,33753.8,0
10942,7227,1996-06,5242,0,88621.0,0
10942,7227,1996-07,5242,0,50342.6,0
10942,7227,1996-08,5242,0,32302.5,0
10942,7227,1996-09,5242,0,20652.6,0
10942,7227,1996-10,5242,0,59617.5,0
10942,7227,1996-11,5242,0,31361.6,0
10942,7227,1996-12,5242,0,17807.8,0
10942,7227,1997-01,5242,0,26820.9,0
10942,7227,1997-02,5242,0,76784.3,0
10942,7227,1997-03,5242,0,68044.5,0
10942,7227,1997-04,5242,0,26873.5,0
10942,7227,1997-05,5242,0,11197.2,0
10942,7227,1997-06,5242,0,29970.3,0
10942,7227,1997-07,5242,0,66509.9,0
10942,7227,1997-08,5242,0,56088.3,0
10942,7227,1997-09,5242,0,26444.1,0
10942,7227,1997-10,5242,0,67590.0,0
10942,7227,1997-11,5242,0,47943.4,0
10942,7227,1997-12,5242,0,103291.8,0
10942,7227,1998-01,5242,0,51481.9,0
10942,7227,1998-02,5242,0,69420.2,0
10942,7227,1998-03,5242,0,36455.1,0
10942,7227,1998-04,5242,0,78970.2,0
10942,7227,1998-05,5242,0,123680.4,0
10942,7227,1998-06,5242,0,98839.8,0
10942,7227,1998-07,5242,0,79291.1,0
10942,7227,1998-08,5242,0,33542.3,0
10942,7227,1998-09,5242,0,17891.4,0
10942,7227,1998-10,5242,0,11412.9,0
10942,7227,1998-11,5242,0,42742.1,0
10942,7227,1998-12,5242,0,48417.2,0
10942,7227,1999-01,5242,0,48417.2,0
10942,7227,1999-02,5242,0,48417.2,0
10942,7227,1999-03,5242,0,48417.2,0
10942,7227,1999-04,5242,0,48417.2,0
10942,7227,1999-05,5242,0,48417.2,0
10942,7227,1999-06,5242,0,48417.2,0
10942,7227,1999-07,5242,0,48417.2,0
10942,7227,1999-08,5242,0,48417.2,0
10942,7227,1999-09,5242,0,48417.2,0
10942,7227,1999-10,5242,0,48417.2,0
10942,7227,1999-11,5242,0,48417.2,0
10942,7227,1999-12,5242,0,48417.2,0
10942,7227,2000-01,5242,0,48417.2,0
10942,7227,2000-02,5242,0,48417.2,0
10942,7227,2000-03,5242,0,48417.2,0
10942,7227,2000-04,5242,0,48417.2,0
10942,7227,2000-05,5242,0,48417.2,0
10942,7227,2000-06,5242,0,48417.2,0
10942,7227,2000-07,5242,0,48417.2,0
10942,7227,2000-08,5242,0,48417.2,0
10942,7227,2000-09,5242,0,48417.2,0
10942,7227,2000-10,5242,0,48417.2,0
7861,6600,1995-11,607,0,38763.2,0
7861,6600,1995-12,607,0,46456.0,0
7861,6600,1996-01,607,0,28990.9,0
7861,6600,1996-02,607,0,36934.6,0
7861,6600,1996-03,607,0,37719.6,0
7861,6600,1996-04,607,0,40707.8,0
7861,6600,1996-05,607,0,38581.5,0
7861,6600,1996-06,607,0,42598.3,0
7861,6600,1996-07,607,0,45287.7,0
7861,6600,1996-08,607,0,48202.1,0
7861,6600,1996-09,607,0,60636.9,0
7861,6600,1996-10,607,0,67109.4,0
7861,6600,1996-11,607,0,67887.2,0
7861,6600,1996-12,607,0,76264.7,0
7861,6600,1997-01,607,0,60150.3,0
7861,6600,1997-02,607,0,71129.5,0
7861,6600,1997-03,607,0,76458.3,0
7861,6600,1997-04,607,0,78383.4,0
7861,6600,1997-05,607,0,80014.1,0
7861,6600,1997-06,607,0,62118.8,0
7861,6600,1997-07,607,0,70701.4,0
7861,6600,1997-08,607,0,70333.3,0
7861,6600,1997-09,607,0,75643.8,0
7861,6600,1997-10,607,0,81372.9,0
7861,6600,1997-11,607,0,70988.0,0
7861,6600,1997-12,607,0,83356.5,0
7861,6600,1998-01,607,0,58273.8,0
7861,6600,1998-02,607,0,69747.1,0
7861,6600,1998-03,607,0,77256.7,0
7861,6600,1998-04,607,0,79177.0,0
7861,6600,1998-05,607,0,76791.0,0
7861,6600,1998-06,607,0,79236.1,0
7861,6600,1998-07,607,0,76266.0,0
7861,6600,1998-08,607,0,73796.0,0
7861,6600,1998-09,607,0,75298.6,0
7861,6600,1998-10,607,0,76413.2,0
8405,6712,1995-11,4437,0,39726.1,0
8405,6712,1995-12,4437,0,47170.0,0
8405,6712,1996-01,4437,0,18107.4,0
8405,6712,1996-02,4437,0,16961.5,0
8405,6712,1996-03,4437,0,28405.3,0
8405,6712,1996-04,4437,0,29627.6,0
8405,6712,1996-05,4437,0,30151.7,0
8405,6712,1996-06,4437,0,19848.9,0
8405,6712,1996-07,4437,0,26864.6,0
8405,6712,1996-08,4437,0,28311.7,0
8405,6712,1996-09,4437,0,28932.0,0
8405,6712,1996-10,4437,0,26884.1,0
8405,6712,1996-11,4437,0,25774.7,0
8405,6712,1996-12,4437,0,32550.8,0
8405,6712,1997-01,4437,0,18281.3,0
8405,6712,1997-02,4437,0,21580.5,0
8405,6712,1997-03,4437,0,27405.9,0
8405,6712,1997-04,4437,0,29059.9,0
8405,6712,1997-05,4437,0,25090.4,0
8405,6712,1997-06,4437,0,27237.1,0
8405,6712,1997-07,4437,0,27729.8,0
8405,6712,1997-08,4437,0,30811.2,0
8405,6712,1997-09,4437,0,30293.2,0
8405,6712,1997-10,4437,0,32338.9,0
8405,6712,1997-11,4437,0,31824.1,0
8405,6712,1997-12,4437,0,36569.5,0
8405,6712,1998-01,4437,0,20964.1,0
8405,6712,1998-02,4437,0,25764.1,0
8405,6712,1998-03,4437,0,28299.0,0
8405,6712,1998-04,4437,0,24781.9,0
8405,6712,1998-05,4437,0,29117.2,0
8405,6712,1998-06,4437,0,34001.9,0
8405,6712,1998-07,4437,0,28418.7,0
8405,6712,1998-08,4437,0,24972.0,0
8405,6712,1998-09,4437,0,26804.9,0
8405,6712,1998-10,4437,0,32062.0,0
8405,6712,1998-11,4437,0,35839.6,0
8405,6712,1998-12,4437,0,42103.7,0
8405,6712,1999-01,4437,0,42103.7,0
8405,6712,1999-02,4437,0,42103.7,0
8405,6712,1999-03,4437,0,42103.7,0
8405,6712,1999-04,4437,0,42103.7,0
8405,6712,1999-05,4437,0,42103.7,0
8405,6712,1999-06,4437,0,42103.7,0
8405,6712,1999-07,4437,0,42103.7,0
8405,6712,1999-08,4437,0,42103.7,0
8405,6712,1999-09,4437,0,42103.7,0
8405,6712,1999-10,4437,0,42103.7,0
8405,6712,1999-11,4437,0,42103.7,0
8405,6712,1999-12,4437,0,42103.7,0
8405,6712,2000-01,4437,0,42103.7,0
8405,6712,2000-02,4437,0,42103.7,0
8405,6712,2000-03,4437,0,42103.7,0
8405,6712,2000-04,4437,0,42103.7,0
8405,6712,2000-05,4437,0,42103.7,0
8405,6712,2000-06,4437,0,42103.7,0
8405,6712,2000-07,4437,0,42103.7,0
8405,6712,2000-08,4437,0,42103.7,0
8405,6712,2000-09,4437,0,42103.7,0
8405,6712,2000-10,4437,0,42103.7,0
10093,7057,1995-11,6436,0,23720.9,0
10093,7057,1995-12,6436,0,40251.1,0
10093,7057,1996-01,6436,0,20561.1,0
10093,7057,1996-02,6436,0,34849.8,0
10093,7057,1996-03,6436,0,37883.5,0
10093,7057,1996-04,6436,0,43231.6,0
10093,7057,1996-05,6436,0,47699.5,0
10093,7057,1996-06,6436,0,39933.9,0
10093,7057,1996-07,6436,0,37254.1,0
10093,7057,1996-08,6436,0,39278.4,0
10093,7057,1996-09,6436,0,28812.3,0
10093,7057,1996-10,6436,0,34297.6,0
10093,7057,1996-11,6436,0,40421.6,0
10093,7057,1996-12,6436,0,46880.2,0
10093,7057,1997-01,6436,0,21867.7,0
10093,7057,1997-02,6436,0,28637.4,0
10093,7057,1997-03,6436,0,30628.6,0
10093,7057,1997-04,6436,0,24998.5,0
10093,7057,1997-05,6436,0,29577.1,0
10093,7057,1997-06,6436,0,37989.7,0
10093,7057,1997-07,6436,0,22024.7,0
10093,7057,1997-08,6436,0,26485.3,0
10093,7057,1997-09,6436,0,31262.9,0
10093,7057,1997-10,6436,0,23613.3,0
10093,7057,1997-11,6436,0,30597.5,0
10093,7057,1997-12,6436,0,38722.8,0
10093,7057,1998-01,6436,0,22589.9,0
10093,7057,1998-02,6436,0,24642.2,0
10093,7057,1998-03,6436,0,26056.9,0
10093,7057,1998-04,6436,0,21901.9,0
10093,7057,1998-05,6436,0,20436.4,0
10093,7057,1998-06,6436,0,30590.2,0
10093,7057,1998-07,6436,0,22335.8,0
10093,7057,1998-08,6436,0,25078.0,0
10093,7057,1998-09,6436,0,25223.8,0
10093,7057,1998-10,6436,0,24165.6,0
10663,7176,1995-11,7223,0,36199.9,0
10663,7176,1995-12,7223,0,51032.6,0
10663,7176,1996-01,7223,0,24884.6,0
10663,7176,1996-02,7223,0,38663.9,0
10663,7176,1996-03,7223,0,46796.8,0
10663,7176,1996-04,7223,0,45334.4,0
10663,7176,1996-05,7223,0,42091.1,0
10663,7176,1996-06,7223,0,41637.0,0
10663,7176,1996-07,7223,0,41354.0,0
10663,7176,1996-08,7223,0,40464.5,0
10663,7176,1996-09,7223,0,36649.9,0
10663,7176,1996-10,7223,0,42863.8,0
10663,7176,1996-11,7223,0,42393.8,0
10663,7176,1996-12,7223,0,54242.1,0
10663,7176,1997-01,7223,0,29046.6,0
10663,7176,1997-02,7223,0,34374.8,0
10663,7176,1997-03,7223,0,29017.9,0
10663,7176,1997-04,7223,0,34194.6,0
10663,7176,1997-05,7223,0,29878.3,0
10663,7176,1997-06,7223,0,37439.7,0
10663,7176,1997-07,7223,0,33060.6,0
10663,7176,1997-08,7223,0,36344.6,0
10663,7176,1997-09,7223,0,22867.2,0
10663,7176,1997-10,7223,0,27107.8,0
10663,7176,1997-11,7223,0,17913.0,0
10663,7176,1997-12,7223,0,35719.4,0
10663,7176,1998-01,7223,0,25960.3,0
10663,7176,1998-02,7223,0,19377.3,0
10663,7176,1998-03,7223,0,24502.0,0
10663,7176,1998-04,7223,0,27742.4,0
10663,7176,1998-05,7223,0,28389.7,0
10663,7176,1998-06,7223,0,32520.8,0
10663,7176,1998-07,7223,0,27335.0,0
10663,7176,1998-08,7223,0,27773.9,0
10663,7176,1998-09,7223,0,20753.9,0
10663,7176,1998-10,7223,0,20059.3,0
11349,7304,1995-11,6998,0,32328.5,0
11349,7304,1995-12,6998,0,36118.2,0
11349,7304,1996-01,6998,0,20466.6,0
11349,7304,1996-02,6998,0,37687.1,0
11349,7304,1996-03,6998,0,36767.6,0
11349,7304,1996-04,6998,0,45843.8,0
11349,7304,1996-05,6998,0,49547.1,0
11349,7304,1996-06,6998,0,20386.5,0
11349,7304,1996-07,6998,0,38968.4,0
11349,7304,1996-08,6998,0,53860.1,0
11349,7304,1996-09,6998,0,33053.8,0
11349,7304,1996-10,6998,0,48520.8,0
11349,7304,1996-11,6998,0,52526.7,0
11349,7304,1996-12,6998,0,44700.3,0
11349,7304,1997-01,6998,0,22199.3,0
11349,7304,1997-02,6998,0,36636.8,0
11349,7304,1997-03,6998,0,45298.2,0
11349,7304,1997-04,6998,0,49385.9,0
11349,7304,1997-05,6998,0,47162.2,0
11349,7304,1997-06,6998,0,49750.7,0
11349,7304,1997-07,6998,0,39863.5,0
11349,7304,1997-08,6998,0,50040.3,0
11349,7304,1997-09,6998,0,31205.5,0
11349,7304,1997-10,6998,0,45655.5,0
11349,7304,1997-11,6998,0,37808.4,0
11349,7304,1997-12,6998,0,28332.0,0
11349,7304,1998-01,6998,0,20821.9,0
11349,7304,1998-02,6998,0,23995.6,0
11349,7304,1998-03,6998,0,22737.8,0
11349,7304,1998-04,6998,0,25557.7,0
11349,7304,1998-05,6998,0,33261.2,0
11349,7304,1998-06,6998,0,40994.0,0
11349,7304,1998-07,6998,0,29920.8,0
11349,7304,1998-08,6998,0,9572.8,0
11349,7304,1998-09,6998,0,22037.4,0
11349,7304,1998-10,6998,0,23900.2,0
11349,7304,1998-11,6998,0,36530.9,0
11349,7304,1998-12,6998,0,33977.9,0
11349,7304,1999-01,6998,0,33977.9,0
11349,7304,1999-02,6998,0,33977.9,0
11349,7304,1999-03,6998,0,33977.9,0
11349,7304,1999-04,6998,0,33977.9,0
11349,7304,1999-05,6998,0,33977.9,0
11349,7304,1999-06,6998,0,33977.9,0
11349,7304,1999-07,6998,0,33977.9,0
11349,7304,1999-08,6998,0,33977.9,0
11349,7304,1999-09,6998,0,33977.9,0
11349,7304,1999-10,6998,0,33977.9,0
11349,7304,1999-11,6998,0,33977.9,0
11349,7304,1999-12,6998,0,33977.9,0
11349,7304,2000-01,6998,0,33977.9,0
11349,7304,2000-02,6998,0,33977.9,0
11349,7304,2000-03,6998,0,33977.9,0
11349,7304,2000-04,6998,0,33977.9,0
11349,7304,2000-05,6998,0,33977.9,0
11349,7304,2000-06,6998,0,33977.9,0
11349,7304,2000-07,6998,0,33977.9,0
11349,7304,2000-08,6998,0,33977.9,0
11349,7304,2000-09,6998,0,33977.9,0
11349,7304,2000-10,6998,0,33977.9,0
6738,6362,1995-11,3159,0,42706.1,0
6738,6362,1995-12,3159,0,41071.2,0
6738,6362,1996-01,3159,0,26592.2,0
6738,6362,1996-02,3159,0,23983.4,0
6738,6362,1996-03,3159,0,31791.1,0
6738,6362,1996-04,3159,0,36424.3,0
6738,6362,1996-05,3159,0,29169.1,0
6738,6362,1996-06,3159,0,37480.3,0
6738,6362,1996-07,3159,0,35321.9,0
6738,6362,1996-08,3159,0,33352.0,0
6738,6362,1996-09,3159,0,28380.0,0
6738,6362,1996-10,3159,0,30387.7,0
4423,5880,1995-11,2051,0,90921.3,0
4423,5880,1995-12,2051,0,41527.2,0
4423,5880,1996-01,2051,0,20491.1,0
4423,5880,1996-02,2051,0,22113.1,0
4423,5880,1996-03,2051,0,22339.4,0
4423,5880,1996-04,2051,0,25726.9,0
4423,5880,1996-05,2051,0,27301.3,0
4423,5880,1996-06,2051,0,70297.9,0
4423,5880,1996-07,2051,0,42877.0,0
4423,5880,1996-08,2051,0,26868.0,0
4423,5880,1996-09,2051,0,29422.1,0
4423,5880,1996-10,2051,0,20336.6,0
4423,5880,1996-11,2051,0,36093.5,0
4423,5880,1996-12,2051,0,25358.1,0
4423,5880,1997-01,2051,0,21664.3,0
4423,5880,1997-02,2051,0,21694.4,0
4423,5880,1997-03,2051,0,25662.6,0
4423,5880,1997-04,2051,0,26810.9,0
4423,5880,1997-05,2051,0,22451.5,0
4423,5880,1997-06,2051,0,22284.3,0
4423,5880,1997-07,2051,0,16803.6,0
4423,5880,1997-08,2051,0,42946.6,0
4423,5880,1997-09,2051,0,27927.3,0
4423,5880,1997-10,2051,0,16860.6,0
4423,5880,1997-11,2051,0,9552.9,0
4423,5880,1997-12,2051,0,53944.0,0
4423,5880,1998-01,2051,0,74189.2,0
4423,5880,1998-02,2051,0,24454.6,0
4423,5880,1998-03,2051,0,78167.5,0
4423,5880,1998-04,2051,0,72202.9,0
4423,5880,1998-05,2051,0,79261.5,0
4423,5880,1998-06,2051,0,85349.4,0
4423,5880,1998-07,2051,0,45659.0,0
4423,5880,1998-08,2051,0,43521.2,0
4423,5880,1998-09,2051,0,64437.6,0
4423,5880,1998-10,2051,0,38817.7,0
7546,6535,1995-12,3496,0,28020.2,0
7546,6535,1996-01,3496,0,21300.1,0
7546,6535,1996-02,3496,0,28587.9,0
7546,6535,1996-03,3496,0,20384.3,0
7546,6535,1996-04,3496,0,24565.1,0
7546,6535,1996-05,3496,0,25059.0,0
7546,6535,1996-06,3496,0,30469.3,0
7546,6535,1996-07,3496,0,21155.5,0
7546,6535,1996-08,3496,0,27638.7,0
7546,6535,1996-09,3496,0,27239.7,0
7546,6535,1996-10,3496,0,27639.0,0
7546,6535,1996-11,3496,0,29135.2,0
2343,5449,1995-12,4139,0,30772.6,0
2343,5449,1996-01,4139,0,20863.1,0
2343,5449,1996-02,4139,0,28292.0,0
2343,5449,1996-03,4139,0,32595.0,0
2343,5449,1996-04,4139,0,30224.0,0
2343,5449,1996-05,4139,0,33673.6,0
2343,5449,1996-06,4139,0,41231.7,0
2343,5449,1996-07,4139,0,44383.9,0
2343,5449,1996-08,4139,0,40730.8,0
2343,5449,1996-09,4139,0,44876.4,0
2343,5449,1996-10,4139,0,44506.6,0
2343,5449,1996-11,4139,0,44866.5,0
2343,5449,1996-12,4139,0,44499.5,0
2343,5449,1997-01,4139,0,37344.2,0
2343,5449,1997-02,4139,0,41275.5,0
2343,5449,1997-03,4139,0,38519.7,0
2343,5449,1997-04,4139,0,41755.5,0
2343,5449,1997-05,4139,0,42703.3,0
2343,5449,1997-06,4139,0,48593.5,0
2343,5449,1997-07,4139,0,49824.3,0
2343,5449,1997-08,4139,0,46354.5,0
2343,5449,1997-09,4139,0,44143.5,0
2343,5449,1997-10,4139,0,40996.1,0
2343,5449,1997-11,4139,0,44988.0,0
6609,6342,1995-12,1671,1,36374.1,0
6609,6342,1996-01,1671,1,21640.3,0
6609,6342,1996-02,1671,1,17030.9,0
6609,6342,1996-03,1671,1,15104.1,0
6609,6342,1996-04,1671,1,13266.9,0
6609,6342,1996-05,1671,1,6111.9,0
6609,6342,1996-06,1671,1,-1079.3,1
6609,6342,1996-07,1671,1,-1105.9,1
6609,6342,1996-08,1671,1,-1120.5,1
6609,6342,1996-09,1671,1,-1147.0,1
6609,6342,1996-10,1671,1,-1174.0,1
6609,6342,1996-11,1671,1,-1200.5,1
6609,6342,1996-12,1671,1,26213.1,0
6609,6342,1997-01,1671,1,16103.0,0
6609,6342,1997-02,1671,1,8963.9,0
6609,6342,1997-03,1671,1,3465.4,0
6609,6342,1997-04,1671,1,1839.5,0
6609,6342,1997-05,1671,1,206.8,1
6609,6342,1997-06,1671,1,-1448.7,1
6609,6342,1997-07,1671,1,13099.8,0
6609,6342,1997-08,1671,1,13297.1,0
6609,6342,1997-09,1671,1,23291.4,0
6609,6342,1997-10,1671,1,16186.6,0
6609,6342,1997-11,1671,1,19600.8,0
6609,6342,1997-12,1671,1,12474.6,0
6609,6342,1998-01,1671,1,5314.4,0
6609,6342,1998-02,1671,1,32060.4,0
6609,6342,1998-03,1671,1,108196.4,0
6609,6342,1998-04,1671,1,31416.9,0
6609,6342,1998-05,1671,1,28501.0,0
6609,6342,1998-06,1671,1,49624.0,0
6609,6342,1998-07,1671,1,42622.5,0
6609,6342,1998-08,1671,1,27507.9,0
6609,6342,1998-09,1671,1,75339.3,0
6609,6342,1998-10,1671,1,22558.5,0
6609,6342,1998-11,1671,1,65103.0,0
2218,5409,1995-12,3034,0,49792.8,0
2218,5409,1996-01,3034,0,33394.0,0
2218,5409,1996-02,3034,0,52176.0,0
2218,5409,1996-03,3034,0,59514.0,0
2218,5409,1996-04,3034,0,51794.6,0
2218,5409,1996-05,3034,0,61131.6,0
2218,5409,1996-06,3034,0,49600.7,0
2218,5409,1996-07,3034,0,49923.2,0
2218,5409,1996-08,3034,0,47949.9,0
2218,5409,1996-09,3034,0,59169.6,0
2218,5409,1996-10,3034,0,63717.5,0
2218,5409,1996-11,3034,0,69990.0,0
2218,5409,1996-12,3034,0,40525.3,0
2218,5409,1997-01,3034,0,26599.7,0
2218,5409,1997-02,3034,0,52581.6,0
2218,5409,1997-03,3034,0,45268.8,0
2218,5409,1997-04,3034,0,51504.3,0
2218,5409,1997-05,3034,0,57537.1,0
2218,5409,1997-06,3034,0,54199.9,0
2218,5409,1997-07,3034,0,32029.5,0
2218,5409,1997-08,3034,0,44982.3,0
2218,5409,1997-09,3034,0,64225.5,0
2218,5409,1997-10,3034,0,73411.8,0
2218,5409,1997-11,3034,0,45081.8,0
2218,5409,1997-12,3034,0,58333.1,0
2218,5409,1998-01,3034,0,28109.4,0
2218,5409,1998-02,3034,0,79499.1,0
2218,5409,1998-03,3034,0,63812.8,0
2218,5409,1998-04,3034,0,85649.2,0
2218,5409,1998-05,3034,0,62859.6,0
2218,5409,1998-06,3034,0,107305.2,0
2218,5409,1998-07,3034,0,112674.8,0
2218,5409,1998-08,3034,0,86768.5,0
2218,5409,1998-09,3034,0,79024.9,0
2218,5409,1998-10,3034,0,103314.1,0
2218,5409,1998-11,3034,0,65112.9,0
2218,5409,1998-12,3034,0,81658.7,0
2218,5409,1999-01,3034,0,81658.7,0
2218,5409,1999-02,3034,0,81658.7,0
2218,5409,1999-03,3034,0,81658.7,0
2218,5409,1999-04,3034,0,81658.7,0
2218,5409,1999-05,3034,0,81658.7,0
2218,5409,1999-06,3034,0,81658.7,0
2218,5409,1999-07,3034,0,81658.7,0
2218,5409,1999-08,3034,0,81658.7,0
2218,5409,1999-09,3034,0,81658.7,0
2218,5409,1999-10,3034,0,81658.7,0
2218,5409,1999-11,3034,0,81658.7,0
2218,5409,1999-12,3034,0,81658.7,0
2218,5409,2000-01,3034,0,81658.7,0
2218,5409,2000-02,3034,0,81658.7,0
2218,5409,2000-03,3034,0,81658.7,0
2218,5409,2000-04,3034,0,81658.7,0
2218,5409,2000-05,3034,0,81658.7,0
2218,5409,2000-06,3034,0,81658.7,0
2218,5409,2000-07,3034,0,81658.7,0
2218,5409,2000-08,3034,0,81658.7,0
2218,5409,2000-09,3034,0,81658.7,0
2218,5409,2000-10,3034,0,81658.7,0
2218,5409,2000-11,3034,0,81658.7,0
9627,6955,1995-12,5091,0,39600.5,0
9627,6955,1996-01,5091,0,28028.8,0
9627,6955,1996-02,5091,0,24444.1,0
9627,6955,1996-03,5091,0,25355.9,0
9627,6955,1996-04,5091,0,28891.1,0
9627,6955,1996-05,5091,0,29533.5,0
9627,6955,1996-06,5091,0,21241.9,0
9627,6955,1996-07,5091,0,15823.1,0
9627,6955,1996-08,5091,0,15495.2,0
9627,6955,1996-09,5091,0,17572.2,0
9627,6955,1996-10,5091,0,18053.6,0
9627,6955,1996-11,5091,0,17433.9,0
9627,6955,1996-12,5091,0,18014.8,0
9627,6955,1997-01,5091,0,55256.4,0
9627,6955,1997-02,5091,0,34152.3,0
9627,6955,1997-03,5091,0,28284.9,0
9627,6955,1997-04,5091,0,48337.9,0
9627,6955,1997-05,5091,0,28180.8,0
9627,6955,1997-06,5091,0,73043.1,0
9627,6955,1997-07,5091,0,35879.4,0
9627,6955,1997-08,5091,0,50546.4,0
9627,6955,1997-09,5091,0,59016.5,0
9627,6955,1997-10,5091,0,52326.8,0
9627,6955,1997-11,5091,0,86929.0,0
9627,6955,1997-12,5091,0,37403.8,0
9627,6955,1998-01,5091,0,55899.0,0
9627,6955,1998-02,5091,0,39546.6,0
9627,6955,1998-03,5091,0,65318.9,0
9627,6955,1998-04,5091,0,48149.9,0
9627,6955,1998-05,5091,0,81540.3,0
9627,6955,1998-06,5091,0,46286.5,0
9627,6955,1998-07,5091,0,59712.6,0
9627,6955,1998-08,5091,0,74517.7,0
9627,6955,1998-09,5091,0,79175.2,0
9627,6955,1998-10,5091,0,73096.9,0
9627,6955,1998-11,5091,0,82915.2,0
9627,6955,1998-12,5091,0,77031.5,0
9627,6955,1999-01,5091,0,77031.5,0
9627,6955,1999-02,5091,0,77031.5,0
9627,6955,1999-03,5091,0,77031.5,0
9627,6955,1999-04,5091,0,77031.5,0
9627,6955,1999-05,5091,0,77031.5,0
9627,6955,1999-06,5091,0,77031.5,0
9627,6955,1999-07,5091,0,77031.5,0
9627,6955,1999-08,5091,0,77031.5,0
9627,6955,1999-09,5091,0,77031.5,0
9627,6955,1999-10,5091,0,77031.5,0
9627,6955,1999-11,5091,0,77031.5,0
9731,6985,1995-12,3161,0,24079.4,0
9731,6985,1996-01,3161,0,26809.8,0
9731,6985,1996-02,3161,0,25764.1,0
9731,6985,1996-03,3161,0,26238.4,0
9731,6985,1996-04,3161,0,27991.0,0
9731,6985,1996-05,3161,0,26483.8,0
9731,6985,1996-06,3161,0,28485.1,0
9731,6985,1996-07,3161,0,22631.1,0
9731,6985,1996-08,3161,0,20708.1,0
9731,6985,1996-09,3161,0,21733.4,0
9731,6985,1996-10,3161,0,24865.3,0
9731,6985,1996-11,3161,0,24003.8,0
9731,6985,1996-12,3161,0,25131.7,0
9731,6985,1997-01,3161,0,23563.9,0
9731,6985,1997-02,3161,0,20992.6,0
9731,6985,1997-03,3161,0,22918.5,0
9731,6985,1997-04,3161,0,19843.5,0
9731,6985,1997-05,3161,0,14150.2,0
9731,6985,1997-06,3161,0,17144.2,0
9731,6985,1997-07,3161,0,19152.0,0
9731,6985,1997-08,3161,0,17259.3,0
9731,6985,1997-09,3161,0,21771.0,0
9731,6985,1997-10,3161,0,22092.3,0
9731,6985,1997-11,3161,0,22714.7,0
9731,6985,1997-12,3161,0,22128.6,0
9731,6985,1998-01,3161,0,20744.5,0
9731,6985,1998-02,3161,0,23063.5,0
9731,6985,1998-03,3161,0,18076.4,0
9731,6985,1998-04,3161,0,18079.1,0
9731,6985,1998-05,3161,0,18983.5,0
9731,6985,1998-06,3161,0,23589.2,0
9731,6985,1998-07,3161,0,20304.5,0
9731,6985,1998-08,3161,0,23028.6,0
9731,6985,1998-09,3161,0,16830.3,0
9731,6985,1998-10,3161,0,15619.8,0
9731,6985,1998-11,3161,0,13600.6,0
789,5125,1995-12,1522,0,19133.8,0
789,5125,1996-01,1522,0,15802.0,0
789,5125,1996-02,1522,0,15027.5,0
789,5125,1996-03,1522,0,13945.0,0
789,5125,1996-04,1522,0,14364.7,0
789,5125,1996-05,1522,0,13484.0,0
789,5125,1996-06,1522,0,16754.8,0
789,5125,1996-07,1522,0,13972.8,0
789,5125,1996-08,1522,0,14396.4,0
789,5125,1996-09,1522,0,14817.7,0
789,5125,1996-10,1522,0,15244.7,0
789,5125,1996-11,1522,0,15669.6,0
789,5125,1996-12,1522,0,18949.8,0
789,5125,1997-01,1522,0,15305.3,0
789,5125,1997-02,1522,0,15733.8,0
789,5125,1997-03,1522,0,16164.3,0
789,5125,1997-04,1522,0,16592.7,0
789,5125,1997-05,1522,0,17022.9,0
789,5125,1997-06,1522,0,20312.1,0
789,5125,1997-07,1522,0,20761.5,0
789,5125,1997-08,1522,0,21208.9,0
789,5125,1997-09,1522,0,17204.3,0
789,5125,1997-10,1522,0,15595.1,0
789,5125,1997-11,1522,0,16024.6,0
789,5125,1997-12,1522,0,18503.9,0
789,5125,1998-01,1522,0,15452.6,0
789,5125,1998-02,1522,0,15877.4,0
789,5125,1998-03,1522,0,16304.0,0
789,5125,1998-04,1522,0,16736.1,0
789,5125,1998-05,1522,0,17166.1,0
789,5125,1998-06,1522,0,20451.4,0
789,5125,1998-07,1522,0,20896.8,0
789,5125,1998-08,1522,0,21347.9,0
789,5125,1998-09,1522,0,21800.7,0
789,5125,1998-10,1522,0,22251.5,0
789,5125,1998-11,1522,0,22704.1,0
789,5125,1998-12,1522,0,20756.5,0
789,5125,1999-01,1522,0,20756.5,0
789,5125,1999-02,1522,0,20756.5,0
789,5125,1999-03,1522,0,20756.5,0
789,5125,1999-04,1522,0,20756.5,0
789,5125,1999-05,1522,0,20756.5,0
789,5125,1999-06,1522,0,20756.5,0
789,5125,1999-07,1522,0,20756.5,0
789,5125,1999-08,1522,0,20756.5,0
789,5125,1999-09,1522,0,20756.5,0
789,5125,1999-10,1522,0,20756.5,0
789,5125,1999-11,1522,0,20756.5,0
4081,5805,1995-12,5746,1,39266.8,0
4081,5805,1996-01,5746,1,28324.2,0
4081,5805,1996-02,5746,1,22143.9,0
4081,5805,1996-03,5746,1,17843.8,0
4081,5805,1996-04,5746,1,18634.3,0
4081,5805,1996-05,5746,1,16721.2,0
4081,5805,1996-06,5746,1,16646.0,0
4081,5805,1996-07,5746,1,15226.9,0
4081,5805,1996-08,5746,1,2639.4,1
4081,5805,1996-09,5746,1,10732.8,0
4081,5805,1996-10,5746,1,9437.9,0
4081,5805,1996-11,5746,1,11947.8,0
4081,5805,1996-12,5746,1,8242.0,0
4081,5805,1997-01,5746,1,4344.8,1
4081,5805,1997-02,5746,1,10495.1,0
4081,5805,1997-03,5746,1,9351.5,0
4081,5805,1997-04,5746,1,12861.0,0
4081,5805,1997-05,5746,1,12332.9,0
4081,5805,1997-06,5746,1,15747.3,0
4081,5805,1997-07,5746,1,15227.8,0
4081,5805,1997-08,5746,1,11999.0,0
4081,5805,1997-09,5746,1,10346.2,0
4081,5805,1997-10,5746,1,9016.4,0
4081,5805,1997-11,5746,1,4716.3,1
5774,6185,1995-12,1299,0,55876.9,0
5774,6185,1996-01,1299,0,49923.3,0
5774,6185,1996-02,1299,0,46105.2,0
5774,6185,1996-03,1299,0,41615.8,0
5774,6185,1996-04,1299,0,41319.9,0
5774,6185,1996-05,1299,0,33086.9,0
5774,6185,1996-06,1299,0,45393.2,0
5774,6185,1996-07,1299,0,35672.2,0
5774,6185,1996-08,1299,0,37158.0,0
5774,6185,1996-09,1299,0,34445.4,0
5774,6185,1996-10,1299,0,30422.0,0
5774,6185,1996-11,1299,0,33387.3,0
5774,6185,1996-12,1299,0,39587.7,0
5774,6185,1997-01,1299,0,37210.8,0
5774,6185,1997-02,1299,0,37323.6,0
5774,6185,1997-03,1299,0,38840.4,0
5774,6185,1997-04,1299,0,34760.4,0
5774,6185,1997-05,1299,0,33862.4,0
5774,6185,1997-06,1299,0,39486.7,0
5774,6185,1997-07,1299,0,39505.0,0
5774,6185,1997-08,1299,0,38224.9,0
5774,6185,1997-09,1299,0,33941.7,0
5774,6185,1997-10,1299,0,30270.4,0
5774,6185,1997-11,1299,0,28747.1,0
11042,7243,1996-01,6032,0,25798.7,0
11042,7243,1996-02,6032,0,35585.3,0
11042,7243,1996-03,6032,0,46310.3,0
11042,7243,1996-04,6032,0,41931.0,0
11042,7243,1996-05,6032,0,32493.2,0
11042,7243,1996-06,6032,0,40442.0,0
11042,7243,1996-07,6032,0,49982.3,0
11042,7243,1996-08,6032,0,54453.0,0
11042,7243,1996-09,6032,0,54133.7,0
11042,7243,1996-10,6032,0,57417.3,0
11042,7243,1996-11,6032,0,58509.4,0
11042,7243,1996-12,6032,0,54525.1,0
11042,7243,1997-01,6032,0,27254.0,0
11042,7243,1997-02,6032,0,40338.5,0
11042,7243,1997-03,6032,0,47668.6,0
11042,7243,1997-04,6032,0,54527.1,0
11042,7243,1997-05,6032,0,48685.5,0
11042,7243,1997-06,6032,0,32218.9,0
11042,7243,1997-07,6032,0,39010.2,0
11042,7243,1997-08,6032,0,44727.8,0
11042,7243,1997-09,6032,0,47858.8,0
11042,7243,1997-10,6032,0,50400.6,0
11042,7243,1997-11,6032,0,51144.9,0
11042,7243,1997-12,6032,0,39312.8,0
11042,7243,1998-01,6032,0,28884.9,0
11042,7243,1998-02,6032,0,41567.0,0
11042,7243,1998-03,6032,0,48189.0,0
11042,7243,1998-04,6032,0,49920.8,0
11042,7243,1998-05,6032,0,56876.1,0
11042,7243,1998-06,6032,0,50854.2,0
11042,7243,1998-07,6032,0,47358.7,0
11042,7243,1998-08,6032,0,54599.4,0
11042,7243,1998-09,6032,0,35231.4,0
11042,7243,1998-10,6032,0,39505.1,0
11042,7243,1998-11,6032,0,40730.3,0
11042,7243,1998-12,6032,0,45773.5,0
6924,6403,1996-01,4060,0,12077.8,0
6924,6403,1996-02,4060,0,22096.9,0
6924,6403,1996-03,4060,0,23722.9,0
6924,6403,1996-04,4060,0,27658.0,0
6924,6403,1996-05,4060,0,16067.7,0
6924,6403,1996-06,4060,0,28786.8,0
6924,6403,1996-07,4060,0,21244.2,0
6924,6403,1996-08,4060,0,28073.0,0
6924,6403,1996-09,4060,0,29015.6,0
6924,6403,1996-10,4060,0,28057.8,0
6924,6403,1996-11,4060,0,22961.4,0
6924,6403,1996-12,4060,0,31881.8,0
6924,6403,1997-01,4060,0,18602.0,0
6924,6403,1997-02,4060,0,29120.2,0
6924,6403,1997-03,4060,0,30429.3,0
6924,6403,1997-04,4060,0,37393.1,0
6924,6403,1997-05,4060,0,42578.7,0
6924,6403,1997-06,4060,0,51588.8,0
6924,6403,1997-07,4060,0,21343.5,0
6924,6403,1997-08,4060,0,23872.0,0
6924,6403,1997-09,4060,0,32935.0,0
6924,6403,1997-10,4060,0,29199.8,0
6924,6403,1997-11,4060,0,29967.3,0
6924,6403,1997-12,4060,0,30599.3,0
6924,6403,1998-01,4060,0,22025.3,0
6924,6403,1998-02,4060,0,33455.8,0
6924,6403,1998-03,4060,0,31894.4,0
6924,6403,1998-04,4060,0,34649.8,0
6924,6403,1998-05,4060,0,41623.6,0
6924,6403,1998-06,4060,0,46447.1,0
6924,6403,1998-07,4060,0,48854.5,0
6924,6403,1998-08,4060,0,43473.7,0
6924,6403,1998-09,4060,0,32033.1,0
6924,6403,1998-10,4060,0,36508.9,0
6924,6403,1998-11,4060,0,47698.5,0
6924,6403,1998-12,4060,0,41267.3,0
6924,6403,1999-01,4060,0,41267.3,0
6924,6403,1999-02,4060,0,41267.3,0
6924,6403,1999-03,4060,0,41267.3,0
6924,6403,1999-04,4060,0,41267.3,0
6924,6403,1999-05,4060,0,41267.3,0
6924,6403,1999-06,4060,0,41267.3,0
6924,6403,1999-07,4060,0,41267.3,0
6924,6403,1999-08,4060,0,41267.3,0
6924,6403,1999-09,4060,0,41267.3,0
6924,6403,1999-10,4060,0,41267.3,0
6924,6403,1999-11,4060,0,41267.3,0
6924,6403,1999-12,4060,0,41267.3,0
7765,6578,1996-01,2332,0,24850.2,0
7765,6578,1996-02,2332,0,14347.0,0
7765,6578,1996-03,2332,0,22715.2,0
7765,6578,1996-04,2332,0,22703.8,0
7765,6578,1996-05,2332,0,21392.8,0
7765,6578,1996-06,2332,0,20477.1,0
7765,6578,1996-07,2332,0,20688.9,0
7765,6578,1996-08,2332,0,19271.9,0
7765,6578,1996-09,2332,0,15848.4,0
7765,6578,1996-10,2332,0,22413.5,0
7765,6578,1996-11,2332,0,20305.0,0
7765,6578,1996-12,2332,0,21815.4,0
2227,5413,1996-01,3874,0,21904.4,0
2227,5413,1996-02,3874,0,34649.3,0
2227,5413,1996-03,3874,0,25488.1,0
2227,5413,1996-04,3874,0,20089.0,0
2227,5413,1996-05,3874,0,40033.5,0
2227,5413,1996-06,3874,0,79176.0,0
2227,5413,1996-07,3874,0,13693.2,0
2227,5413,1996-08,3874,0,64171.0,0
2227,5413,1996-09,3874,0,15279.0,0
2227,5413,1996-10,3874,0,7915.9,0
2227,5413,1996-11,3874,0,44735.3,0
2227,5413,1996-12,3874,0,58775.2,0
2227,5413,1997-01,3874,0,45166.5,0
2227,5413,1997-02,3874,0,19673.1,0
2227,5413,1997-03,3874,0,22758.6,0
2227,5413,1997-04,3874,0,107272.9,0
2227,5413,1997-05,3874,0,38156.4,0
2227,5413,1997-06,3874,0,85828.5,0
2227,5413,1997-07,3874,0,80860.9,0
2227,5413,1997-08,3874,0,92452.6,0
2227,5413,1997-09,3874,0,77378.2,0
2227,5413,1997-10,3874,0,86250.2,0
2227,5413,1997-11,3874,0,104306.8,0
2227,5413,1997-12,3874,0,65007.9,0
9583,6949,1996-01,4363,0,27970.4,0
9583,6949,1996-02,4363,0,42456.1,0
9583,6949,1996-03,4363,0,28053.8,0
9583,6949,1996-04,4363,0,29296.4,0
9583,6949,1996-05,4363,0,52799.9,0
9583,6949,1996-06,4363,0,49993.1,0
9583,6949,1996-07,4363,0,29890.7,0
9583,6949,1996-08,4363,0,81249.2,0
9583,6949,1996-09,4363,0,33040.2,0
9583,6949,1996-10,4363,0,20256.4,0
9583,6949,1996-11,4363,0,53527.7,0
9583,6949,1996-12,4363,0,66912.5,0
9583,6949,1997-01,4363,0,53045.0,0
9583,6949,1997-02,4363,0,27795.8,0
9583,6949,1997-03,4363,0,35821.3,0
9583,6949,1997-04,4363,0,92980.7,0
9583,6949,1997-05,4363,0,49437.8,0
9583,6949,1997-06,4363,0,98859.2,0
9583,6949,1997-07,4363,0,114609.0,0
9583,6949,1997-08,4363,0,91001.3,0
9583,6949,1997-09,4363,0,80043.8,0
9583,6949,1997-10,4363,0,86610.4,0
9583,6949,1997-11,4363,0,66412.8,0
9583,6949,1997-12,4363,0,70530.2,0
7606,6545,1996-01,3198,0,19974.2,0
7606,6545,1996-02,3198,0,83130.4,0
7606,6545,1996-03,3198,0,62378.7,0
7606,6545,1996-04,3198,0,73226.6,0
7606,6545,1996-05,3198,0,36088.4,0
7606,6545,1996-06,3198,0,76030.8,0
7606,6545,1996-07,3198,0,99655.5,0
7606,6545,1996-08,3198,0,44816.1,0
7606,6545,1996-09,3198,0,73816.6,0
7606,6545,1996-10,3198,0,68288.0,0
7606,6545,1996-11,3198,0,37529.2,0
7606,6545,1996-12,3198,0,78838.4,0
7606,6545,1997-01,3198,0,23601.4,0
7606,6545,1997-02,3198,0,28383.3,0
7606,6545,1997-03,3198,0,76644.6,0
7606,6545,1997-04,3198,0,68912.1,0
7606,6545,1997-05,3198,0,96426.9,0
7606,6545,1997-06,3198,0,70214.7,0
7606,6545,1997-07,3198,0,105886.8,0
7606,6545,1997-08,3198,0,97811.4,0
7606,6545,1997-09,3198,0,117997.8,0
7606,6545,1997-10,3198,0,29424.3,0
7606,6545,1997-11,3198,0,33938.1,0
7606,6545,1997-12,3198,0,46928.1,0
7606,6545,1998-01,3198,0,36106.7,0
7606,6545,1998-02,3198,0,30378.2,0
7606,6545,1998-03,3198,0,32428.4,0
7606,6545,1998-04,3198,0,31986.6,0
7606,6545,1998-05,3198,0,35045.8,0
7606,6545,1998-06,3198,0,37618.1,0
7606,6545,1998-07,3198,0,35300.6,0
7606,6545,1998-08,3198,0,40079.0,0
7606,6545,1998-09,3198,0,30542.4,0
7606,6545,1998-10,3198,0,41508.9,0
7606,6545,1998-11,3198,0,46293.1,0
7606,6545,1998-12,3198,0,35493.8,0
7606,6545,1999-01,3198,0,35493.8,0
7606,6545,1999-02,3198,0,35493.8,0
7606,6545,1999-03,3198,0,35493.8,0
7606,6545,1999-04,3198,0,35493.8,0
7606,6545,1999-05,3198,0,35493.8,0
7606,6545,1999-06,3198,0,35493.8,0
7606,6545,1999-07,3198,0,35493.8,0
7606,6545,1999-08,3198,0,35493.8,0
7606,6545,1999-09,3198,0,35493.8,0
7606,6545,1999-10,3198,0,35493.8,0
7606,6545,1999-11,3198,0,35493.8,0
7606,6545,1999-12,3198,0,35493.8,0
7606,6545,2000-01,3198,0,35493.8,0
7606,6545,2000-02,3198,0,35493.8,0
7606,6545,2000-03,3198,0,35493.8,0
7606,6545,2000-04,3198,0,35493.8,0
7606,6545,2000-05,3198,0,35493.8,0
7606,6545,2000-06,3198,0,35493.8,0
7606,6545,2000-07,3198,0,35493.8,0
7606,6545,2000-08,3198,0,35493.8,0
7606,6545,2000-09,3198,0,35493.8,0
7606,6545,2000-10,3198,0,35493.8,0
7606,6545,2000-11,3198,0,35493.8,0
7606,6545,2000-12,3198,0,35493.8,0
5742,6178,1996-01,4845,0,77497.5,0
5742,6178,1996-02,4845,0,107424.9,0
5742,6178,1996-03,4845,0,44657.2,0
5742,6178,1996-04,4845,0,35935.8,0
5742,6178,1996-05,4845,0,27101.0,0
5742,6178,1996-06,4845,0,30167.7,0
5742,6178,1996-07,4845,0,41665.5,0
5742,6178,1996-08,4845,0,25884.8,0
5742,6178,1996-09,4845,0,26167.7,0
5742,6178,1996-10,4845,0,52590.4,0
5742,6178,1996-11,4845,0,43601.0,0
5742,6178,1996-12,4845,0,34780.6,0
5742,6178,1997-01,4845,0,25870.9,0
5742,6178,1997-02,4845,0,24898.9,0
5742,6178,1997-03,4845,0,26257.3,0
5742,6178,1997-04,4845,0,24719.0,0
5742,6178,1997-05,4845,0,24074.8,0
5742,6178,1997-06,4845,0,29578.2,0
5742,6178,1997-07,4845,0,52888.4,0
5742,6178,1997-08,4845,0,46942.9,0
5742,6178,1997-09,4845,0,56566.5,0
5742,6178,1997-10,4845,0,37135.1,0
5742,6178,1997-11,4845,0,37843.5,0
5742,6178,1997-12,4845,0,53748.8,0
5742,6178,1998-01,4845,0,50157.2,0
5742,6178,1998-02,4845,0,48847.3,0
5742,6178,1998-03,4845,0,47983.3,0
5742,6178,1998-04,4845,0,61158.9,0
5742,6178,1998-05,4845,0,37394.6,0
5742,6178,1998-06,4845,0,45328.3,0
5742,6178,1998-07,4845,0,41965.0,0
5742,6178,1998-08,4845,0,30371.1,0
5742,6178,1998-09,4845,0,37963.8,0
5742,6178,1998-10,4845,0,36272.5,0
5742,6178,1998-11,4845,0,37577.4,0
5742,6178,1998-12,4845,0,26154.3,0
5742,6178,1999-01,4845,0,26154.3,0
5742,6178,1999-02,4845,0,26154.3,0
5742,6178,1999-03,4845,0,26154.3,0
5742,6178,1999-04,4845,0,26154.3,0
5742,6178,1999-05,4845,0,26154.3,0
5742,6178,1999-06,4845,0,26154.3,0
5742,6178,1999-07,4845,0,26154.3,0
5742,6178,1999-08,4845,0,26154.3,0
5742,6178,1999-09,4845,0,26154.3,0
5742,6178,1999-10,4845,0,26154.3,0
5742,6178,1999-11,4845,0,26154.3,0
5742,6178,1999-12,4845,0,26154.3,0
1011,5160,1996-01,3400,0,21734.0,0
1011,5160,1996-02,3400,0,29169.2,0
1011,5160,1996-03,3400,0,26090.5,0
1011,5160,1996-04,3400,0,28241.4,0
1011,5160,1996-05,3400,0,37810.2,0
1011,5160,1996-06,3400,0,62854.7,0
1011,5160,1996-07,3400,0,60212.0,0
1011,5160,1996-08,3400,0,65181.7,0
1011,5160,1996-09,3400,0,47743.7,0
1011,5160,1996-10,3400,0,56572.9,0
1011,5160,1996-11,3400,0,53698.9,0
1011,5160,1996-12,3400,0,68876.4,0
1011,5160,1997-01,3400,0,40401.1,0
1011,5160,1997-02,3400,0,50312.2,0
1011,5160,1997-03,3400,0,63782.3,0
1011,5160,1997-04,3400,0,63960.0,0
1011,5160,1997-05,3400,0,70557.9,0
1011,5160,1997-06,3400,0,70981.7,0
1011,5160,1997-07,3400,0,72585.2,0
1011,5160,1997-08,3400,0,78207.0,0
1011,5160,1997-09,3400,0,84161.4,0
1011,5160,1997-10,3400,0,85117.4,0
1011,5160,1997-11,3400,0,85392.9,0
1011,5160,1997-12,3400,0,71923.7,0
1011,5160,1998-01,3400,0,46862.5,0
1011,5160,1998-02,3400,0,56999.8,0
1011,5160,1998-03,3400,0,64961.9,0
1011,5160,1998-04,3400,0,69535.1,0
1011,5160,1998-05,3400,0,68454.4,0
1011,5160,1998-06,3400,0,70275.3,0
1011,5160,1998-07,3400,0,73707.4,0
1011,5160,1998-08,3400,0,53173.7,0
1011,5160,1998-09,3400,0,61233.7,0
1011,5160,1998-10,3400,0,62309.2,0
1011,5160,1998-11,3400,0,63580.0,0
1011,5160,1998-12,3400,0,56593.8,0
1011,5160,1999-01,3400,0,56593.8,0
1011,5160,1999-02,3400,0,56593.8,0
1011,5160,1999-03,3400,0,56593.8,0
1011,5160,1999-04,3400,0,56593.8,0
1011,5160,1999-05,3400,0,56593.8,0
1011,5160,1999-06,3400,0,56593.8,0
1011,5160,1999-07,3400,0,56593.8,0
1011,5160,1999-08,3400,0,56593.8,0
1011,5160,1999-09,3400,0,56593.8,0
1011,5160,1999-10,3400,0,56593.8,0
1011,5160,1999-11,3400,0,56593.8,0
1011,5160,1999-12,3400,0,56593.8,0
1011,5160,2000-01,3400,0,56593.8,0
1011,5160,2000-02,3400,0,56593.8,0
1011,5160,2000-03,3400,0,56593.8,0
1011,5160,2000-04,3400,0,56593.8,0
1011,5160,2000-05,3400,0,56593.8,0
1011,5160,2000-06,3400,0,56593.8,0
1011,5160,2000-07,3400,0,56593.8,0
1011,5160,2000-08,3400,0,56593.8,0
1011,5160,2000-09,3400,0,56593.8,0
1011,5160,2000-10,3400,0,56593.8,0
1011,5160,2000-11,3400,0,56593.8,0
1011,5160,2000-12,3400,0,56593.8,0
8899,6785,1996-01,2089,0,23647.2,0
8899,6785,1996-02,2089,0,32961.3,0
8899,6785,1996-03,2089,0,76751.1,0
8899,6785,1996-04,2089,0,57354.2,0
8899,6785,1996-05,2089,0,72497.0,0
8899,6785,1996-06,2089,0,59123.6,0
8899,6785,1996-07,2089,0,44480.8,0
8899,6785,1996-08,2089,0,35428.0,0
8899,6785,1996-09,2089,0,51746.3,0
8899,6785,1996-10,2089,0,69176.6,0
8899,6785,1996-11,2089,0,61653.0,0
8899,6785,1996-12,2089,0,55760.9,0
8899,6785,1997-01,2089,0,33490.1,0
8899,6785,1997-02,2089,0,41908.2,0
8899,6785,1997-03,2089,0,54392.3,0
8899,6785,1997-04,2089,0,55833.6,0
8899,6785,1997-05,2089,0,70315.1,0
8899,6785,1997-06,2089,0,59509.9,0
8899,6785,1997-07,2089,0,78688.9,0
8899,6785,1997-08,2089,0,48987.1,0
8899,6785,1997-09,2089,0,68666.0,0
8899,6785,1997-10,2089,0,69397.9,0
8899,6785,1997-11,2089,0,78691.3,0
8899,6785,1997-12,2089,0,68975.5,0
8899,6785,1998-01,2089,0,39749.6,0
8899,6785,1998-02,2089,0,82452.6,0
8899,6785,1998-03,2089,0,48663.2,0
8899,6785,1998-04,2089,0,67102.8,0
8899,6785,1998-05,2089,0,69504.2,0
8899,6785,1998-06,2089,0,87831.6,0
8899,6785,1998-07,2089,0,77791.3,0
8899,6785,1998-08,2089,0,77000.7,0
8899,6785,1998-09,2089,0,78391.5,0
8899,6785,1998-10,2089,0,110254.7,0
8899,6785,1998-11,2089,0,112022.6,0
8899,6785,1998-12,2089,0,64740.1,0
8899,6785,1999-01,2089,0,64740.1,0
8899,6785,1999-02,2089,0,64740.1,0
8899,6785,1999-03,2089,0,64740.1,0
8899,6785,1999-04,2089,0,64740.1,0
8899,6785,1999-05,2089,0,64740.1,0
8899,6785,1999-06,2089,0,64740.1,0
8899,6785,1999-07,2089,0,64740.1,0
8899,6785,1999-08,2089,0,64740.1,0
8899,6785,1999-09,2089,0,64740.1,0
8899,6785,1999-10,2089,0,64740.1,0
8899,6785,1999-11,2089,0,64740.1,0
8899,6785,1999-12,2089,0,64740.1,0
8899,6785,2000-01,2089,0,64740.1,0
8899,6785,2000-02,2089,0,64740.1,0
8899,6785,2000-03,2089,0,64740.1,0
8899,6785,2000-04,2089,0,64740.1,0
8899,6785,2000-05,2089,0,64740.1,0
8899,6785,2000-06,2089,0,64740.1,0
8899,6785,2000-07,2089,0,64740.1,0
8899,6785,2000-08,2089,0,64740.1,0
8899,6785,2000-09,2089,0,64740.1,0
8899,6785,2000-10,2089,0,64740.1,0
8899,6785,2000-11,2089,0,64740.1,0
8899,6785,2000-12,2089,0,64740.1,0
7562,6540,1996-01,6450,0,22180.9,0
7562,6540,1996-02,6450,0,39140.6,0
7562,6540,1996-03,6450,0,56308.7,0
7562,6540,1996-04,6450,0,45145.7,0
7562,6540,1996-05,6450,0,46985.1,0
7562,6540,1996-06,6450,0,63701.9,0
7562,6540,1996-07,6450,0,64591.1,0
7562,6540,1996-08,6450,0,35502.9,0
7562,6540,1996-09,6450,0,43099.4,0
7562,6540,1996-10,6450,0,55842.8,0
7562,6540,1996-11,6450,0,64344.0,0
7562,6540,1996-12,6450,0,42857.8,0
7562,6540,1997-01,6450,0,51635.1,0
7562,6540,1997-02,6450,0,59680.6,0
7562,6540,1997-03,6450,0,67679.3,0
7562,6540,1997-04,6450,0,87048.8,0
7562,6540,1997-05,6450,0,99074.6,0
7562,6540,1997-06,6450,0,84360.7,0
7562,6540,1997-07,6450,0,57247.8,0
7562,6540,1997-08,6450,0,69649.0,0
7562,6540,1997-09,6450,0,81812.7,0
7562,6540,1997-10,6450,0,66332.3,0
7562,6540,1997-11,6450,0,80678.8,0
7562,6540,1997-12,6450,0,70477.7,0
7562,6540,1998-01,6450,0,45670.3,0
7562,6540,1998-02,6450,0,60735.1,0
7562,6540,1998-03,6450,0,80476.2,0
7562,6540,1998-04,6450,0,56812.2,0
7562,6540,1998-05,6450,0,76185.4,0
7562,6540,1998-06,6450,0,81808.1,0
7562,6540,1998-07,6450,0,52100.1,0
7562,6540,1998-08,6450,0,67314.6,0
7562,6540,1998-09,6450,0,80089.4,0
7562,6540,1998-10,6450,0,75799.0,0
7562,6540,1998-11,6450,0,72387.3,0
7562,6540,1998-12,6450,0,79314.2,0
7562,6540,1999-01,6450,0,79314.2,0
7562,6540,1999-02,6450,0,79314.2,0
7562,6540,1999-03,6450,0,79314.2,0
7562,6540,1999-04,6450,0,79314.2,0
7562,6540,1999-05,6450,0,79314.2,0
7562,6540,1999-06,6450,0,79314.2,0
7562,6540,1999-07,6450,0,79314.2,0
7562,6540,1999-08,6450,0,79314.2,0
7562,6540,1999-09,6450,0,79314.2,0
7562,6540,1999-10,6450,0,79314.2,0
7562,6540,1999-11,6450,0,79314.2,0
7562,6540,1999-12,6450,0,79314.2,0
7815,6589,1996-01,7904,0,42722.6,0
7815,6589,1996-02,7904,0,22766.9,0
7815,6589,1996-03,7904,0,13764.9,0
7815,6589,1996-04,7904,0,69398.2,0
7815,6589,1996-05,7904,0,89443.0,0
7815,6589,1996-06,7904,0,35777.6,0
7815,6589,1996-07,7904,0,45146.5,0
7815,6589,1996-08,7904,0,40813.0,0
7815,6589,1996-09,7904,0,27893.7,0
7815,6589,1996-10,7904,0,26419.3,0
7815,6589,1996-11,7904,0,60659.3,0
7815,6589,1996-12,7904,0,58087.8,0
7815,6589,1997-01,7904,0,28236.4,0
7815,6589,1997-02,7904,0,28252.0,0
7815,6589,1997-03,7904,0,47725.9,0
7815,6589,1997-04,7904,0,61924.3,0
7815,6589,1997-05,7904,0,55818.5,0
7815,6589,1997-06,7904,0,42086.7,0
7815,6589,1997-07,7904,0,25234.2,0
7815,6589,1997-08,7904,0,57712.5,0
7815,6589,1997-09,7904,0,46631.2,0
7815,6589,1997-10,7904,0,80143.2,0
7815,6589,1997-11,7904,0,58759.4,0
7815,6589,1997-12,7904,0,32759.0,0
7815,6589,1998-01,7904,0,31285.6,0
4503,5900,1996-01,2820,0,42348.3,0
4503,5900,1996-02,2820,0,56156.5,0
4503,5900,1996-03,2820,0,55249.9,0
4503,5900,1996-04,2820,0,41237.3,0
4503,5900,1996-05,2820,0,26562.0,0
4503,5900,1996-06,2820,0,30821.4,0
4503,5900,1996-07,2820,0,97084.6,0
4503,5900,1996-08,2820,0,53099.7,0
4503,5900,1996-09,2820,0,84771.1,0
4503,5900,1996-10,2820,0,37251.9,0
4503,5900,1996-11,2820,0,55193.4,0
4503,5900,1996-12,2820,0,48153.8,0
4503,5900,1997-01,2820,0,72750.3,0
4503,5900,1997-02,2820,0,42582.5,0
4503,5900,1997-03,2820,0,24803.0,0
4503,5900,1997-04,2820,0,22069.9,0
4503,5900,1997-05,2820,0,26021.7,0
4503,5900,1997-06,2820,0,21086.9,0
4503,5900,1997-07,2820,0,71155.6,0
4503,5900,1997-08,2820,0,25654.2,0
4503,5900,1997-09,2820,0,37443.9,0
4503,5900,1997-10,2820,0,27531.2,0
4503,5900,1997-11,2820,0,24808.5,0
4503,5900,1997-12,2820,0,22074.5,0
4503,5900,1998-01,2820,0,36364.5,0
4503,5900,1998-02,2820,0,76771.0,0
4503,5900,1998-03,2820,0,25119.1,0
4503,5900,1998-04,2820,0,62731.2,0
4503,5900,1998-05,2820,0,44856.2,0
4503,5900,1998-06,2820,0,66741.9,0
4503,5900,1998-07,2820,0,46326.9,0
4503,5900,1998-08,2820,0,36447.0,0
4503,5900,1998-09,2820,0,38154.1,0
4503,5900,1998-10,2820,0,70520.0,0
4503,5900,1998-11,2820,0,64846.5,0
4503,5900,1998-12,2820,0,74433.6,0
4503,5900,1999-01,2820,0,74433.6,0
4503,5900,1999-02,2820,0,74433.6,0
4503,5900,1999-03,2820,0,74433.6,0
4503,5900,1999-04,2820,0,74433.6,0
4503,5900,1999-05,2820,0,74433.6,0
4503,5900,1999-06,2820,0,74433.6,0
4503,5900,1999-07,2820,0,74433.6,0
4503,5900,1999-08,2820,0,74433.6,0
4503,5900,1999-09,2820,0,74433.6,0
4503,5900,1999-10,2820,0,74433.6,0
4503,5900,1999-11,2820,0,74433.6,0
4503,5900,1999-12,2820,0,74433.6,0
4503,5900,2000-01,2820,0,74433.6,0
4907,5999,1996-02,2059,0,18764.4,0
4907,5999,1996-03,2059,0,21689.0,0
4907,5999,1996-04,2059,0,18420.9,0
4907,5999,1996-05,2059,0,13837.5,0
4907,5999,1996-06,2059,0,14512.5,0
4907,5999,1996-07,2059,0,22523.1,0
4907,5999,1996-08,2059,0,14749.8,0
4907,5999,1996-09,2059,0,20238.9,0
4907,5999,1996-10,2059,0,12554.2,0
4907,5999,1996-11,2059,0,14664.8,0
4907,5999,1996-12,2059,0,29016.0,0
4907,5999,1997-01,2059,0,16064.1,0
4907,5999,1997-02,2059,0,24079.4,0
4907,5999,1997-03,2059,0,22516.3,0
4907,5999,1997-04,2059,0,30559.3,0
4907,5999,1997-05,2059,0,14600.1,0
4907,5999,1997-06,2059,0,30390.4,0
4907,5999,1997-07,2059,0,38466.1,0
4907,5999,1997-08,2059,0,14018.4,0
4907,5999,1997-09,2059,0,22025.4,0
4907,5999,1997-10,2059,0,30065.8,0
4907,5999,1997-11,2059,0,38139.1,0
4907,5999,1997-12,2059,0,15136.7,0
4907,5999,1998-01,2059,0,20265.3,0
4907,5999,1998-02,2059,0,28296.3,0
4907,5999,1998-03,2059,0,36362.7,0
4907,5999,1998-04,2059,0,44461.6,0
4907,5999,1998-05,2059,0,52594.6,0
4907,5999,1998-06,2059,0,15775.8,0
4907,5999,1998-07,2059,0,23789.1,0
4907,5999,1998-08,2059,0,31835.7,0
4907,5999,1998-09,2059,0,37747.8,0
4907,5999,1998-10,2059,0,45852.9,0
4907,5999,1998-11,2059,0,53991.3,0
4907,5999,1998-12,2059,0,68823.3,0
4907,5999,1999-01,2059,0,68823.3,0
4907,5999,1999-02,2059,0,68823.3,0
4907,5999,1999-03,2059,0,68823.3,0
4907,5999,1999-04,2059,0,68823.3,0
4907,5999,1999-05,2059,0,68823.3,0
4907,5999,1999-06,2059,0,68823.3,0
4907,5999,1999-07,2059,0,68823.3,0
4907,5999,1999-08,2059,0,68823.3,0
4907,5999,1999-09,2059,0,68823.3,0
4907,5999,1999-10,2059,0,68823.3,0
4907,5999,1999-11,2059,0,68823.3,0
4907,5999,1999-12,2059,0,68823.3,0
4907,5999,2000-01,2059,0,68823.3,0
5126,6043,1996-02,424,0,28113.3,0
5126,6043,1996-03,424,0,23757.3,0
5126,6043,1996-04,424,0,25384.7,0
5126,6043,1996-05,424,0,26818.6,0
5126,6043,1996-06,424,0,27927.9,0
5126,6043,1996-07,424,0,27470.5,0
5126,6043,1996-08,424,0,23545.9,0
5126,6043,1996-09,424,0,24170.4,0
5126,6043,1996-10,424,0,22594.8,0
5126,6043,1996-11,424,0,19911.1,0
5126,6043,1996-12,424,0,22672.0,0
5126,6043,1997-01,424,0,16521.4,0
5126,6043,1997-02,424,0,19719.6,0
5126,6043,1997-03,424,0,17741.7,0
5126,6043,1997-04,424,0,22646.1,0
5126,6043,1997-05,424,0,23866.2,0
5126,6043,1997-06,424,0,27683.4,0
5126,6043,1997-07,424,0,28323.2,0
5126,6043,1997-08,424,0,29046.1,0
5126,6043,1997-09,424,0,32395.1,0
5126,6043,1997-10,424,0,32252.1,0
5126,6043,1997-11,424,0,33209.9,0
5126,6043,1997-12,424,0,30307.5,0
5126,6043,1998-01,424,0,18338.7,0
5126,6043,1998-02,424,0,21542.1,0
5126,6043,1998-03,424,0,25560.9,0
5126,6043,1998-04,424,0,25287.8,0
5126,6043,1998-05,424,0,23035.5,0
5126,6043,1998-06,424,0,20050.3,0
5126,6043,1998-07,424,0,17348.2,0
5126,6043,1998-08,424,0,14132.8,0
5126,6043,1998-09,424,0,16215.7,0
5126,6043,1998-10,424,0,16302.4,0
5126,6043,1998-11,424,0,13381.4,0
5126,6043,1998-12,424,0,21359.9,0
5126,6043,1999-01,424,0,21359.9,0
5126,6043,1999-02,424,0,21359.9,0
5126,6043,1999-03,424,0,21359.9,0
5126,6043,1999-04,424,0,21359.9,0
5126,6043,1999-05,424,0,21359.9,0
5126,6043,1999-06,424,0,21359.9,0
5126,6043,1999-07,424,0,21359.9,0
5126,6043,1999-08,424,0,21359.9,0
5126,6043,1999-09,424,0,21359.9,0
5126,6043,1999-10,424,0,21359.9,0
5126,6043,1999-11,424,0,21359.9,0
5126,6043,1999-12,424,0,21359.9,0
5126,6043,2000-01,424,0,21359.9,0
2496,5482,1996-02,2752,0,19546.1,0
2496,5482,1996-03,2752,0,24365.8,0
2496,5482,1996-04,2752,0,21983.6,0
2496,5482,1996-05,2752,0,21398.9,0
2496,5482,1996-06,2752,0,23455.6,0
2496,5482,1996-07,2752,0,18574.3,0
2496,5482,1996-08,2752,0,14364.6,0
2496,5482,1996-09,2752,0,17256.3,0
2496,5482,1996-10,2752,0,17452.8,0
2496,5482,1996-11,2752,0,14542.6,0
2496,5482,1996-12,2752,0,18074.3,0
2496,5482,1997-01,2752,0,14159.4,0
2496,5482,1997-02,2752,0,13941.7,0
2496,5482,1997-03,2752,0,13722.8,0
2496,5482,1997-04,2752,0,13503.0,0
2496,5482,1997-05,2752,0,13282.9,0
2496,5482,1997-06,2752,0,16807.9,0
2496,5482,1997-07,2752,0,16600.6,0
2496,5482,1997-08,2752,0,16393.1,0
2496,5482,1997-09,2752,0,16184.7,0
2496,5482,1997-10,2752,0,17980.6,0
2496,5482,1997-11,2752,0,17778.6,0
2496,5482,1997-12,2752,0,17795.0,0
2496,5482,1998-01,2752,0,15585.5,0
2496,5482,1998-02,2752,0,15372.6,0
2496,5482,1998-03,2752,0,15158.5,0
2496,5482,1998-04,2752,0,14944.2,0
2496,5482,1998-05,2752,0,14728.1,0
2496,5482,1998-06,2752,0,18258.7,0
2496,5482,1998-07,2752,0,18056.9,0
2496,5482,1998-08,2752,0,17853.5,0
2496,5482,1998-09,2752,0,17649.9,0
2496,5482,1998-10,2752,0,17444.5,0
2496,5482,1998-11,2752,0,17238.3,0
2496,5482,1998-12,2752,0,20778.7,0
2496,5482,1999-01,2752,0,20778.7,0
2496,5482,1999-02,2752,0,20778.7,0
2496,5482,1999-03,2752,0,20778.7,0
2496,5482,1999-04,2752,0,20778.7,0
2496,5482,1999-05,2752,0,20778.7,0
2496,5482,1999-06,2752,0,20778.7,0
2496,5482,1999-07,2752,0,20778.7,0
2496,5482,1999-08,2752,0,20778.7,0
2496,5482,1999-09,2752,0,20778.7,0
2496,5482,1999-10,2752,0,20778.7,0
2496,5482,1999-11,2752,0,20778.7,0
2496,5482,1999-12,2752,0,20778.7,0
2496,5482,2000-01,2752,0,20778.7,0
2496,5482,2000-02,2752,0,20778.7,0
2496,5482,2000-03,2752,0,20778.7,0
2496,5482,2000-04,2752,0,20778.7,0
2496,5482,2000-05,2752,0,20778.7,0
2496,5482,2000-06,2752,0,20778.7,0
2496,5482,2000-07,2752,0,20778.7,0
2496,5482,2000-08,2752,0,20778.7,0
2496,5482,2000-09,2752,0,20778.7,0
2496,5482,2000-10,2752,0,20778.7,0
2496,5482,2000-11,2752,0,20778.7,0
2496,5482,2000-12,2752,0,20778.7,0
2496,5482,2001-01,2752,0,20778.7,0
11138,7263,1996-02,3745,0,87758.3,0
11138,7263,1996-03,3745,0,94754.3,0
11138,7263,1996-04,3745,0,84230.2,0
11138,7263,1996-05,3745,0,77405.0,0
11138,7263,1996-06,3745,0,88968.5,0
11138,7263,1996-07,3745,0,84252.1,0
11138,7263,1996-08,3745,0,39751.6,0
11138,7263,1996-09,3745,0,100979.4,0
11138,7263,1996-10,3745,0,83017.2,0
11138,7263,1996-11,3745,0,28873.6,0
11138,7263,1996-12,3745,0,62652.9,0
11138,7263,1997-01,3745,0,69752.5,0
11138,7263,1997-02,3745,0,94072.1,0
11138,7263,1997-03,3745,0,87426.4,0
11138,7263,1997-04,3745,0,58276.5,0
11138,7263,1997-05,3745,0,59624.1,0
11138,7263,1997-06,3745,0,36883.2,0
11138,7263,1997-07,3745,0,52997.1,0
11138,7263,1997-08,3745,0,61376.8,0
11138,7263,1997-09,3745,0,105668.8,0
11138,7263,1997-10,3745,0,81762.9,0
11138,7263,1997-11,3745,0,35720.0,0
11138,7263,1997-12,3745,0,40933.6,0
11138,7263,1998-01,3745,0,44235.7,0
4995,6013,1996-03,3583,1,91284.5,0
4995,6013,1996-04,3583,1,62391.0,0
4995,6013,1996-05,3583,1,70744.1,0
4995,6013,1996-06,3583,1,41941.5,0
4995,6013,1996-07,3583,1,80051.2,0
4995,6013,1996-08,3583,1,40880.0,0
4995,6013,1996-09,3583,1,33508.4,0
4995,6013,1996-10,3583,1,69520.1,0
4995,6013,1996-11,3583,1,40204.8,0
4995,6013,1996-12,3583,1,28022.1,0
4995,6013,1997-01,3583,1,2649.1,1
4995,6013,1997-02,3583,1,20460.4,0
4995,6013,1997-03,3583,1,30649.1,0
4995,6013,1997-04,3583,1,53904.3,0
4995,6013,1997-05,3583,1,49972.6,0
4995,6013,1997-06,3583,1,22996.3,0
4995,6013,1997-07,3583,1,46744.5,0
4995,6013,1997-08,3583,1,63044.5,0
4995,6013,1997-09,3583,1,46751.7,0
4995,6013,1997-10,3583,1,41115.7,0
4995,6013,1997-11,3583,1,39664.8,0
4995,6013,1997-12,3583,1,35004.7,0
4995,6013,1998-01,3583,1,6255.1,0
4995,6013,1998-02,3583,1,31729.0,0
4995,6013,1998-03,3583,1,30338.5,0
4995,6013,1998-04,3583,1,32862.4,0
4995,6013,1998-05,3583,1,90994.5,0
4995,6013,1998-06,3583,1,23108.8,0
4995,6013,1998-07,3583,1,85305.2,0
4995,6013,1998-08,3583,1,61510.8,0
4995,6013,1998-09,3583,1,40192.1,0
4995,6013,1998-10,3583,1,32520.1,0
4995,6013,1998-11,3583,1,5508.8,0
4995,6013,1998-12,3583,1,42395.6,0
4995,6013,1999-01,3583,1,42395.6,0
4995,6013,1999-02,3583,1,42395.6,0
3804,5750,1996-03,5271,0,28423.9,0
3804,5750,1996-04,5271,0,25513.4,0
3804,5750,1996-05,5271,0,34516.3,0
3804,5750,1996-06,5271,0,31507.4,0
3804,5750,1996-07,5271,0,37330.7,0
3804,5750,1996-08,5271,0,39572.3,0
3804,5750,1996-09,5271,0,36399.5,0
3804,5750,1996-10,5271,0,42038.8,0
3804,5750,1996-11,5271,0,20307.9,0
3804,5750,1996-12,5271,0,40248.2,0
3804,5750,1997-01,5271,0,19005.1,0
3804,5750,1997-02,5271,0,30054.8,0
5066,6027,1996-03,2569,1,46683.1,0
5066,6027,1996-04,2569,1,68458.9,0
5066,6027,1996-05,2569,1,47266.2,0
5066,6027,1996-06,2569,1,36097.3,0
5066,6027,1996-07,2569,1,71255.2,0
5066,6027,1996-08,2569,1,40604.0,0
5066,6027,1996-09,2569,1,26306.2,0
5066,6027,1996-10,2569,1,36631.2,0
5066,6027,1996-11,2569,1,28422.4,0
5066,6027,1996-12,2569,1,28748.1,0
5066,6027,1997-01,2569,1,67251.1,0
5066,6027,1997-02,2569,1,53310.3,0
5066,6027,1997-03,2569,1,76993.3,0
5066,6027,1997-04,2569,1,44007.6,0
5066,6027,1997-05,2569,1,62314.0,0
5066,6027,1997-06,2569,1,25025.5,0
5066,6027,1997-07,2569,1,54791.2,0
5066,6027,1997-08,2569,1,40830.5,0
5066,6027,1997-09,2569,1,25393.7,0
5066,6027,1997-10,2569,1,41755.8,0
5066,6027,1997-11,2569,1,71319.7,0
5066,6027,1997-12,2569,1,49436.1,0
5066,6027,1998-01,2569,1,46448.0,0
5066,6027,1998-02,2569,1,13573.0,0
6400,6303,1996-03,3017,1,29781.8,0
6400,6303,1996-04,3017,1,28690.8,0
6400,6303,1996-05,3017,1,28199.7,0
6400,6303,1996-06,3017,1,27708.7,0
6400,6303,1996-07,3017,1,28517.6,0
6400,6303,1996-08,3017,1,26241.6,0
6400,6303,1996-09,3017,1,16177.0,0
6400,6303,1996-10,3017,1,5643.4,0
6400,6303,1996-11,3017,1,-2334.3,1
6400,6303,1996-12,3017,1,3712.7,0
6400,6303,1997-01,3017,1,26435.5,0
6400,6303,1997-02,3017,1,39718.3,0
6400,6303,1997-03,3017,1,13339.4,0
6400,6303,1997-04,3017,1,3997.1,0
6400,6303,1997-05,3017,1,21515.5,0
6400,6303,1997-06,3017,1,76330.8,0
6400,6303,1997-07,3017,1,51114.5,0
6400,6303,1997-08,3017,1,55300.3,0
6400,6303,1997-09,3017,1,40344.4,0
6400,6303,1997-10,3017,1,48296.8,0
6400,6303,1997-11,3017,1,41083.0,0
6400,6303,1997-12,3017,1,48758.5,0
6400,6303,1998-01,3017,1,65551.2,0
6400,6303,1998-02,3017,1,23578.7,0
10884,7213,1996-03,3154,0,30589.9,0
10884,7213,1996-04,3154,0,38954.0,0
10884,7213,1996-05,3154,0,35815.3,0
10884,7213,1996-06,3154,0,43660.0,0
10884,7213,1996-07,3154,0,42449.2,0
10884,7213,1996-08,3154,0,53168.5,0
10884,7213,1996-09,3154,0,60923.9,0
10884,7213,1996-10,3154,0,54579.6,0
10884,7213,1996-11,3154,0,57326.5,0
10884,7213,1996-12,3154,0,57418.0,0
10884,7213,1997-01,3154,0,41140.5,0
10884,7213,1997-02,3154,0,51450.5,0
10884,7213,1997-03,3154,0,23258.4,0
10884,7213,1997-04,3154,0,43725.2,0
10884,7213,1997-05,3154,0,56254.7,0
10884,7213,1997-06,3154,0,23871.8,0
10884,7213,1997-07,3154,0,40932.7,0
10884,7213,1997-08,3154,0,53250.2,0
10884,7213,1997-09,3154,0,55702.8,0
10884,7213,1997-10,3154,0,52332.0,0
10884,7213,1997-11,3154,0,49797.3,0
10884,7213,1997-12,3154,0,60272.7,0
10884,7213,1998-01,3154,0,47315.8,0
10884,7213,1998-02,3154,0,44879.5,0
10884,7213,1998-03,3154,0,39032.6,0
10884,7213,1998-04,3154,0,67792.2,0
10884,7213,1998-05,3154,0,75272.4,0
10884,7213,1998-06,3154,0,27739.8,0
10884,7213,1998-07,3154,0,49152.6,0
10884,7213,1998-08,3154,0,81867.8,0
10884,7213,1998-09,3154,0,66195.0,0
10884,7213,1998-10,3154,0,64172.5,0
10884,7213,1998-11,3154,0,65254.0,0
10884,7213,1998-12,3154,0,83328.6,0
10884,7213,1999-01,3154,0,83328.6,0
10884,7213,1999-02,3154,0,83328.6,0
8092,6659,1996-03,935,0,17204.6,0
8092,6659,1996-04,935,0,18141.1,0
8092,6659,1996-05,935,0,16589.2,0
8092,6659,1996-06,935,0,21939.2,0
8092,6659,1996-07,935,0,15673.2,0
8092,6659,1996-08,935,0,14411.9,0
8092,6659,1996-09,935,0,14032.4,0
8092,6659,1996-10,935,0,16270.3,0
8092,6659,1996-11,935,0,18517.1,0
8092,6659,1996-12,935,0,16779.8,0
8092,6659,1997-01,935,0,13188.6,0
8092,6659,1997-02,935,0,15406.5,0
8092,6659,1997-03,935,0,11706.7,0
8092,6659,1997-04,935,0,13918.2,0
8092,6659,1997-05,935,0,14046.4,0
8092,6659,1997-06,935,0,13440.1,0
8092,6659,1997-07,935,0,14095.0,0
8092,6659,1997-08,935,0,11914.3,0
8092,6659,1997-09,935,0,14126.7,0
8092,6659,1997-10,935,0,16364.3,0
8092,6659,1997-11,935,0,18595.1,0
8092,6659,1997-12,935,0,13278.2,0
8092,6659,1998-01,935,0,14895.4,0
8092,6659,1998-02,935,0,17119.7,0
8092,6659,1998-03,935,0,19353.6,0
8092,6659,1998-04,935,0,21596.6,0
8092,6659,1998-05,935,0,18557.8,0
8092,6659,1998-06,935,0,25474.1,0
8092,6659,1998-07,935,0,27742.5,0
8092,6659,1998-08,935,0,30022.8,0
8092,6659,1998-09,935,0,31228.2,0
8092,6659,1998-10,935,0,30033.0,0
8092,6659,1998-11,935,0,32335.7,0
8092,6659,1998-12,935,0,13814.0,0
8092,6659,1999-01,935,0,13814.0,0
8092,6659,1999-02,935,0,13814.0,0
8092,6659,1999-03,935,0,13814.0,0
8092,6659,1999-04,935,0,13814.0,0
8092,6659,1999-05,935,0,13814.0,0
8092,6659,1999-06,935,0,13814.0,0
8092,6659,1999-07,935,0,13814.0,0
8092,6659,1999-08,935,0,13814.0,0
8092,6659,1999-09,935,0,13814.0,0
8092,6659,1999-10,935,0,13814.0,0
8092,6659,1999-11,935,0,13814.0,0
8092,6659,1999-12,935,0,13814.0,0
8092,6659,2000-01,935,0,13814.0,0
8092,6659,2000-02,935,0,13814.0,0
8092,6659,2000-03,935,0,13814.0,0
8092,6659,2000-04,935,0,13814.0,0
8092,6659,2000-05,935,0,13814.0,0
8092,6659,2000-06,935,0,13814.0,0
8092,6659,2000-07,935,0,13814.0,0
8092,6659,2000-08,935,0,13814.0,0
8092,6659,2000-09,935,0,13814.0,0
8092,6659,2000-10,935,0,13814.0,0
8092,6659,2000-11,935,0,13814.0,0
8092,6659,2000-12,935,0,13814.0,0
8092,6659,2001-01,935,0,13814.0,0
8092,6659,2001-02,935,0,13814.0,0
5735,6175,1996-03,4845,1,18849.9,0
5735,6175,1996-04,4845,1,758.5,1
5735,6175,1996-05,4845,1,30252.3,0
5735,6175,1996-06,4845,1,38408.3,0
5735,6175,1996-07,4845,1,14276.0,0
5735,6175,1996-08,4845,1,10361.0,0
5735,6175,1996-09,4845,1,23872.4,0
5735,6175,1996-10,4845,1,17936.0,0
5735,6175,1996-11,4845,1,8835.4,0
5735,6175,1996-12,4845,1,21185.4,0
5735,6175,1997-01,4845,1,-1487.3,1
5735,6175,1997-02,4845,1,46059.4,0
5735,6175,1997-03,4845,1,74995.2,0
5735,6175,1997-04,4845,1,54800.6,0
5735,6175,1997-05,4845,1,76209.7,0
5735,6175,1997-06,4845,1,86315.4,0
5735,6175,1997-07,4845,1,72821.7,0
5735,6175,1997-08,4845,1,50823.7,0
5735,6175,1997-09,4845,1,75930.0,0
5735,6175,1997-10,4845,1,74959.4,0
5735,6175,1997-11,4845,1,77940.7,0
5735,6175,1997-12,4845,1,60340.1,0
5735,6175,1998-01,4845,1,24848.6,0
5735,6175,1998-02,4845,1,25395.6,0
5735,6175,1998-03,4845,1,103152.3,0
5735,6175,1998-04,4845,1,51850.6,0
5735,6175,1998-05,4845,1,87633.8,0
5735,6175,1998-06,4845,1,50404.6,0
5735,6175,1998-07,4845,1,46045.1,0
5735,6175,1998-08,4845,1,48782.4,0
5735,6175,1998-09,4845,1,77626.8,0
5735,6175,1998-10,4845,1,59544.5,0
5735,6175,1998-11,4845,1,69579.8,0
5735,6175,1998-12,4845,1,89024.8,0
5735,6175,1999-01,4845,1,89024.8,0
5735,6175,1999-02,4845,1,89024.8,0
5735,6175,1999-03,4845,1,89024.8,0
5735,6175,1999-04,4845,1,89024.8,0
5735,6175,1999-05,4845,1,89024.8,0
5735,6175,1999-06,4845,1,89024.8,0
5735,6175,1999-07,4845,1,89024.8,0
5735,6175,1999-08,4845,1,89024.8,0
5735,6175,1999-09,4845,1,89024.8,0
5735,6175,1999-10,4845,1,89024.8,0
5735,6175,1999-11,4845,1,89024.8,0
5735,6175,1999-12,4845,1,89024.8,0
5735,6175,2000-01,4845,1,89024.8,0
5735,6175,2000-02,4845,1,89024.8,0
5735,6175,2000-03,4845,1,89024.8,0
5735,6175,2000-04,4845,1,89024.8,0
5735,6175,2000-05,4845,1,89024.8,0
5735,6175,2000-06,4845,1,89024.8,0
5735,6175,2000-07,4845,1,89024.8,0
5735,6175,2000-08,4845,1,89024.8,0
5735,6175,2000-09,4845,1,89024.8,0
5735,6175,2000-10,4845,1,89024.8,0
5735,6175,2000-11,4845,1,89024.8,0
5735,6175,2000-12,4845,1,89024.8,0
5735,6175,2001-01,4845,1,89024.8,0
5735,6175,2001-02,4845,1,89024.8,0
3112,5610,1996-03,2567,0,95762.5,0
3112,5610,1996-04,2567,0,64454.2,0
3112,5610,1996-05,2567,0,86457.4,0
3112,5610,1996-06,2567,0,76230.3,0
3112,5610,1996-07,2567,0,105998.5,0
3112,5610,1996-08,2567,0,94193.9,0
3112,5610,1996-09,2567,0,92509.7,0
3112,5610,1996-10,2567,0,57180.6,0
3112,5610,1996-11,2567,0,61912.1,0
3112,5610,1996-12,2567,0,71995.9,0
3112,5610,1997-01,2567,0,66700.2,0
3112,5610,1997-02,2567,0,67838.1,0
3112,5610,1997-03,2567,0,72403.3,0
3112,5610,1997-04,2567,0,77092.3,0
3112,5610,1997-05,2567,0,70958.0,0
3112,5610,1997-06,2567,0,46369.5,0
3112,5610,1997-07,2567,0,75449.6,0
3112,5610,1997-08,2567,0,72573.2,0
3112,5610,1997-09,2567,0,100575.6,0
3112,5610,1997-10,2567,0,106102.8,0
3112,5610,1997-11,2567,0,66518.9,0
3112,5610,1997-12,2567,0,75947.5,0
3112,5610,1998-01,2567,0,33608.4,0
3112,5610,1998-02,2567,0,49891.9,0
3112,5610,1998-03,2567,0,58260.8,0
3112,5610,1998-04,2567,0,58338.5,0
3112,5610,1998-05,2567,0,57034.1,0
3112,5610,1998-06,2567,0,56393.8,0
3112,5610,1998-07,2567,0,68497.6,0
3112,5610,1998-08,2567,0,48911.3,0
3112,5610,1998-09,2567,0,67096.3,0
3112,5610,1998-10,2567,0,110413.1,0
3112,5610,1998-11,2567,0,92283.5,0
3112,5610,1998-12,2567,0,77827.5,0
3112,5610,1999-01,2567,0,77827.5,0
3112,5610,1999-02,2567,0,77827.5,0
3112,5610,1999-03,2567,0,77827.5,0
3112,5610,1999-04,2567,0,77827.5,0
3112,5610,1999-05,2567,0,77827.5,0
3112,5610,1999-06,2567,0,77827.5,0
3112,5610,1999-07,2567,0,77827.5,0
3112,5610,1999-08,2567,0,77827.5,0
3112,5610,1999-09,2567,0,77827.5,0
3112,5610,1999-10,2567,0,77827.5,0
3112,5610,1999-11,2567,0,77827.5,0
3112,5610,1999-12,2567,0,77827.5,0
3112,5610,2000-01,2567,0,77827.5,0
3112,5610,2000-02,2567,0,77827.5,0
2912,5563,1996-03,6336,0,21593.0,0
2912,5563,1996-04,6336,0,73413.3,0
2912,5563,1996-05,6336,0,91915.2,0
2912,5563,1996-06,6336,0,92559.1,0
2912,5563,1996-07,6336,0,97161.9,0
2912,5563,1996-08,6336,0,59188.4,0
2912,5563,1996-09,6336,0,84566.7,0
2912,5563,1996-10,6336,0,79643.5,0
2912,5563,1996-11,6336,0,104576.1,0
2912,5563,1996-12,6336,0,77688.2,0
2912,5563,1997-01,6336,0,51356.0,0
2912,5563,1997-02,6336,0,26985.2,0
2912,5563,1997-03,6336,0,99399.8,0
2912,5563,1997-04,6336,0,32209.1,0
2912,5563,1997-05,6336,0,52494.7,0
2912,5563,1997-06,6336,0,37813.1,0
2912,5563,1997-07,6336,0,79756.9,0
2912,5563,1997-08,6336,0,81192.1,0
2912,5563,1997-09,6336,0,49793.5,0
2912,5563,1997-10,6336,0,34004.6,0
2912,5563,1997-11,6336,0,62366.7,0
2912,5563,1997-12,6336,0,41044.7,0
2912,5563,1998-01,6336,0,93994.8,0
2912,5563,1998-02,6336,0,61850.3,0
2912,5563,1998-03,6336,0,79345.7,0
2912,5563,1998-04,6336,0,81655.7,0
2912,5563,1998-05,6336,0,101727.6,0
2912,5563,1998-06,6336,0,87054.1,0
2912,5563,1998-07,6336,0,64103.8,0
2912,5563,1998-08,6336,0,50472.8,0
2912,5563,1998-09,6336,0,99148.8,0
2912,5563,1998-10,6336,0,41246.4,0
2912,5563,1998-11,6336,0,112822.1,0
2912,5563,1998-12,6336,0,58694.2,0
2912,5563,1999-01,6336,0,58694.2,0
2912,5563,1999-02,6336,0,58694.2,0
2912,5563,1999-03,6336,0,58694.2,0
2912,5563,1999-04,6336,0,58694.2,0
2912,5563,1999-05,6336,0,58694.2,0
2912,5563,1999-06,6336,0,58694.2,0
2912,5563,1999-07,6336,0,58694.2,0
2912,5563,1999-08,6336,0,58694.2,0
2912,5563,1999-09,6336,0,58694.2,0
2912,5563,1999-10,6336,0,58694.2,0
2912,5563,1999-11,6336,0,58694.2,0
2912,5563,1999-12,6336,0,58694.2,0
2912,5563,2000-01,6336,0,58694.2,0
2912,5563,2000-02,6336,0,58694.2,0
2912,5563,2000-03,6336,0,58694.2,0
2912,5563,2000-04,6336,0,58694.2,0
2912,5563,2000-05,6336,0,58694.2,0
2912,5563,2000-06,6336,0,58694.2,0
2912,5563,2000-07,6336,0,58694.2,0
2912,5563,2000-08,6336,0,58694.2,0
2912,5563,2000-09,6336,0,58694.2,0
2912,5563,2000-10,6336,0,58694.2,0
2912,5563,2000-11,6336,0,58694.2,0
2912,5563,2000-12,6336,0,58694.2,0
2912,5563,2001-01,6336,0,58694.2,0
2912,5563,2001-02,6336,0,58694.2,0
4852,5989,1996-04,5925,0,33349.5,0
4852,5989,1996-05,5925,0,33644.9,0
4852,5989,1996-06,5925,0,33799.0,0
4852,5989,1996-07,5925,0,29298.2,0
4852,5989,1996-08,5925,0,24659.1,0
4852,5989,1996-09,5925,0,20101.1,0
4852,5989,1996-10,5925,0,18354.3,0
4852,5989,1996-11,5925,0,13182.7,0
4852,5989,1996-12,5925,0,19004.9,0
4852,5989,1997-01,5925,0,17203.4,0
4852,5989,1997-02,5925,0,17745.7,0
4852,5989,1997-03,5925,0,17990.1,0
4852,5989,1997-04,5925,0,14622.6,0
4852,5989,1997-05,5925,0,13549.2,0
4852,5989,1997-06,5925,0,18669.5,0
4852,5989,1997-07,5925,0,17613.2,0
4852,5989,1997-08,5925,0,23252.6,0
4852,5989,1997-09,5925,0,26096.9,0
4852,5989,1997-10,5925,0,27766.6,0
4852,5989,1997-11,5925,0,30106.9,0
4852,5989,1997-12,5925,0,27797.5,0
4852,5989,1998-01,5925,0,21639.9,0
4852,5989,1998-02,5925,0,22977.6,0
4852,5989,1998-03,5925,0,23220.1,0
4852,5989,1998-04,5925,0,22063.0,0
4852,5989,1998-05,5925,0,24915.7,0
4852,5989,1998-06,5925,0,29371.5,0
4852,5989,1998-07,5925,0,21974.2,0
4852,5989,1998-08,5925,0,20511.8,0
4852,5989,1998-09,5925,0,21856.0,0
4852,5989,1998-10,5925,0,25408.1,0
4852,5989,1998-11,5925,0,22458.5,0
4852,5989,1998-12,5925,0,22870.2,0
4852,5989,1999-01,5925,0,22870.2,0
4852,5989,1999-02,5925,0,22870.2,0
4852,5989,1999-03,5925,0,22870.2,0
8327,6698,1996-04,5161,0,29917.1,0
8327,6698,1996-05,5161,0,80253.6,0
8327,6698,1996-06,5161,0,81031.3,0
8327,6698,1996-07,5161,0,51261.4,0
8327,6698,1996-08,5161,0,28957.3,0
8327,6698,1996-09,5161,0,16682.3,0
8327,6698,1996-10,5161,0,110170.2,0
8327,6698,1996-11,5161,0,110521.7,0
8327,6698,1996-12,5161,0,36205.1,0
8327,6698,1997-01,5161,0,26005.5,0
8327,6698,1997-02,5161,0,22571.8,0
8327,6698,1997-03,5161,0,27131.8,0
8327,6698,1997-04,5161,0,38132.4,0
8327,6698,1997-05,5161,0,31812.9,0
8327,6698,1997-06,5161,0,33373.1,0
8327,6698,1997-07,5161,0,33802.6,0
8327,6698,1997-08,5161,0,35772.8,0
8327,6698,1997-09,5161,0,55425.2,0
8327,6698,1997-10,5161,0,40972.4,0
8327,6698,1997-11,5161,0,38892.0,0
8327,6698,1997-12,5161,0,31236.4,0
8327,6698,1998-01,5161,0,30597.9,0
8327,6698,1998-02,5161,0,35717.7,0
8327,6698,1998-03,5161,0,61655.7,0
8327,6698,1998-04,5161,0,55275.5,0
8327,6698,1998-05,5161,0,93879.2,0
8327,6698,1998-06,5161,0,77577.4,0
8327,6698,1998-07,5161,0,43184.2,0
8327,6698,1998-08,5161,0,32563.6,0
8327,6698,1998-09,5161,0,51061.7,0
8327,6698,1998-10,5161,0,60940.7,0
8327,6698,1998-11,5161,0,46091.9,0
8327,6698,1998-12,5161,0,29761.7,0
8327,6698,1999-01,5161,0,29761.7,0
8327,6698,1999-02,5161,0,29761.7,0
8327,6698,1999-03,5161,0,29761.7,0
8327,6698,1999-04,5161,0,29761.7,0
8327,6698,1999-05,5161,0,29761.7,0
8327,6698,1999-06,5161,0,29761.7,0
8327,6698,1999-07,5161,0,29761.7,0
8327,6698,1999-08,5161,0,29761.7,0
8327,6698,1999-09,5161,0,29761.7,0
8327,6698,1999-10,5161,0,29761.7,0
8327,6698,1999-11,5161,0,29761.7,0
8327,6698,1999-12,5161,0,29761.7,0
8327,6698,2000-01,5161,0,29761.7,0
8327,6698,2000-02,5161,0,29761.7,0
8327,6698,2000-03,5161,0,29761.7,0
1772,5312,1996-04,5633,0,61622.9,0
1772,5312,1996-05,5633,0,24106.8,0
1772,5312,1996-06,5633,0,34411.0,0
1772,5312,1996-07,5633,0,28483.0,0
1772,5312,1996-08,5633,0,29798.1,0
1772,5312,1996-09,5633,0,47825.6,0
1772,5312,1996-10,5633,0,55453.4,0
1772,5312,1996-11,5633,0,46623.6,0
1772,5312,1996-12,5633,0,31796.5,0
1772,5312,1997-01,5633,0,45733.2,0
1772,5312,1997-02,5633,0,54998.7,0
1772,5312,1997-03,5633,0,60315.3,0
1772,5312,1997-04,5633,0,64637.2,0
1772,5312,1997-05,5633,0,62449.1,0
1772,5312,1997-06,5633,0,48325.8,0
1772,5312,1997-07,5633,0,54175.5,0
1772,5312,1997-08,5633,0,42063.3,0
1772,5312,1997-09,5633,0,81111.2,0
1772,5312,1997-10,5633,0,58432.3,0
1772,5312,1997-11,5633,0,91242.2,0
1772,5312,1997-12,5633,0,104832.8,0
1772,5312,1998-01,5633,0,47176.3,0
1772,5312,1998-02,5633,0,86070.6,0
1772,5312,1998-03,5633,0,78797.4,0
1772,5312,1998-04,5633,0,73465.9,0
1772,5312,1998-05,5633,0,72299.2,0
1772,5312,1998-06,5633,0,88814.4,0
1772,5312,1998-07,5633,0,83323.8,0
1772,5312,1998-08,5633,0,63576.3,0
1772,5312,1998-09,5633,0,63092.3,0
1772,5312,1998-10,5633,0,66185.2,0
1772,5312,1998-11,5633,0,89109.1,0
1772,5312,1998-12,5633,0,76546.3,0
1772,5312,1999-01,5633,0,76546.3,0
1772,5312,1999-02,5633,0,76546.3,0
1772,5312,1999-03,5633,0,76546.3,0
10728,7189,1996-04,3222,0,41732.5,0
10728,7189,1996-05,3222,0,36628.9,0
10728,7189,1996-06,3222,0,20807.7,0
10728,7189,1996-07,3222,0,33059.0,0
10728,7189,1996-08,3222,0,34242.1,0
10728,7189,1996-09,3222,0,37225.7,0
10728,7189,1996-10,3222,0,43028.7,0
10728,7189,1996-11,3222,0,43240.2,0
10728,7189,1996-12,3222,0,48757.7,0
10728,7189,1997-01,3222,0,20436.8,0
10728,7189,1997-02,3222,0,35392.6,0
10728,7189,1997-03,3222,0,29224.3,0
10728,7189,1997-04,3222,0,31502.6,0
10728,7189,1997-05,3222,0,39980.4,0
10728,7189,1997-06,3222,0,54082.1,0
10728,7189,1997-07,3222,0,49025.8,0
10728,7189,1997-08,3222,0,56581.1,0
10728,7189,1997-09,3222,0,70288.7,0
10728,7189,1997-10,3222,0,41433.0,0
10728,7189,1997-11,3222,0,29102.8,0
10728,7189,1997-12,3222,0,47273.3,0
10728,7189,1998-01,3222,0,22661.5,0
10728,7189,1998-02,3222,0,44749.8,0
10728,7189,1998-03,3222,0,40035.7,0
10728,7189,1998-04,3222,0,35466.2,0
10728,7189,1998-05,3222,0,54901.9,0
10728,7189,1998-06,3222,0,57137.5,0
10728,7189,1998-07,3222,0,56498.0,0
10728,7189,1998-08,3222,0,45604.0,0
10728,7189,1998-09,3222,0,30494.1,0
10728,7189,1998-10,3222,0,36215.6,0
10728,7189,1998-11,3222,0,46821.1,0
10728,7189,1998-12,3222,0,26893.3,0
10728,7189,1999-01,3222,0,26893.3,0
10728,7189,1999-02,3222,0,26893.3,0
10728,7189,1999-03,3222,0,26893.3,0
10728,7189,1999-04,3222,0,26893.3,0
10728,7189,1999-05,3222,0,26893.3,0
10728,7189,1999-06,3222,0,26893.3,0
10728,7189,1999-07,3222,0,26893.3,0
10728,7189,1999-08,3222,0,26893.3,0
10728,7189,1999-09,3222,0,26893.3,0
10728,7189,1999-10,3222,0,26893.3,0
10728,7189,1999-11,3222,0,26893.3,0
10728,7189,1999-12,3222,0,26893.3,0
10728,7189,2000-01,3222,0,26893.3,0
10728,7189,2000-02,3222,0,26893.3,0
10728,7189,2000-03,3222,0,26893.3,0
9017,6816,1996-04,2088,1,29316.4,0
9017,6816,1996-05,2088,1,22427.7,0
9017,6816,1996-06,2088,1,25421.3,0
9017,6816,1996-07,2088,1,25567.8,0
9017,6816,1996-08,2088,1,21388.7,0
9017,6816,1996-09,2088,1,9111.9,0
9017,6816,1996-10,2088,1,20862.4,0
9017,6816,1996-11,2088,1,19016.4,0
9017,6816,1996-12,2088,1,19333.1,0
9017,6816,1997-01,2088,1,4539.2,0
9017,6816,1997-02,2088,1,15070.0,0
9017,6816,1997-03,2088,1,3383.5,0
9017,6816,1997-04,2088,1,16110.8,0
9017,6816,1997-05,2088,1,4072.0,0
9017,6816,1997-06,2088,1,16472.4,0
9017,6816,1997-07,2088,1,13326.4,0
9017,6816,1997-08,2088,1,14836.5,0
9017,6816,1997-09,2088,1,11844.8,0
9017,6816,1997-10,2088,1,9614.3,0
9017,6816,1997-11,2088,1,-3215.1,1
9017,6816,1997-12,2088,1,8483.9,0
9017,6816,1998-01,2088,1,7635.5,0
9017,6816,1998-02,2088,1,7822.5,0
9017,6816,1998-03,2088,1,18380.0,0
9017,6816,1998-04,2088,1,15415.9,0
9017,6816,1998-05,2088,1,14365.1,0
9017,6816,1998-06,2088,1,13808.0,0
9017,6816,1998-07,2088,1,7265.2,0
9017,6816,1998-08,2088,1,6624.9,0
9017,6816,1998-09,2088,1,6726.7,0
9017,6816,1998-10,2088,1,17240.8,0
9017,6816,1998-11,2088,1,4519.0,0
9017,6816,1998-12,2088,1,21318.2,0
9017,6816,1999-01,2088,1,21318.2,0
9017,6816,1999-02,2088,1,21318.2,0
9017,6816,1999-03,2088,1,21318.2,0
9017,6816,1999-04,2088,1,21318.2,0
9017,6816,1999-05,2088,1,21318.2,0
9017,6816,1999-06,2088,1,21318.2,0
9017,6816,1999-07,2088,1,21318.2,0
9017,6816,1999-08,2088,1,21318.2,0
9017,6816,1999-09,2088,1,21318.2,0
9017,6816,1999-10,2088,1,21318.2,0
9017,6816,1999-11,2088,1,21318.2,0
9017,6816,1999-12,2088,1,21318.2,0
9017,6816,2000-01,2088,1,21318.2,0
9017,6816,2000-02,2088,1,21318.2,0
9017,6816,2000-03,2088,1,21318.2,0
5574,6137,1996-05,3719,0,34049.0,0
5574,6137,1996-06,3719,0,84226.1,0
5574,6137,1996-07,3719,0,48554.3,0
5574,6137,1996-08,3719,0,36255.2,0
5574,6137,1996-09,3719,0,61176.4,0
5574,6137,1996-10,3719,0,75397.2,0
5574,6137,1996-11,3719,0,81312.9,0
5574,6137,1996-12,3719,0,56917.4,0
5574,6137,1997-01,3719,0,32872.0,0
5574,6137,1997-02,3719,0,65196.2,0
5574,6137,1997-03,3719,0,44451.4,0
5574,6137,1997-04,3719,0,43387.3,0
808,5128,1996-05,4492,1,5432.0,0
808,5128,1996-06,4492,1,-2783.1,1
808,5128,1996-07,4492,1,8138.1,0
808,5128,1996-08,4492,1,10492.7,0
808,5128,1996-09,4492,1,11895.3,0
808,5128,1996-10,4492,1,13608.6,0
808,5128,1996-11,4492,1,12807.7,0
808,5128,1996-12,4492,1,17571.1,0
808,5128,1997-01,4492,1,12181.9,0
808,5128,1997-02,4492,1,12200.8,0
808,5128,1997-03,4492,1,12311.3,0
808,5128,1997-04,4492,1,12922.8,0
808,5128,1997-05,4492,1,16002.3,0
808,5128,1997-06,4492,1,27218.2,0
808,5128,1997-07,4492,1,15675.0,0
808,5128,1997-08,4492,1,10290.6,0
808,5128,1997-09,4492,1,17306.9,0
808,5128,1997-10,4492,1,17593.9,0
808,5128,1997-11,4492,1,18151.9,0
808,5128,1997-12,4492,1,21652.9,0
808,5128,1998-01,4492,1,17170.5,0
808,5128,1998-02,4492,1,17625.9,0
808,5128,1998-03,4492,1,20477.3,0
808,5128,1998-04,4492,1,17746.2,0
808,5128,1998-05,4492,1,20719.1,0
808,5128,1998-06,4492,1,9948.8,0
808,5128,1998-07,4492,1,21012.2,0
808,5128,1998-08,4492,1,20966.0,0
808,5128,1998-09,4492,1,13423.2,0
808,5128,1998-10,4492,1,20395.2,0
808,5128,1998-11,4492,1,20665.3,0
808,5128,1998-12,4492,1,30105.4,0
808,5128,1999-01,4492,1,30105.4,0
808,5128,1999-02,4492,1,30105.4,0
808,5128,1999-03,4492,1,30105.4,0
808,5128,1999-04,4492,1,30105.4,0
808,5128,1999-05,4492,1,30105.4,0
808,5128,1999-06,4492,1,30105.4,0
808,5128,1999-07,4492,1,30105.4,0
808,5128,1999-08,4492,1,30105.4,0
808,5128,1999-09,4492,1,30105.4,0
808,5128,1999-10,4492,1,30105.4,0
808,5128,1999-11,4492,1,30105.4,0
808,5128,1999-12,4492,1,30105.4,0
808,5128,2000-01,4492,1,30105.4,0
808,5128,2000-02,4492,1,30105.4,0
808,5128,2000-03,4492,1,30105.4,0
808,5128,2000-04,4492,1,30105.4,0
2456,5470,1996-05,4187,0,31356.9,0
2456,5470,1996-06,4187,0,22322.9,0
2456,5470,1996-07,4187,0,35514.4,0
2456,5470,1996-08,4187,0,21559.1,0
2456,5470,1996-09,4187,0,38654.6,0
2456,5470,1996-10,4187,0,40751.6,0
2456,5470,1996-11,4187,0,50009.0,0
2456,5470,1996-12,4187,0,57240.5,0
2456,5470,1997-01,4187,0,32687.7,0
2456,5470,1997-02,4187,0,44214.2,0
2456,5470,1997-03,4187,0,22456.9,0
2456,5470,1997-04,4187,0,43265.7,0
2456,5470,1997-05,4187,0,57944.7,0
2456,5470,1997-06,4187,0,40567.0,0
2456,5470,1997-07,4187,0,39691.1,0
2456,5470,1997-08,4187,0,44926.6,0
2456,5470,1997-09,4187,0,50001.6,0
2456,5470,1997-10,4187,0,52997.7,0
2456,5470,1997-11,4187,0,49673.1,0
2456,5470,1997-12,4187,0,39208.6,0
2456,5470,1998-01,4187,0,41848.0,0
2456,5470,1998-02,4187,0,50912.2,0
2456,5470,1998-03,4187,0,46417.2,0
2456,5470,1998-04,4187,0,56399.4,0
2456,5470,1998-05,4187,0,51663.2,0
2456,5470,1998-06,4187,0,55632.4,0
2456,5470,1998-07,4187,0,56830.5,0
2456,5470,1998-08,4187,0,50612.1,0
2456,5470,1998-09,4187,0,47066.1,0
2456,5470,1998-10,4187,0,30879.5,0
2456,5470,1998-11,4187,0,47206.1,0
2456,5470,1998-12,4187,0,43892.1,0
2456,5470,1999-01,4187,0,43892.1,0
2456,5470,1999-02,4187,0,43892.1,0
2456,5470,1999-03,4187,0,43892.1,0
2456,5470,1999-04,4187,0,43892.1,0
2456,5470,1999-05,4187,0,43892.1,0
2456,5470,1999-06,4187,0,43892.1,0
2456,5470,1999-07,4187,0,43892.1,0
2456,5470,1999-08,4187,0,43892.1,0
2456,5470,1999-09,4187,0,43892.1,0
2456,5470,1999-10,4187,0,43892.1,0
2456,5470,1999-11,4187,0,43892.1,0
2456,5470,1999-12,4187,0,43892.1,0
2456,5470,2000-01,4187,0,43892.1,0
2456,5470,2000-02,4187,0,43892.1,0
2456,5470,2000-03,4187,0,43892.1,0
2456,5470,2000-04,4187,0,43892.1,0
3037,5593,1996-05,7719,1,4978.4,1
3037,5593,1996-06,7719,1,-1531.6,1
3037,5593,1996-07,7719,1,-1562.2,1
3037,5593,1996-08,7719,1,13124.0,0
3037,5593,1996-09,7719,1,13464.3,0
3037,5593,1996-10,7719,1,14307.4,0
3037,5593,1996-11,7719,1,8417.8,0
3037,5593,1996-12,7719,1,3907.3,1
3037,5593,1997-01,7719,1,12455.1,0
3037,5593,1997-02,7719,1,21250.6,0
3037,5593,1997-03,7719,1,36348.4,0
3037,5593,1997-04,7719,1,4085.8,1
3037,5593,1997-05,7719,1,24490.7,0
3037,5593,1997-06,7719,1,39511.4,0
3037,5593,1997-07,7719,1,29908.3,0
3037,5593,1997-08,7719,1,58105.2,0
3037,5593,1997-09,7719,1,56004.3,0
3037,5593,1997-10,7719,1,18724.6,0
3037,5593,1997-11,7719,1,47067.1,0
3037,5593,1997-12,7719,1,55964.6,0
3037,5593,1998-01,7719,1,15627.0,0
3037,5593,1998-02,7719,1,8275.3,0
3037,5593,1998-03,7719,1,2293.1,1
3037,5593,1998-04,7719,1,2286.8,1
3037,5593,1998-05,7719,1,42728.8,0
3037,5593,1998-06,7719,1,9756.8,0
3037,5593,1998-07,7719,1,6028.2,1
3037,5593,1998-08,7719,1,5999.0,1
3037,5593,1998-09,7719,1,6046.7,1
3037,5593,1998-10,7719,1,6017.5,1
3037,5593,1998-11,7719,1,6041.7,1
3037,5593,1998-12,7719,1,6041.7,1
3037,5593,1999-01,7719,1,6041.7,1
3037,5593,1999-02,7719,1,6041.7,1
3037,5593,1999-03,7719,1,6041.7,1
3037,5593,1999-04,7719,1,6041.7,1
1967,5350,1996-05,5194,0,56787.2,0
1967,5350,1996-06,5194,0,33220.1,0
1967,5350,1996-07,5194,0,31319.9,0
1967,5350,1996-08,5194,0,24131.2,0
1967,5350,1996-09,5194,0,65557.1,0
1967,5350,1996-10,5194,0,16923.1,0
1967,5350,1996-11,5194,0,4375.5,1
1967,5350,1996-12,5194,0,103861.0,0
1967,5350,1997-01,5194,0,21640.4,0
1967,5350,1997-02,5194,0,5103.8,1
1967,5350,1997-03,5194,0,28563.3,0
1967,5350,1997-04,5194,0,8945.1,0
1967,5350,1997-05,5194,0,58353.6,0
1967,5350,1997-06,5194,0,85296.6,0
1967,5350,1997-07,5194,0,38439.9,0
1967,5350,1997-08,5194,0,24992.7,0
1967,5350,1997-09,5194,0,18550.6,0
1967,5350,1997-10,5194,0,24295.6,0
1967,5350,1997-11,5194,0,42691.8,0
1967,5350,1997-12,5194,0,67127.6,0
1967,5350,1998-01,5194,0,92698.0,0
1967,5350,1998-02,5194,0,35537.2,0
1967,5350,1998-03,5194,0,16248.4,0
1967,5350,1998-04,5194,0,34363.8,0
1967,5350,1998-05,5194,0,46419.6,0
1967,5350,1998-06,5194,0,15955.3,0
1967,5350,1998-07,5194,0,63369.0,0
1967,5350,1998-08,5194,0,20745.7,0
1967,5350,1998-09,5194,0,29330.4,0
1967,5350,1998-10,5194,0,61968.2,0
1967,5350,1998-11,5194,0,17576.0,0
1967,5350,1998-12,5194,0,27814.0,0
1967,5350,1999-01,5194,0,27814.0,0
1967,5350,1999-02,5194,0,27814.0,0
1967,5350,1999-03,5194,0,27814.0,0
1967,5350,1999-04,5194,0,27814.0,0
1967,5350,1999-05,5194,0,27814.0,0
1967,5350,1999-06,5194,0,27814.0,0
1967,5350,1999-07,5194,0,27814.0,0
1967,5350,1999-08,5194,0,27814.0,0
1967,5350,1999-09,5194,0,27814.0,0
1967,5350,1999-10,5194,0,27814.0,0
1967,5350,1999-11,5194,0,27814.0,0
1967,5350,1999-12,5194,0,27814.0,0
1967,5350,2000-01,5194,0,27814.0,0
1967,5350,2000-02,5194,0,27814.0,0
1967,5350,2000-03,5194,0,27814.0,0
1967,5350,2000-04,5194,0,27814.0,0
5213,6063,1996-05,6687,1,58061.7,0
5213,6063,1996-06,6687,1,50845.4,0
5213,6063,1996-07,6687,1,28029.9,0
5213,6063,1996-08,6687,1,38061.0,0
5213,6063,1996-09,6687,1,52562.6,0
5213,6063,1996-10,6687,1,29640.6,0
5213,6063,1996-11,6687,1,46513.0,0
5213,6063,1996-12,6687,1,29144.4,0
5213,6063,1997-01,6687,1,-1858.4,1
5213,6063,1997-02,6687,1,29472.9,0
5213,6063,1997-03,6687,1,14759.9,0
5213,6063,1997-04,6687,1,22770.5,0
5213,6063,1997-05,6687,1,37640.0,0
5213,6063,1997-06,6687,1,20314.4,0
5213,6063,1997-07,6687,1,33658.2,0
5213,6063,1997-08,6687,1,44665.9,0
5213,6063,1997-09,6687,1,46324.5,0
5213,6063,1997-10,6687,1,45774.4,0
5213,6063,1997-11,6687,1,47308.1,0
5213,6063,1997-12,6687,1,10562.7,0
5213,6063,1998-01,6687,1,7456.7,0
5213,6063,1998-02,6687,1,54728.8,0
5213,6063,1998-03,6687,1,53042.0,0
5213,6063,1998-04,6687,1,68602.7,0
5213,6063,1998-05,6687,1,55689.8,0
5213,6063,1998-06,6687,1,45781.4,0
5213,6063,1998-07,6687,1,38116.2,0
5213,6063,1998-08,6687,1,28500.6,0
5213,6063,1998-09,6687,1,61024.4,0
5213,6063,1998-10,6687,1,50927.4,0
5213,6063,1998-11,6687,1,68699.3,0
5213,6063,1998-12,6687,1,89092.2,0
5213,6063,1999-01,6687,1,89092.2,0
5213,6063,1999-02,6687,1,89092.2,0
5213,6063,1999-03,6687,1,89092.2,0
5213,6063,1999-04,6687,1,89092.2,0
5213,6063,1999-05,6687,1,89092.2,0
5213,6063,1999-06,6687,1,89092.2,0
5213,6063,1999-07,6687,1,89092.2,0
5213,6063,1999-08,6687,1,89092.2,0
5213,6063,1999-09,6687,1,89092.2,0
5213,6063,1999-10,6687,1,89092.2,0
5213,6063,1999-11,6687,1,89092.2,0
5213,6063,1999-12,6687,1,89092.2,0
5213,6063,2000-01,6687,1,89092.2,0
5213,6063,2000-02,6687,1,89092.2,0
5213,6063,2000-03,6687,1,89092.2,0
5213,6063,2000-04,6687,1,89092.2,0
7418,6501,1996-05,2523,1,19709.8,0
7418,6501,1996-06,2523,1,19470.2,0
7418,6501,1996-07,2523,1,24248.0,0
7418,6501,1996-08,2523,1,27072.4,0
7418,6501,1996-09,2523,1,20987.4,0
7418,6501,1996-10,2523,1,16932.0,0
7418,6501,1996-11,2523,1,15840.8,0
7418,6501,1996-12,2523,1,13322.7,0
7418,6501,1997-01,2523,1,7100.1,0
7418,6501,1997-02,2523,1,-9808.5,1
7418,6501,1997-03,2523,1,4426.2,0
7418,6501,1997-04,2523,1,2245.7,1
2352,5452,1996-05,824,0,46602.2,0
2352,5452,1996-06,824,0,42422.8,0
2352,5452,1996-07,824,0,45833.5,0
2352,5452,1996-08,824,0,41813.5,0
2352,5452,1996-09,824,0,44552.2,0
2352,5452,1996-10,824,0,43802.6,0
2352,5452,1996-11,824,0,44985.5,0
2352,5452,1996-12,824,0,44302.9,0
2352,5452,1997-01,824,0,44141.7,0
2352,5452,1997-02,824,0,56453.5,0
2352,5452,1997-03,824,0,45360.0,0
2352,5452,1997-04,824,0,52462.8,0
2352,5452,1997-05,824,0,59395.4,0
2352,5452,1997-06,824,0,43034.3,0
2352,5452,1997-07,824,0,50026.8,0
2352,5452,1997-08,824,0,53334.5,0
2352,5452,1997-09,824,0,59266.3,0
2352,5452,1997-10,824,0,67028.2,0
2352,5452,1997-11,824,0,68503.7,0
2352,5452,1997-12,824,0,77375.6,0
2352,5452,1998-01,824,0,47908.3,0
2352,5452,1998-02,824,0,57226.0,0
2352,5452,1998-03,824,0,62146.7,0
2352,5452,1998-04,824,0,68816.5,0
2352,5452,1998-05,824,0,64882.7,0
2352,5452,1998-06,824,0,31715.4,0
2352,5452,1998-07,824,0,43873.0,0
2352,5452,1998-08,824,0,53110.7,0
2352,5452,1998-09,824,0,55128.4,0
2352,5452,1998-10,824,0,53042.3,0
2352,5452,1998-11,824,0,57967.9,0
2352,5452,1998-12,824,0,63982.3,0
2352,5452,1999-01,824,0,63982.3,0
2352,5452,1999-02,824,0,63982.3,0
2352,5452,1999-03,824,0,63982.3,0
2352,5452,1999-04,824,0,63982.3,0
2352,5452,1999-05,824,0,63982.3,0
2352,5452,1999-06,824,0,63982.3,0
2352,5452,1999-07,824,0,63982.3,0
2352,5452,1999-08,824,0,63982.3,0
2352,5452,1999-09,824,0,63982.3,0
2352,5452,1999-10,824,0,63982.3,0
2352,5452,1999-11,824,0,63982.3,0
2352,5452,1999-12,824,0,63982.3,0
2352,5452,2000-01,824,0,63982.3,0
2352,5452,2000-02,824,0,63982.3,0
2352,5452,2000-03,824,0,63982.3,0
2352,5452,2000-04,824,0,63982.3,0
2352,5452,2000-05,824,0,63982.3,0
2352,5452,2000-06,824,0,63982.3,0
2352,5452,2000-07,824,0,63982.3,0
2352,5452,2000-08,824,0,63982.3,0
2352,5452,2000-09,824,0,63982.3,0
2352,5452,2000-10,824,0,63982.3,0
2352,5452,2000-11,824,0,63982.3,0
2352,5452,2000-12,824,0,63982.3,0
2352,5452,2001-01,824,0,63982.3,0
2352,5452,2001-02,824,0,63982.3,0
2352,5452,2001-03,824,0,63982.3,0
2352,5452,2001-04,824,0,63982.3,0
19,4961,1996-05,2523,1,16852.9,0
19,4961,1996-06,2523,1,20520.9,0
19,4961,1996-07,2523,1,22370.2,0
19,4961,1996-08,2523,1,24408.9,0
19,4961,1996-09,2523,1,22194.7,0
19,4961,1996-10,2523,1,19948.3,0
19,4961,1996-11,2523,1,19823.7,0
19,4961,1996-12,2523,1,17951.5,0
19,4961,1997-01,2523,1,8679.9,0
19,4961,1997-02,2523,1,8603.1,0
19,4961,1997-03,2523,1,4629.3,0
19,4961,1997-04,2523,1,2257.5,1
67,4973,1996-06,6915,0,38995.2,0
67,4973,1996-07,6915,0,26745.0,0
67,4973,1996-08,6915,0,34307.7,0
67,4973,1996-09,6915,0,39101.9,0
67,4973,1996-10,6915,0,21169.4,0
67,4973,1996-11,6915,0,32727.0,0
67,4973,1996-12,6915,0,35286.0,0
67,4973,1997-01,6915,0,37874.2,0
67,4973,1997-02,6915,0,34279.1,0
67,4973,1997-03,6915,0,30393.2,0
67,4973,1997-04,6915,0,25541.5,0
67,4973,1997-05,6915,0,27068.1,0
67,4973,1997-06,6915,0,24597.2,0
67,4973,1997-07,6915,0,39186.0,0
67,4973,1997-08,6915,0,49024.7,0
67,4973,1997-09,6915,0,46427.5,0
67,4973,1997-10,6915,0,45405.5,0
67,4973,1997-11,6915,0,43023.7,0
67,4973,1997-12,6915,0,57978.1,0
67,4973,1998-01,6915,0,66091.4,0
67,4973,1998-02,6915,0,76283.2,0
67,4973,1998-03,6915,0,84964.5,0
67,4973,1998-04,6915,0,93381.0,0
67,4973,1998-05,6915,0,94518.5,0
5794,6190,1996-06,2060,0,15087.6,0
5794,6190,1996-07,2060,0,12368.2,0
5794,6190,1996-08,2060,0,14650.9,0
5794,6190,1996-09,2060,0,12230.5,0
5794,6190,1996-10,2060,0,10301.3,0
5794,6190,1996-11,2060,0,11271.7,0
5794,6190,1996-12,2060,0,20253.9,0
5794,6190,1997-01,2060,0,38507.8,0
5794,6190,1997-02,2060,0,22351.6,0
5794,6190,1997-03,2060,0,11336.7,0
5794,6190,1997-04,2060,0,11509.1,0
5794,6190,1997-05,2060,0,24661.7,0
5794,6190,1997-06,2060,0,17169.2,0
5794,6190,1997-07,2060,0,10647.7,0
5794,6190,1997-08,2060,0,20389.6,0
5794,6190,1997-09,2060,0,16488.6,0
5794,6190,1997-10,2060,0,12571.6,0
5794,6190,1997-11,2060,0,29886.0,0
5794,6190,1997-12,2060,0,34181.1,0
5794,6190,1998-01,2060,0,21568.9,0
5794,6190,1998-02,2060,0,50192.0,0
5794,6190,1998-03,2060,0,29139.8,0
5794,6190,1998-04,2060,0,47301.1,0
5794,6190,1998-05,2060,0,60412.6,0
5794,6190,1998-06,2060,0,54250.7,0
5794,6190,1998-07,2060,0,63346.2,0
5794,6190,1998-08,2060,0,71153.1,0
5794,6190,1998-09,2060,0,74225.8,0
5794,6190,1998-10,2060,0,91881.0,0
5794,6190,1998-11,2060,0,76854.9,0
5794,6190,1998-12,2060,0,67017.6,0
5794,6190,1999-01,2060,0,67017.6,0
5794,6190,1999-02,2060,0,67017.6,0
5794,6190,1999-03,2060,0,67017.6,0
5794,6190,1999-04,2060,0,67017.6,0
5794,6190,1999-05,2060,0,67017.6,0
5794,6190,1999-06,2060,0,67017.6,0
5794,6190,1999-07,2060,0,67017.6,0
5794,6190,1999-08,2060,0,67017.6,0
5794,6190,1999-09,2060,0,67017.6,0
5794,6190,1999-10,2060,0,67017.6,0
5794,6190,1999-11,2060,0,67017.6,0
5794,6190,1999-12,2060,0,67017.6,0
5794,6190,2000-01,2060,0,67017.6,0
5794,6190,2000-02,2060,0,67017.6,0
5794,6190,2000-03,2060,0,67017.6,0
5794,6190,2000-04,2060,0,67017.6,0
5794,6190,2000-05,2060,0,67017.6,0
5794,6190,2000-06,2060,0,67017.6,0
5794,6190,2000-07,2060,0,67017.6,0
5794,6190,2000-08,2060,0,67017.6,0
5794,6190,2000-09,2060,0,67017.6,0
5794,6190,2000-10,2060,0,67017.6,0
5794,6190,2000-11,2060,0,67017.6,0
5794,6190,2000-12,2060,0,67017.6,0
5794,6190,2001-01,2060,0,67017.6,0
5794,6190,2001-02,2060,0,67017.6,0
5794,6190,2001-03,2060,0,67017.6,0
5794,6190,2001-04,2060,0,67017.6,0
5794,6190,2001-05,2060,0,67017.6,0
8411,6715,1996-06,3677,0,35113.5,0
8411,6715,1996-07,3677,0,29550.1,0
8411,6715,1996-08,3677,0,29628.7,0
8411,6715,1996-09,3677,0,25114.8,0
8411,6715,1996-10,3677,0,24568.3,0
8411,6715,1996-11,3677,0,22202.7,0
8411,6715,1996-12,3677,0,20178.9,0
8411,6715,1997-01,3677,0,24004.3,0
8411,6715,1997-02,3677,0,19115.4,0
8411,6715,1997-03,3677,0,18115.3,0
8411,6715,1997-04,3677,0,27317.5,0
8411,6715,1997-05,3677,0,27042.9,0
8411,6715,1997-06,3677,0,25755.7,0
8411,6715,1997-07,3677,0,23903.3,0
8411,6715,1997-08,3677,0,24236.4,0
8411,6715,1997-09,3677,0,22239.4,0
8411,6715,1997-10,3677,0,24960.9,0
8411,6715,1997-11,3677,0,26278.2,0
8411,6715,1997-12,3677,0,30172.3,0
8411,6715,1998-01,3677,0,26228.6,0
8411,6715,1998-02,3677,0,24673.1,0
8411,6715,1998-03,3677,0,31200.4,0
8411,6715,1998-04,3677,0,30464.5,0
8411,6715,1998-05,3677,0,31029.3,0
8411,6715,1998-06,3677,0,31710.7,0
8411,6715,1998-07,3677,0,33085.7,0
8411,6715,1998-08,3677,0,33953.0,0
8411,6715,1998-09,3677,0,35535.6,0
8411,6715,1998-10,3677,0,31742.2,0
8411,6715,1998-11,3677,0,29473.4,0
8411,6715,1998-12,3677,0,32673.4,0
8411,6715,1999-01,3677,0,32673.4,0
8411,6715,1999-02,3677,0,32673.4,0
8411,6715,1999-03,3677,0,32673.4,0
8411,6715,1999-04,3677,0,32673.4,0
8411,6715,1999-05,3677,0,32673.4,0
8411,6715,1999-06,3677,0,32673.4,0
8411,6715,1999-07,3677,0,32673.4,0
8411,6715,1999-08,3677,0,32673.4,0
8411,6715,1999-09,3677,0,32673.4,0
8411,6715,1999-10,3677,0,32673.4,0
8411,6715,1999-11,3677,0,32673.4,0
8411,6715,1999-12,3677,0,32673.4,0
8411,6715,2000-01,3677,0,32673.4,0
8411,6715,2000-02,3677,0,32673.4,0
8411,6715,2000-03,3677,0,32673.4,0
8411,6715,2000-04,3677,0,32673.4,0
8411,6715,2000-05,3677,0,32673.4,0
8411,6715,2000-06,3677,0,32673.4,0
8411,6715,2000-07,3677,0,32673.4,0
8411,6715,2000-08,3677,0,32673.4,0
8411,6715,2000-09,3677,0,32673.4,0
8411,6715,2000-10,3677,0,32673.4,0
8411,6715,2000-11,3677,0,32673.4,0
8411,6715,2000-12,3677,0,32673.4,0
8411,6715,2001-01,3677,0,32673.4,0
8411,6715,2001-02,3677,0,32673.4,0
8411,6715,2001-03,3677,0,32673.4,0
8411,6715,2001-04,3677,0,32673.4,0
8411,6715,2001-05,3677,0,32673.4,0
4462,5892,1996-06,2770,1,24437.5,0
4462,5892,1996-07,2770,1,31311.7,0
4462,5892,1996-08,2770,1,22566.2,0
4462,5892,1996-09,2770,1,63207.4,0
4462,5892,1996-10,2770,1,39538.2,0
4462,5892,1996-11,2770,1,37748.5,0
4462,5892,1996-12,2770,1,23976.9,0
4462,5892,1997-01,2770,1,2062.1,1
4462,5892,1997-02,2770,1,4142.0,0
4462,5892,1997-03,2770,1,13672.7,0
4462,5892,1997-04,2770,1,9035.6,0
4462,5892,1997-05,2770,1,3579.2,0
4462,5892,1997-06,2770,1,16465.6,0
4462,5892,1997-07,2770,1,-1821.0,1
4462,5892,1997-08,2770,1,9931.7,0
4462,5892,1997-09,2770,1,8584.0,0
4462,5892,1997-10,2770,1,15833.4,0
4462,5892,1997-11,2770,1,20307.8,0
4462,5892,1997-12,2770,1,4662.0,0
4462,5892,1998-01,2770,1,-2680.5,1
4462,5892,1998-02,2770,1,3174.2,0
4462,5892,1998-03,2770,1,7497.0,0
4462,5892,1998-04,2770,1,14876.3,0
4462,5892,1998-05,2770,1,101651.1,0
7614,6550,1996-06,6679,0,49461.0,0
7614,6550,1996-07,6679,0,61606.3,0
7614,6550,1996-08,6679,0,78498.1,0
7614,6550,1996-09,6679,0,88187.4,0
7614,6550,1996-10,6679,0,60796.6,0
7614,6550,1996-11,6679,0,61106.6,0
7614,6550,1996-12,6679,0,49984.4,0
7614,6550,1997-01,6679,0,28787.4,0
7614,6550,1997-02,6679,0,43863.8,0
7614,6550,1997-03,6679,0,51103.0,0
7614,6550,1997-04,6679,0,51959.6,0
7614,6550,1997-05,6679,0,55526.7,0
7614,6550,1997-06,6679,0,53938.3,0
7614,6550,1997-07,6679,0,54807.6,0
7614,6550,1997-08,6679,0,60179.7,0
7614,6550,1997-09,6679,0,45034.2,0
7614,6550,1997-10,6679,0,47262.3,0
7614,6550,1997-11,6679,0,49580.8,0
7614,6550,1997-12,6679,0,63135.5,0
7614,6550,1998-01,6679,0,29678.3,0
7614,6550,1998-02,6679,0,34366.3,0
7614,6550,1998-03,6679,0,42968.7,0
7614,6550,1998-04,6679,0,46869.9,0
7614,6550,1998-05,6679,0,54799.0,0
7614,6550,1998-06,6679,0,40165.1,0
7614,6550,1998-07,6679,0,52468.2,0
7614,6550,1998-08,6679,0,57909.4,0
7614,6550,1998-09,6679,0,61940.1,0
7614,6550,1998-10,6679,0,63397.0,0
7614,6550,1998-11,6679,0,67473.8,0
7614,6550,1998-12,6679,0,56197.3,0
7614,6550,1999-01,6679,0,56197.3,0
7614,6550,1999-02,6679,0,56197.3,0
7614,6550,1999-03,6679,0,56197.3,0
7614,6550,1999-04,6679,0,56197.3,0
7614,6550,1999-05,6679,0,56197.3,0
7614,6550,1999-06,6679,0,56197.3,0
7614,6550,1999-07,6679,0,56197.3,0
7614,6550,1999-08,6679,0,56197.3,0
7614,6550,1999-09,6679,0,56197.3,0
7614,6550,1999-10,6679,0,56197.3,0
7614,6550,1999-11,6679,0,56197.3,0
7614,6550,1999-12,6679,0,56197.3,0
7614,6550,2000-01,6679,0,56197.3,0
7614,6550,2000-02,6679,0,56197.3,0
7614,6550,2000-03,6679,0,56197.3,0
7614,6550,2000-04,6679,0,56197.3,0
7614,6550,2000-05,6679,0,56197.3,0
3608,5706,1996-06,4486,0,34418.8,0
3608,5706,1996-07,4486,0,43518.9,0
3608,5706,1996-08,4486,0,56369.7,0
3608,5706,1996-09,4486,0,59391.2,0
3608,5706,1996-10,4486,0,38598.9,0
3608,5706,1996-11,4486,0,73984.4,0
3608,5706,1996-12,4486,0,42086.5,0
3608,5706,1997-01,4486,0,27778.0,0
3608,5706,1997-02,4486,0,27849.4,0
3608,5706,1997-03,4486,0,34454.4,0
3608,5706,1997-04,4486,0,35974.4,0
3608,5706,1997-05,4486,0,38429.9,0
3608,5706,1997-06,4486,0,37731.4,0
3608,5706,1997-07,4486,0,31429.3,0
3608,5706,1997-08,4486,0,30620.9,0
3608,5706,1997-09,4486,0,66323.9,0
3608,5706,1997-10,4486,0,37679.9,0
3608,5706,1997-11,4486,0,28869.3,0
3608,5706,1997-12,4486,0,102746.8,0
3608,5706,1998-01,4486,0,96011.2,0
3608,5706,1998-02,4486,0,57631.5,0
3608,5706,1998-03,4486,0,90287.3,0
3608,5706,1998-04,4486,0,72310.5,0
3608,5706,1998-05,4486,0,62211.2,0
3608,5706,1998-06,4486,0,46661.7,0
3608,5706,1998-07,4486,0,62245.9,0
3608,5706,1998-08,4486,0,52087.1,0
3608,5706,1998-09,4486,0,50814.9,0
3608,5706,1998-10,4486,0,32535.2,0
3608,5706,1998-11,4486,0,74017.6,0
3608,5706,1998-12,4486,0,39044.7,0
3608,5706,1999-01,4486,0,39044.7,0
3608,5706,1999-02,4486,0,39044.7,0
3608,5706,1999-03,4486,0,39044.7,0
3608,5706,1999-04,4486,0,39044.7,0
3608,5706,1999-05,4486,0,39044.7,0
940,5148,1996-06,4738,0,64532.4,0
940,5148,1996-07,4738,0,76946.9,0
940,5148,1996-08,4738,0,56068.0,0
940,5148,1996-09,4738,0,66530.1,0
940,5148,1996-10,4738,0,34669.1,0
940,5148,1996-11,4738,0,62776.8,0
940,5148,1996-12,4738,0,99897.8,0
940,5148,1997-01,4738,0,68944.1,0
940,5148,1997-02,4738,0,93780.8,0
940,5148,1997-03,4738,0,97448.5,0
940,5148,1997-04,4738,0,105291.2,0
940,5148,1997-05,4738,0,67405.4,0
940,5148,1997-06,4738,0,59675.6,0
940,5148,1997-07,4738,0,56514.2,0
940,5148,1997-08,4738,0,88619.9,0
940,5148,1997-09,4738,0,48936.3,0
940,5148,1997-10,4738,0,65506.5,0
940,5148,1997-11,4738,0,77042.4,0
940,5148,1997-12,4738,0,61025.2,0
940,5148,1998-01,4738,0,70398.2,0
940,5148,1998-02,4738,0,82050.1,0
940,5148,1998-03,4738,0,52405.2,0
940,5148,1998-04,4738,0,70881.1,0
940,5148,1998-05,4738,0,88137.4,0
940,5148,1998-06,4738,0,57530.3,0
940,5148,1998-07,4738,0,76126.3,0
940,5148,1998-08,4738,0,57823.2,0
940,5148,1998-09,4738,0,66891.9,0
940,5148,1998-10,4738,0,77818.1,0
940,5148,1998-11,4738,0,79818.8,0
940,5148,1998-12,4738,0,109138.5,0
940,5148,1999-01,4738,0,109138.5,0
940,5148,1999-02,4738,0,109138.5,0
940,5148,1999-03,4738,0,109138.5,0
940,5148,1999-04,4738,0,109138.5,0
940,5148,1999-05,4738,0,109138.5,0
940,5148,1999-06,4738,0,109138.5,0
940,5148,1999-07,4738,0,109138.5,0
940,5148,1999-08,4738,0,109138.5,0
940,5148,1999-09,4738,0,109138.5,0
940,5148,1999-10,4738,0,109138.5,0
940,5148,1999-11,4738,0,109138.5,0
940,5148,1999-12,4738,0,109138.5,0
940,5148,2000-01,4738,0,109138.5,0
940,5148,2000-02,4738,0,109138.5,0
940,5148,2000-03,4738,0,109138.5,0
940,5148,2000-04,4738,0,109138.5,0
940,5148,2000-05,4738,0,109138.5,0
940,5148,2000-06,4738,0,109138.5,0
940,5148,2000-07,4738,0,109138.5,0
940,5148,2000-08,4738,0,109138.5,0
940,5148,2000-09,4738,0,109138.5,0
940,5148,2000-10,4738,0,109138.5,0
940,5148,2000-11,4738,0,109138.5,0
940,5148,2000-12,4738,0,109138.5,0
940,5148,2001-01,4738,0,109138.5,0
940,5148,2001-02,4738,0,109138.5,0
940,5148,2001-03,4738,0,109138.5,0
940,5148,2001-04,4738,0,109138.5,0
940,5148,2001-05,4738,0,109138.5,0
8547,6734,1996-06,4806,0,33300.4,0
8547,6734,1996-07,4806,0,68554.4,0
8547,6734,1996-08,4806,0,134636.6,0
8547,6734,1996-09,4806,0,60487.2,0
8547,6734,1996-10,4806,0,4708.6,1
8547,6734,1996-11,4806,0,79067.9,0
8547,6734,1996-12,4806,0,80294.4,0
8547,6734,1997-01,4806,0,50149.5,0
8547,6734,1997-02,4806,0,34390.0,0
8547,6734,1997-03,4806,0,43206.0,0
8547,6734,1997-04,4806,0,100506.1,0
8547,6734,1997-05,4806,0,86168.4,0
8547,6734,1997-06,4806,0,62173.2,0
8547,6734,1997-07,4806,0,62042.9,0
8547,6734,1997-08,4806,0,92974.1,0
8547,6734,1997-09,4806,0,41491.7,0
8547,6734,1997-10,4806,0,31742.4,0
8547,6734,1997-11,4806,0,53530.0,0
8547,6734,1997-12,4806,0,68359.0,0
8547,6734,1998-01,4806,0,9749.6,0
8547,6734,1998-02,4806,0,18748.8,0
8547,6734,1998-03,4806,0,27571.9,0
8547,6734,1998-04,4806,0,17692.7,0
8547,6734,1998-05,4806,0,16505.6,0
8547,6734,1998-06,4806,0,20519.0,0
8547,6734,1998-07,4806,0,30229.7,0
8547,6734,1998-08,4806,0,34248.5,0
8547,6734,1998-09,4806,0,30170.6,0
8547,6734,1998-10,4806,0,39445.8,0
8547,6734,1998-11,4806,0,39919.4,0
8547,6734,1998-12,4806,0,31402.9,0
8547,6734,1999-01,4806,0,31402.9,0
8547,6734,1999-02,4806,0,31402.9,0
8547,6734,1999-03,4806,0,31402.9,0
8547,6734,1999-04,4806,0,31402.9,0
8547,6734,1999-05,4806,0,31402.9,0
5422,6109,1996-07,6148,0,98564.9,0
5422,6109,1996-08,6148,0,57130.3,0
5422,6109,1996-09,6148,0,33462.6,0
5422,6109,1996-10,6148,0,102501.9,0
5422,6109,1996-11,6148,0,86285.5,0
5422,6109,1996-12,6148,0,32634.6,0
5422,6109,1997-01,6148,0,82524.4,0
5422,6109,1997-02,6148,0,84431.1,0
5422,6109,1997-03,6148,0,29057.5,0
5422,6109,1997-04,6148,0,40498.2,0
5422,6109,1997-05,6148,0,32331.9,0
5422,6109,1997-06,6148,0,34671.9,0
5422,6109,1997-07,6148,0,97291.6,0
5422,6109,1997-08,6148,0,67249.3,0
5422,6109,1997-09,6148,0,32685.7,0
5422,6109,1997-10,6148,0,38639.5,0
5422,6109,1997-11,6148,0,46166.0,0
5422,6109,1997-12,6148,0,15211.7,0
5422,6109,1998-01,6148,0,10312.0,0
5422,6109,1998-02,6148,0,12518.0,0
5422,6109,1998-03,6148,0,11518.4,0
5422,6109,1998-04,6148,0,21499.2,0
5422,6109,1998-05,6148,0,14620.9,0
5422,6109,1998-06,6148,0,60896.3,0
5422,6109,1998-07,6148,0,34126.9,0
5422,6109,1998-08,6148,0,22087.4,0
5422,6109,1998-09,6148,0,18419.3,0
5422,6109,1998-10,6148,0,28448.6,0
5422,6109,1998-11,6148,0,38493.3,0
5422,6109,1998-12,6148,0,36830.3,0
5422,6109,1999-01,6148,0,36830.3,0
5422,6109,1999-02,6148,0,36830.3,0
5422,6109,1999-03,6148,0,36830.3,0
5422,6109,1999-04,6148,0,36830.3,0
5422,6109,1999-05,6148,0,36830.3,0
5422,6109,1999-06,6148,0,36830.3,0
5422,6109,1999-07,6148,0,36830.3,0
5422,6109,1999-08,6148,0,36830.3,0
5422,6109,1999-09,6148,0,36830.3,0
5422,6109,1999-10,6148,0,36830.3,0
5422,6109,1999-11,6148,0,36830.3,0
5422,6109,1999-12,6148,0,36830.3,0
5422,6109,2000-01,6148,0,36830.3,0
5422,6109,2000-02,6148,0,36830.3,0
5422,6109,2000-03,6148,0,36830.3,0
5422,6109,2000-04,6148,0,36830.3,0
5422,6109,2000-05,6148,0,36830.3,0
5422,6109,2000-06,6148,0,36830.3,0
5422,6109,2000-07,6148,0,36830.3,0
5422,6109,2000-08,6148,0,36830.3,0
5422,6109,2000-09,6148,0,36830.3,0
5422,6109,2000-10,6148,0,36830.3,0
5422,6109,2000-11,6148,0,36830.3,0
5422,6109,2000-12,6148,0,36830.3,0
5422,6109,2001-01,6148,0,36830.3,0
5422,6109,2001-02,6148,0,36830.3,0
5422,6109,2001-03,6148,0,36830.3,0
5422,6109,2001-04,6148,0,36830.3,0
5422,6109,2001-05,6148,0,36830.3,0
5422,6109,2001-06,6148,0,36830.3,0
9645,6961,1996-07,4893,0,35123.8,0
9645,6961,1996-08,4893,0,24699.3,0
9645,6961,1996-09,4893,0,35146.2,0
9645,6961,1996-10,4893,0,39725.9,0
9645,6961,1996-11,4893,0,28181.4,0
9645,6961,1996-12,4893,0,41013.7,0
9645,6961,1997-01,4893,0,23160.6,0
9645,6961,1997-02,4893,0,32793.6,0
9645,6961,1997-03,4893,0,35755.4,0
9645,6961,1997-04,4893,0,27425.6,0
9645,6961,1997-05,4893,0,36476.5,0
9645,6961,1997-06,4893,0,43307.6,0
9645,6961,1997-07,4893,0,41198.4,0
9645,6961,1997-08,4893,0,39678.0,0
9645,6961,1997-09,4893,0,29434.4,0
9645,6961,1997-10,4893,0,36582.4,0
9645,6961,1997-11,4893,0,35134.4,0
9645,6961,1997-12,4893,0,45164.7,0
9645,6961,1998-01,4893,0,23152.5,0
9645,6961,1998-02,4893,0,23348.4,0
9645,6961,1998-03,4893,0,29265.3,0
9645,6961,1998-04,4893,0,23269.2,0
9645,6961,1998-05,4893,0,29897.4,0
9645,6961,1998-06,4893,0,41397.4,0
9645,6961,1998-07,4893,0,37597.7,0
9645,6961,1998-08,4893,0,36244.3,0
9645,6961,1998-09,4893,0,23958.7,0
9645,6961,1998-10,4893,0,28465.1,0
9645,6961,1998-11,4893,0,24666.1,0
9645,6961,1998-12,4893,0,26525.3,0
9645,6961,1999-01,4893,0,26525.3,0
9645,6961,1999-02,4893,0,26525.3,0
9645,6961,1999-03,4893,0,26525.3,0
9645,6961,1999-04,4893,0,26525.3,0
9645,6961,1999-05,4893,0,26525.3,0
9645,6961,1999-06,4893,0,26525.3,0
9006,6810,1996-07,3883,0,18275.2,0
9006,6810,1996-08,3883,0,78271.5,0
9006,6810,1996-09,3883,0,29589.2,0
9006,6810,1996-10,3883,0,72518.7,0
9006,6810,1996-11,3883,0,67682.5,0
9006,6810,1996-12,3883,0,38550.8,0
9006,6810,1997-01,3883,0,21450.9,0
9006,6810,1997-02,3883,0,13132.6,0
9006,6810,1997-03,3883,0,31829.5,0
9006,6810,1997-04,3883,0,23460.0,0
9006,6810,1997-05,3883,0,33712.6,0
9006,6810,1997-06,3883,0,51617.8,0
9006,6810,1997-07,3883,0,82708.1,0
9006,6810,1997-08,3883,0,65840.9,0
9006,6810,1997-09,3883,0,24067.3,0
9006,6810,1997-10,3883,0,35936.7,0
9006,6810,1997-11,3883,0,48962.7,0
9006,6810,1997-12,3883,0,111194.9,0
9006,6810,1998-01,3883,0,50650.7,0
9006,6810,1998-02,3883,0,62671.9,0
9006,6810,1998-03,3883,0,60386.6,0
9006,6810,1998-04,3883,0,67685.6,0
9006,6810,1998-05,3883,0,65572.5,0
9006,6810,1998-06,3883,0,104193.4,0
9006,6810,1998-07,3883,0,48794.7,0
9006,6810,1998-08,3883,0,85779.9,0
9006,6810,1998-09,3883,0,42164.4,0
9006,6810,1998-10,3883,0,49030.9,0
9006,6810,1998-11,3883,0,41019.7,0
9006,6810,1998-12,3883,0,77264.6,0
9006,6810,1999-01,3883,0,77264.6,0
9006,6810,1999-02,3883,0,77264.6,0
9006,6810,1999-03,3883,0,77264.6,0
9006,6810,1999-04,3883,0,77264.6,0
9006,6810,1999-05,3883,0,77264.6,0
9006,6810,1999-06,3883,0,77264.6,0
9006,6810,1999-07,3883,0,77264.6,0
9006,6810,1999-08,3883,0,77264.6,0
9006,6810,1999-09,3883,0,77264.6,0
9006,6810,1999-10,3883,0,77264.6,0
9006,6810,1999-11,3883,0,77264.6,0
9006,6810,1999-12,3883,0,77264.6,0
9006,6810,2000-01,3883,0,77264.6,0
9006,6810,2000-02,3883,0,77264.6,0
9006,6810,2000-03,3883,0,77264.6,0
9006,6810,2000-04,3883,0,77264.6,0
9006,6810,2000-05,3883,0,77264.6,0
9006,6810,2000-06,3883,0,77264.6,0
2572,5494,1996-07,7500,0,81380.4,0
2572,5494,1996-08,7500,0,97779.2,0
2572,5494,1996-09,7500,0,102305.1,0
2572,5494,1996-10,7500,0,41479.3,0
2572,5494,1996-11,7500,0,75633.7,0
2572,5494,1996-12,7500,0,52312.3,0
2572,5494,1997-01,7500,0,22354.2,0
2572,5494,1997-02,7500,0,50056.0,0
2572,5494,1997-03,7500,0,71994.0,0
2572,5494,1997-04,7500,0,67018.5,0
2572,5494,1997-05,7500,0,65465.7,0
2572,5494,1997-06,7500,0,13279.1,0
2572,5494,1997-07,7500,0,25943.4,0
2572,5494,1997-08,7500,0,48066.5,0
2572,5494,1997-09,7500,0,45571.3,0
2572,5494,1997-10,7500,0,52919.0,0
2572,5494,1997-11,7500,0,64378.4,0
2572,5494,1997-12,7500,0,61136.7,0
2572,5494,1998-01,7500,0,32062.8,0
2572,5494,1998-02,7500,0,52259.3,0
2572,5494,1998-03,7500,0,46586.9,0
2572,5494,1998-04,7500,0,46527.0,0
2572,5494,1998-05,7500,0,47120.0,0
2572,5494,1998-06,7500,0,51633.6,0
2572,5494,1998-07,7500,0,63093.5,0
2572,5494,1998-08,7500,0,65572.0,0
2572,5494,1998-09,7500,0,63082.2,0
2572,5494,1998-10,7500,0,67886.3,0
2572,5494,1998-11,7500,0,61265.2,0
2572,5494,1998-12,7500,0,91846.5,0
2572,5494,1999-01,7500,0,91846.5,0
2572,5494,1999-02,7500,0,91846.5,0
2572,5494,1999-03,7500,0,91846.5,0
2572,5494,1999-04,7500,0,91846.5,0
2572,5494,1999-05,7500,0,91846.5,0
2572,5494,1999-06,7500,0,91846.5,0
2572,5494,1999-07,7500,0,91846.5,0
2572,5494,1999-08,7500,0,91846.5,0
2572,5494,1999-09,7500,0,91846.5,0
2572,5494,1999-10,7500,0,91846.5,0
2572,5494,1999-11,7500,0,91846.5,0
2572,5494,1999-12,7500,0,91846.5,0
2572,5494,2000-01,7500,0,91846.5,0
2572,5494,2000-02,7500,0,91846.5,0
2572,5494,2000-03,7500,0,91846.5,0
2572,5494,2000-04,7500,0,91846.5,0
2572,5494,2000-05,7500,0,91846.5,0
2572,5494,2000-06,7500,0,91846.5,0
1766,5311,1996-07,501,0,23331.2,0
1766,5311,1996-08,501,0,25799.1,0
1766,5311,1996-09,501,0,26073.2,0
1766,5311,1996-10,501,0,18103.0,0
1766,5311,1996-11,501,0,21247.2,0
1766,5311,1996-12,501,0,27121.9,0
1766,5311,1997-01,501,0,19274.9,0
1766,5311,1997-02,501,0,23722.1,0
1766,5311,1997-03,501,0,21580.7,0
1766,5311,1997-04,501,0,22333.1,0
1766,5311,1997-05,501,0,24691.1,0
1766,5311,1997-06,501,0,22026.9,0
1766,5311,1997-07,501,0,23881.1,0
1766,5311,1997-08,501,0,16906.1,0
1766,5311,1997-09,501,0,23344.8,0
1766,5311,1997-10,501,0,27305.6,0
1766,5311,1997-11,501,0,29376.8,0
1766,5311,1997-12,501,0,29358.1,0
1766,5311,1998-01,501,0,17829.6,0
1766,5311,1998-02,501,0,25471.7,0
1766,5311,1998-03,501,0,25432.0,0
1766,5311,1998-04,501,0,22984.9,0
1766,5311,1998-05,501,0,22532.1,0
1766,5311,1998-06,501,0,22355.3,0
1766,5311,1998-07,501,0,22799.3,0
1766,5311,1998-08,501,0,21009.9,0
1766,5311,1998-09,501,0,35683.0,0
1766,5311,1998-10,501,0,35797.3,0
1766,5311,1998-11,501,0,39000.0,0
1766,5311,1998-12,501,0,45731.1,0
1766,5311,1999-01,501,0,45731.1,0
1766,5311,1999-02,501,0,45731.1,0
1766,5311,1999-03,501,0,45731.1,0
1766,5311,1999-04,501,0,45731.1,0
1766,5311,1999-05,501,0,45731.1,0
1766,5311,1999-06,501,0,45731.1,0
1766,5311,1999-07,501,0,45731.1,0
1766,5311,1999-08,501,0,45731.1,0
1766,5311,1999-09,501,0,45731.1,0
1766,5311,1999-10,501,0,45731.1,0
1766,5311,1999-11,501,0,45731.1,0
1766,5311,1999-12,501,0,45731.1,0
1766,5311,2000-01,501,0,45731.1,0
1766,5311,2000-02,501,0,45731.1,0
1766,5311,2000-03,501,0,45731.1,0
1766,5311,2000-04,501,0,45731.1,0
1766,5311,2000-05,501,0,45731.1,0
1766,5311,2000-06,501,0,45731.1,0
1766,5311,2000-07,501,0,45731.1,0
1766,5311,2000-08,501,0,45731.1,0
1766,5311,2000-09,501,0,45731.1,0
1766,5311,2000-10,501,0,45731.1,0
1766,5311,2000-11,501,0,45731.1,0
1766,5311,2000-12,501,0,45731.1,0
1766,5311,2001-01,501,0,45731.1,0
1766,5311,2001-02,501,0,45731.1,0
1766,5311,2001-03,501,0,45731.1,0
1766,5311,2001-04,501,0,45731.1,0
1766,5311,2001-05,501,0,45731.1,0
1766,5311,2001-06,501,0,45731.1,0
2322,5445,1996-07,1930,0,49058.0,0
2322,5445,1996-08,1930,0,24467.9,0
2322,5445,1996-09,1930,0,54373.1,0
2322,5445,1996-10,1930,0,67756.8,0
2322,5445,1996-11,1930,0,51271.2,0
2322,5445,1996-12,1930,0,24350.2,0
2322,5445,1997-01,1930,0,23844.5,0
2322,5445,1997-02,1930,0,24104.3,0
2322,5445,1997-03,1930,0,44630.1,0
2322,5445,1997-04,1930,0,56603.9,0
2322,5445,1997-05,1930,0,52880.4,0
2322,5445,1997-06,1930,0,34035.0,0
2322,5445,1997-07,1930,0,49883.1,0
2322,5445,1997-08,1930,0,59311.2,0
2322,5445,1997-09,1930,0,109180.2,0
2322,5445,1997-10,1930,0,87444.1,0
2322,5445,1997-11,1930,0,93081.4,0
2322,5445,1997-12,1930,0,109037.7,0
2322,5445,1998-01,1930,0,32077.2,0
2322,5445,1998-02,1930,0,31577.9,0
2322,5445,1998-03,1930,0,24720.7,0
2322,5445,1998-04,1930,0,25893.1,0
2322,5445,1998-05,1930,0,22560.9,0
2322,5445,1998-06,1930,0,21019.4,0
1698,5301,1996-08,3943,0,39502.3,0
1698,5301,1996-09,3943,0,30355.2,0
1698,5301,1996-10,3943,0,34828.1,0
1698,5301,1996-11,3943,0,31169.4,0
1698,5301,1996-12,3943,0,41565.8,0
1698,5301,1997-01,3943,0,29469.2,0
1698,5301,1997-02,3943,0,35242.0,0
1698,5301,1997-03,3943,0,38029.8,0
1698,5301,1997-04,3943,0,41232.8,0
1698,5301,1997-05,3943,0,42843.7,0
1698,5301,1997-06,3943,0,43715.5,0
1698,5301,1997-07,3943,0,41823.1,0
1698,5301,1997-08,3943,0,37312.3,0
1698,5301,1997-09,3943,0,41512.2,0
1698,5301,1997-10,3943,0,46239.0,0
1698,5301,1997-11,3943,0,37762.1,0
1698,5301,1997-12,3943,0,46497.8,0
1698,5301,1998-01,3943,0,35928.9,0
1698,5301,1998-02,3943,0,46051.6,0
1698,5301,1998-03,3943,0,46674.8,0
1698,5301,1998-04,3943,0,53931.7,0
1698,5301,1998-05,3943,0,54113.3,0
1698,5301,1998-06,3943,0,63257.3,0
1698,5301,1998-07,3943,0,56774.8,0
1698,5301,1998-08,3943,0,51321.1,0
1698,5301,1998-09,3943,0,48662.6,0
1698,5301,1998-10,3943,0,41650.0,0
1698,5301,1998-11,3943,0,41770.8,0
1698,5301,1998-12,3943,0,54674.1,0
1698,5301,1999-01,3943,0,54674.1,0
1698,5301,1999-02,3943,0,54674.1,0
1698,5301,1999-03,3943,0,54674.1,0
1698,5301,1999-04,3943,0,54674.1,0
1698,5301,1999-05,3943,0,54674.1,0
1698,5301,1999-06,3943,0,54674.1,0
1698,5301,1999-07,3943,0,54674.1,0
10001,7034,1996-08,529,0,38332.7,0
10001,7034,1996-09,529,0,38449.5,0
10001,7034,1996-10,529,0,38367.9,0
10001,7034,1996-11,529,0,37788.8,0
10001,7034,1996-12,529,0,49268.5,0
10001,7034,1997-01,529,0,39808.3,0
10001,7034,1997-02,529,0,42029.2,0
10001,7034,1997-03,529,0,45763.3,0
10001,7034,1997-04,529,0,48509.5,0
10001,7034,1997-05,529,0,46865.9,0
10001,7034,1997-06,529,0,52173.1,0
10001,7034,1997-07,529,0,54242.3,0
10001,7034,1997-08,529,0,57821.7,0
10001,7034,1997-09,529,0,52100.5,0
10001,7034,1997-10,529,0,60982.0,0
10001,7034,1997-11,529,0,65989.3,0
10001,7034,1997-12,529,0,67268.0,0
10001,7034,1998-01,529,0,50279.5,0
10001,7034,1998-02,529,0,61457.3,0
10001,7034,1998-03,529,0,67769.8,0
10001,7034,1998-04,529,0,69710.6,0
10001,7034,1998-05,529,0,70542.5,0
10001,7034,1998-06,529,0,70629.3,0
10001,7034,1998-07,529,0,70360.4,0
10001,7034,1998-08,529,0,65980.1,0
10001,7034,1998-09,529,0,71910.5,0
10001,7034,1998-10,529,0,72248.5,0
10001,7034,1998-11,529,0,77001.8,0
10001,7034,1998-12,529,0,78919.8,0
10001,7034,1999-01,529,0,78919.8,0
10001,7034,1999-02,529,0,78919.8,0
10001,7034,1999-03,529,0,78919.8,0
10001,7034,1999-04,529,0,78919.8,0
10001,7034,1999-05,529,0,78919.8,0
10001,7034,1999-06,529,0,78919.8,0
10001,7034,1999-07,529,0,78919.8,0
8680,6751,1996-08,2381,0,34330.6,0
8680,6751,1996-09,2381,0,30169.2,0
8680,6751,1996-10,2381,0,28998.9,0
8680,6751,1996-11,2381,0,25323.9,0
8680,6751,1996-12,2381,0,36440.6,0
8680,6751,1997-01,2381,0,19954.4,0
8680,6751,1997-02,2381,0,19803.7,0
8680,6751,1997-03,2381,0,19587.8,0
8680,6751,1997-04,2381,0,19521.0,0
8680,6751,1997-05,2381,0,19315.8,0
8680,6751,1997-06,2381,0,26336.6,0
8680,6751,1997-07,2381,0,25318.5,0
8680,6751,1997-08,2381,0,19989.6,0
8680,6751,1997-09,2381,0,15767.9,0
8680,6751,1997-10,2381,0,17798.7,0
8680,6751,1997-11,2381,0,15885.4,0
8680,6751,1997-12,2381,0,23517.7,0
8680,6751,1998-01,2381,0,20477.1,0
8680,6751,1998-02,2381,0,22149.9,0
8680,6751,1998-03,2381,0,22225.0,0
8680,6751,1998-04,2381,0,19179.4,0
8680,6751,1998-05,2381,0,21504.4,0
8680,6751,1998-06,2381,0,26860.0,0
8680,6751,1998-07,2381,0,22225.4,0
8680,6751,1998-08,2381,0,16956.4,0
8680,6751,1998-09,2381,0,17087.4,0
8680,6751,1998-10,2381,0,16364.9,0
8680,6751,1998-11,2381,0,16181.9,0
8680,6751,1998-12,2381,0,23226.2,0
8680,6751,1999-01,2381,0,23226.2,0
8680,6751,1999-02,2381,0,23226.2,0
8680,6751,1999-03,2381,0,23226.2,0
8680,6751,1999-04,2381,0,23226.2,0
8680,6751,1999-05,2381,0,23226.2,0
8680,6751,1999-06,2381,0,23226.2,0
8680,6751,1999-07,2381,0,23226.2,0
8127,6667,1996-08,6495,0,80941.0,0
8127,6667,1996-09,6495,0,108357.2,0
8127,6667,1996-10,6495,0,99386.0,0
8127,6667,1996-11,6495,0,50538.5,0
8127,6667,1996-12,6495,0,59804.0,0
8127,6667,1997-01,6495,0,39036.5,0
8127,6667,1997-02,6495,0,37826.5,0
8127,6667,1997-03,6495,0,55094.2,0
8127,6667,1997-04,6495,0,85545.8,0
8127,6667,1997-05,6495,0,70242.2,0
8127,6667,1997-06,6495,0,84249.1,0
8127,6667,1997-07,6495,0,58565.7,0
8127,6667,1997-08,6495,0,83006.4,0
8127,6667,1997-09,6495,0,75586.0,0
8127,6667,1997-10,6495,0,70547.8,0
8127,6667,1997-11,6495,0,59758.8,0
8127,6667,1997-12,6495,0,57035.3,0
8127,6667,1998-01,6495,0,48887.0,0
8127,6667,1998-02,6495,0,70388.1,0
8127,6667,1998-03,6495,0,62601.6,0
8127,6667,1998-04,6495,0,73628.2,0
8127,6667,1998-05,6495,0,65981.0,0
8127,6667,1998-06,6495,0,56400.7,0
8127,6667,1998-07,6495,0,62408.9,0
5541,6130,1996-08,680,0,24741.9,0
5541,6130,1996-09,680,0,28136.9,0
5541,6130,1996-10,680,0,30744.3,0
5541,6130,1996-11,680,0,29253.9,0
5541,6130,1996-12,680,0,35447.8,0
5541,6130,1997-01,680,0,29064.4,0
5541,6130,1997-02,680,0,37387.8,0
5541,6130,1997-03,680,0,38830.4,0
5541,6130,1997-04,680,0,40080.6,0
5541,6130,1997-05,680,0,42035.5,0
5541,6130,1997-06,680,0,24031.8,0
5541,6130,1997-07,680,0,38454.8,0
5541,6130,1997-08,680,0,46018.9,0
5541,6130,1997-09,680,0,49301.7,0
5541,6130,1997-10,680,0,50197.0,0
5541,6130,1997-11,680,0,50286.7,0
5541,6130,1997-12,680,0,46640.1,0
5541,6130,1998-01,680,0,30586.0,0
5541,6130,1998-02,680,0,31898.4,0
5541,6130,1998-03,680,0,39837.5,0
5541,6130,1998-04,680,0,43296.9,0
5541,6130,1998-05,680,0,42973.2,0
5541,6130,1998-06,680,0,23067.9,0
5541,6130,1998-07,680,0,43110.6,0
5541,6130,1998-08,680,0,49791.8,0
5541,6130,1998-09,680,0,55798.1,0
5541,6130,1998-10,680,0,60324.5,0
5541,6130,1998-11,680,0,59163.3,0
5541,6130,1998-12,680,0,65176.8,0
5541,6130,1999-01,680,0,65176.8,0
5541,6130,1999-02,680,0,65176.8,0
5541,6130,1999-03,680,0,65176.8,0
5541,6130,1999-04,680,0,65176.8,0
5541,6130,1999-05,680,0,65176.8,0
5541,6130,1999-06,680,0,65176.8,0
5541,6130,1999-07,680,0,65176.8,0
5541,6130,1999-08,680,0,65176.8,0
5541,6130,1999-09,680,0,65176.8,0
5541,6130,1999-10,680,0,65176.8,0
5541,6130,1999-11,680,0,65176.8,0
5541,6130,1999-12,680,0,65176.8,0
5541,6130,2000-01,680,0,65176.8,0
5541,6130,2000-02,680,0,65176.8,0
5541,6130,2000-03,680,0,65176.8,0
5541,6130,2000-04,680,0,65176.8,0
5541,6130,2000-05,680,0,65176.8,0
5541,6130,2000-06,680,0,65176.8,0
5541,6130,2000-07,680,0,65176.8,0
2268,5429,1996-08,561,0,64161.7,0
2268,5429,1996-09,561,0,64056.6,0
2268,5429,1996-10,561,0,61545.9,0
2268,5429,1996-11,561,0,62334.9,0
2268,5429,1996-12,561,0,71370.0,0
2268,5429,1997-01,561,0,70190.7,0
2268,5429,1997-02,561,0,67269.7,0
2268,5429,1997-03,561,0,61665.9,0
2268,5429,1997-04,561,0,64160.1,0
2268,5429,1997-05,561,0,65558.9,0
2268,5429,1997-06,561,0,70688.5,0
2268,5429,1997-07,561,0,46898.0,0
2268,5429,1997-08,561,0,43158.6,0
2268,5429,1997-09,561,0,37201.5,0
2268,5429,1997-10,561,0,34517.4,0
2268,5429,1997-11,561,0,33823.7,0
2268,5429,1997-12,561,0,39888.1,0
2268,5429,1998-01,561,0,39713.2,0
2268,5429,1998-02,561,0,38437.7,0
2268,5429,1998-03,561,0,41965.6,0
2268,5429,1998-04,561,0,38204.2,0
2268,5429,1998-05,561,0,40323.5,0
2268,5429,1998-06,561,0,39794.3,0
2268,5429,1998-07,561,0,38614.1,0
2268,5429,1998-08,561,0,36723.4,0
2268,5429,1998-09,561,0,40137.7,0
2268,5429,1998-10,561,0,45662.1,0
2268,5429,1998-11,561,0,46804.1,0
2268,5429,1998-12,561,0,74334.4,0
2268,5429,1999-01,561,0,74334.4,0
2268,5429,1999-02,561,0,74334.4,0
2268,5429,1999-03,561,0,74334.4,0
2268,5429,1999-04,561,0,74334.4,0
2268,5429,1999-05,561,0,74334.4,0
2268,5429,1999-06,561,0,74334.4,0
2268,5429,1999-07,561,0,74334.4,0
3679,5725,1996-08,9268,0,41739.0,0
3679,5725,1996-09,9268,0,43277.8,0
3679,5725,1996-10,9268,0,41290.7,0
3679,5725,1996-11,9268,0,39534.3,0
3679,5725,1996-12,9268,0,44554.4,0
3679,5725,1997-01,9268,0,23754.3,0
3679,5725,1997-02,9268,0,27222.7,0
3679,5725,1997-03,9268,0,26996.3,0
3679,5725,1997-04,9268,0,23032.0,0
3679,5725,1997-05,9268,0,18536.1,0
3679,5725,1997-06,9268,0,28320.5,0
3679,5725,1997-07,9268,0,25468.6,0
3679,5725,1997-08,9268,0,20429.9,0
3679,5725,1997-09,9268,0,22658.8,0
3679,5725,1997-10,9268,0,24319.0,0
3679,5725,1997-11,9268,0,23776.0,0
3679,5725,1997-12,9268,0,36131.2,0
3679,5725,1998-01,9268,0,28069.9,0
3679,5725,1998-02,9268,0,27120.1,0
3679,5725,1998-03,9268,0,32387.0,0
3679,5725,1998-04,9268,0,37876.2,0
3679,5725,1998-05,9268,0,43576.0,0
3679,5725,1998-06,9268,0,51335.0,0
3679,5725,1998-07,9268,0,37740.6,0
3679,5725,1998-08,9268,0,37031.5,0
3679,5725,1998-09,9268,0,36720.7,0
3679,5725,1998-10,9268,0,41811.7,0
3679,5725,1998-11,9268,0,46341.5,0
3679,5725,1998-12,9268,0,43773.1,0
3679,5725,1999-01,9268,0,43773.1,0
3679,5725,1999-02,9268,0,43773.1,0
3679,5725,1999-03,9268,0,43773.1,0
3679,5725,1999-04,9268,0,43773.1,0
3679,5725,1999-05,9268,0,43773.1,0
3679,5725,1999-06,9268,0,43773.1,0
3679,5725,1999-07,9268,0,43773.1,0
3679,5725,1999-08,9268,0,43773.1,0
3679,5725,1999-09,9268,0,43773.1,0
3679,5725,1999-10,9268,0,43773.1,0
3679,5725,1999-11,9268,0,43773.1,0
3679,5725,1999-12,9268,0,43773.1,0
3679,5725,2000-01,9268,0,43773.1,0
3679,5725,2000-02,9268,0,43773.1,0
3679,5725,2000-03,9268,0,43773.1,0
3679,5725,2000-04,9268,0,43773.1,0
3679,5725,2000-05,9268,0,43773.1,0
3679,5725,2000-06,9268,0,43773.1,0
3679,5725,2000-07,9268,0,43773.1,0
5033,6019,1996-08,950,0,24174.7,0
5033,6019,1996-09,950,0,25204.5,0
5033,6019,1996-10,950,0,17229.0,0
5033,6019,1996-11,950,0,16122.0,0
5033,6019,1996-12,950,0,17504.4,0
5033,6019,1997-01,950,0,16603.9,0
5033,6019,1997-02,950,0,15099.7,0
5033,6019,1997-03,950,0,15790.8,0
5033,6019,1997-04,950,0,19788.1,0
5033,6019,1997-05,950,0,17887.9,0
5033,6019,1997-06,950,0,23281.1,0
5033,6019,1997-07,950,0,25306.9,0
6985,6421,1996-08,2688,0,114080.8,0
6985,6421,1996-09,2688,0,36103.8,0
6985,6421,1996-10,2688,0,24149.0,0
6985,6421,1996-11,2688,0,34187.2,0
6985,6421,1996-12,2688,0,38944.9,0
6985,6421,1997-01,2688,0,67469.1,0
6985,6421,1997-02,2688,0,89100.6,0
6985,6421,1997-03,2688,0,54624.1,0
6985,6421,1997-04,2688,0,103110.2,0
6985,6421,1997-05,2688,0,70147.3,0
6985,6421,1997-06,2688,0,43905.8,0
6985,6421,1997-07,2688,0,54550.2,0
6985,6421,1997-08,2688,0,67764.7,0
6985,6421,1997-09,2688,0,54260.5,0
6985,6421,1997-10,2688,0,55672.1,0
6985,6421,1997-11,2688,0,62566.4,0
6985,6421,1997-12,2688,0,84903.5,0
6985,6421,1998-01,2688,0,107194.5,0
6985,6421,1998-02,2688,0,109409.4,0
6985,6421,1998-03,2688,0,82398.3,0
6985,6421,1998-04,2688,0,70143.2,0
6985,6421,1998-05,2688,0,59098.2,0
6985,6421,1998-06,2688,0,23906.2,0
6985,6421,1998-07,2688,0,8092.1,0
6985,6421,1998-08,2688,0,64131.1,0
6985,6421,1998-09,2688,0,35099.2,0
6985,6421,1998-10,2688,0,62055.2,0
6985,6421,1998-11,2688,0,37562.3,0
6985,6421,1998-12,2688,0,64959.0,0
6985,6421,1999-01,2688,0,64959.0,0
6985,6421,1999-02,2688,0,64959.0,0
6985,6421,1999-03,2688,0,64959.0,0
6985,6421,1999-04,2688,0,64959.0,0
6985,6421,1999-05,2688,0,64959.0,0
6985,6421,1999-06,2688,0,64959.0,0
6985,6421,1999-07,2688,0,64959.0,0
9790,6992,1996-08,2791,0,61002.2,0
9790,6992,1996-09,2791,0,50882.6,0
9790,6992,1996-10,2791,0,103278.4,0
9790,6992,1996-11,2791,0,91606.4,0
9790,6992,1996-12,2791,0,87212.6,0
9790,6992,1997-01,2791,0,21048.0,0
9790,6992,1997-02,2791,0,18539.8,0
9790,6992,1997-03,2791,0,93048.6,0
9790,6992,1997-04,2791,0,40048.9,0
9790,6992,1997-05,2791,0,81031.6,0
9790,6992,1997-06,2791,0,44962.3,0
9790,6992,1997-07,2791,0,41734.4,0
9790,6992,1997-08,2791,0,44889.2,0
9790,6992,1997-09,2791,0,29918.9,0
9790,6992,1997-10,2791,0,65490.5,0
9790,6992,1997-11,2791,0,44666.7,0
9790,6992,1997-12,2791,0,43000.0,0
9790,6992,1998-01,2791,0,58626.2,0
9790,6992,1998-02,2791,0,51428.3,0
9790,6992,1998-03,2791,0,45757.4,0
9790,6992,1998-04,2791,0,71284.0,0
9790,6992,1998-05,2791,0,69002.1,0
9790,6992,1998-06,2791,0,57978.2,0
9790,6992,1998-07,2791,0,76962.1,0
9790,6992,1998-08,2791,0,88380.1,0
9790,6992,1998-09,2791,0,82991.3,0
9790,6992,1998-10,2791,0,107912.4,0
9790,6992,1998-11,2791,0,92213.3,0
9790,6992,1998-12,2791,0,64329.5,0
9790,6992,1999-01,2791,0,64329.5,0
9790,6992,1999-02,2791,0,64329.5,0
9790,6992,1999-03,2791,0,64329.5,0
9790,6992,1999-04,2791,0,64329.5,0
9790,6992,1999-05,2791,0,64329.5,0
9790,6992,1999-06,2791,0,64329.5,0
9790,6992,1999-07,2791,0,64329.5,0
9790,6992,1999-08,2791,0,64329.5,0
9790,6992,1999-09,2791,0,64329.5,0
9790,6992,1999-10,2791,0,64329.5,0
9790,6992,1999-11,2791,0,64329.5,0
9790,6992,1999-12,2791,0,64329.5,0
9790,6992,2000-01,2791,0,64329.5,0
9790,6992,2000-02,2791,0,64329.5,0
9790,6992,2000-03,2791,0,64329.5,0
9790,6992,2000-04,2791,0,64329.5,0
9790,6992,2000-05,2791,0,64329.5,0
9790,6992,2000-06,2791,0,64329.5,0
9790,6992,2000-07,2791,0,64329.5,0
846,5136,1996-08,7796,0,102868.3,0
846,5136,1996-09,7796,0,82155.3,0
846,5136,1996-10,7796,0,22753.7,0
846,5136,1996-11,7796,0,47482.2,0
846,5136,1996-12,7796,0,72644.0,0
846,5136,1997-01,7796,0,27444.4,0
846,5136,1997-02,7796,0,21834.1,0
846,5136,1997-03,7796,0,20511.0,0
846,5136,1997-04,7796,0,19783.9,0
846,5136,1997-05,7796,0,32990.5,0
846,5136,1997-06,7796,0,46013.2,0
846,5136,1997-07,7796,0,39777.0,0
846,5136,1997-08,7796,0,36808.1,0
846,5136,1997-09,7796,0,61138.3,0
846,5136,1997-10,7796,0,67049.5,0
846,5136,1997-11,7796,0,57715.1,0
846,5136,1997-12,7796,0,86568.9,0
846,5136,1998-01,7796,0,87667.1,0
846,5136,1998-02,7796,0,75845.1,0
846,5136,1998-03,7796,0,81186.1,0
846,5136,1998-04,7796,0,84065.2,0
846,5136,1998-05,7796,0,67485.6,0
846,5136,1998-06,7796,0,52839.7,0
846,5136,1998-07,7796,0,69740.6,0
1886,5337,1996-08,4513,0,26235.7,0
1886,5337,1996-09,4513,0,32807.3,0
1886,5337,1996-10,4513,0,43611.2,0
1886,5337,1996-11,4513,0,46623.7,0
1886,5337,1996-12,4513,0,22251.4,0
1886,5337,1997-01,4513,0,28735.5,0
1886,5337,1997-02,4513,0,47245.7,0
1886,5337,1997-03,4513,0,25087.2,0
1886,5337,1997-04,4513,0,26882.1,0
1886,5337,1997-05,4513,0,28076.4,0
1886,5337,1997-06,4513,0,28528.3,0
1886,5337,1997-07,4513,0,27732.7,0
1886,5337,1997-08,4513,0,23929.2,0
1886,5337,1997-09,4513,0,21099.1,0
1886,5337,1997-10,4513,0,23770.0,0
1886,5337,1997-11,4513,0,26342.9,0
1886,5337,1997-12,4513,0,36303.7,0
1886,5337,1998-01,4513,0,20576.3,0
1886,5337,1998-02,4513,0,22196.9,0
1886,5337,1998-03,4513,0,29274.2,0
1886,5337,1998-04,4513,0,29372.7,0
1886,5337,1998-05,4513,0,25996.2,0
1886,5337,1998-06,4513,0,32242.0,0
1886,5337,1998-07,4513,0,24628.0,0
1886,5337,1998-08,4513,0,22197.7,0
1886,5337,1998-09,4513,0,22759.4,0
1886,5337,1998-10,4513,0,18415.5,0
1886,5337,1998-11,4513,0,36886.1,0
1886,5337,1998-12,4513,0,49269.6,0
1886,5337,1999-01,4513,0,49269.6,0
1886,5337,1999-02,4513,0,49269.6,0
1886,5337,1999-03,4513,0,49269.6,0
1886,5337,1999-04,4513,0,49269.6,0
1886,5337,1999-05,4513,0,49269.6,0
1886,5337,1999-06,4513,0,49269.6,0
1886,5337,1999-07,4513,0,49269.6,0
2580,5495,1996-09,1489,0,45434.1,0
2580,5495,1996-10,1489,0,44518.7,0
2580,5495,1996-11,1489,0,40630.6,0
2580,5495,1996-12,1489,0,51001.3,0
2580,5495,1997-01,1489,0,29722.5,0
2580,5495,1997-02,1489,0,43202.4,0
2580,5495,1997-03,1489,0,53348.1,0
2580,5495,1997-04,1489,0,52113.3,0
2580,5495,1997-05,1489,0,53459.6,0
2580,5495,1997-06,1489,0,34449.2,0
2580,5495,1997-07,1489,0,41500.9,0
2580,5495,1997-08,1489,0,53234.3,0
2580,5495,1997-09,1489,0,57891.3,0
2580,5495,1997-10,1489,0,64668.8,0
2580,5495,1997-11,1489,0,65986.4,0
2580,5495,1997-12,1489,0,66838.0,0
2580,5495,1998-01,1489,0,53708.8,0
2580,5495,1998-02,1489,0,59967.6,0
2580,5495,1998-03,1489,0,65735.3,0
2580,5495,1998-04,1489,0,70816.9,0
2580,5495,1998-05,1489,0,72945.0,0
2580,5495,1998-06,1489,0,45356.2,0
2580,5495,1998-07,1489,0,53178.3,0
2580,5495,1998-08,1489,0,60739.5,0
2580,5495,1998-09,1489,0,60432.5,0
2580,5495,1998-10,1489,0,61013.9,0
2580,5495,1998-11,1489,0,64908.6,0
2580,5495,1998-12,1489,0,65427.5,0
2580,5495,1999-01,1489,0,65427.5,0
2580,5495,1999-02,1489,0,65427.5,0
2580,5495,1999-03,1489,0,65427.5,0
2580,5495,1999-04,1489,0,65427.5,0
2580,5495,1999-05,1489,0,65427.5,0
2580,5495,1999-06,1489,0,65427.5,0
2580,5495,1999-07,1489,0,65427.5,0
2580,5495,1999-08,1489,0,65427.5,0
2580,5495,1999-09,1489,0,65427.5,0
2580,5495,1999-10,1489,0,65427.5,0
2580,5495,1999-11,1489,0,65427.5,0
2580,5495,1999-12,1489,0,65427.5,0
2580,5495,2000-01,1489,0,65427.5,0
2580,5495,2000-02,1489,0,65427.5,0
2580,5495,2000-03,1489,0,65427.5,0
2580,5495,2000-04,1489,0,65427.5,0
2580,5495,2000-05,1489,0,65427.5,0
2580,5495,2000-06,1489,0,65427.5,0
2580,5495,2000-07,1489,0,65427.5,0
2580,5495,2000-08,1489,0,65427.5,0
2580,5495,2000-09,1489,0,65427.5,0
2580,5495,2000-10,1489,0,65427.5,0
2580,5495,2000-11,1489,0,65427.5,0
2580,5495,2000-12,1489,0,65427.5,0
2580,5495,2001-01,1489,0,65427.5,0
2580,5495,2001-02,1489,0,65427.5,0
2580,5495,2001-03,1489,0,65427.5,0
2580,5495,2001-04,1489,0,65427.5,0
2580,5495,2001-05,1489,0,65427.5,0
2580,5495,2001-06,1489,0,65427.5,0
2580,5495,2001-07,1489,0,65427.5,0
2580,5495,2001-08,1489,0,65427.5,0
9928,7013,1996-09,1489,0,46144.9,0
9928,7013,1996-10,1489,0,45232.4,0
9928,7013,1996-11,1489,0,41347.2,0
9928,7013,1996-12,1489,0,51720.8,0
9928,7013,1997-01,1489,0,30444.8,0
9928,7013,1997-02,1489,0,43927.7,0
9928,7013,1997-03,1489,0,54076.2,0
9928,7013,1997-04,1489,0,52844.2,0
9928,7013,1997-05,1489,0,54193.2,0
9928,7013,1997-06,1489,0,35185.5,0
9928,7013,1997-07,1489,0,42240.0,0
9928,7013,1997-08,1489,0,53976.0,0
9928,7013,1997-09,1489,0,58635.8,0
9928,7013,1997-10,1489,0,65415.9,0
9928,7013,1997-11,1489,0,66736.1,0
9928,7013,1997-12,1489,0,67590.5,0
9928,7013,1998-01,1489,0,54463.9,0
9928,7013,1998-02,1489,0,60725.3,0
9928,7013,1998-03,1489,0,66495.8,0
9928,7013,1998-04,1489,0,71580.0,0
9928,7013,1998-05,1489,0,73710.8,0
9928,7013,1998-06,1489,0,46124.7,0
9928,7013,1998-07,1489,0,53949.5,0
9928,7013,1998-08,1489,0,61513.5,0
9928,7013,1998-09,1489,0,61209.2,0
9928,7013,1998-10,1489,0,61793.3,0
9928,7013,1998-11,1489,0,65690.6,0
9928,7013,1998-12,1489,0,66212.2,0
9928,7013,1999-01,1489,0,66212.2,0
9928,7013,1999-02,1489,0,66212.2,0
9928,7013,1999-03,1489,0,66212.2,0
9928,7013,1999-04,1489,0,66212.2,0
9928,7013,1999-05,1489,0,66212.2,0
9928,7013,1999-06,1489,0,66212.2,0
9928,7013,1999-07,1489,0,66212.2,0
9928,7013,1999-08,1489,0,66212.2,0
9928,7013,1999-09,1489,0,66212.2,0
9928,7013,1999-10,1489,0,66212.2,0
9928,7013,1999-11,1489,0,66212.2,0
9928,7013,1999-12,1489,0,66212.2,0
9928,7013,2000-01,1489,0,66212.2,0
9928,7013,2000-02,1489,0,66212.2,0
9928,7013,2000-03,1489,0,66212.2,0
9928,7013,2000-04,1489,0,66212.2,0
9928,7013,2000-05,1489,0,66212.2,0
9928,7013,2000-06,1489,0,66212.2,0
9928,7013,2000-07,1489,0,66212.2,0
9928,7013,2000-08,1489,0,66212.2,0
9928,7013,2000-09,1489,0,66212.2,0
9928,7013,2000-10,1489,0,66212.2,0
9928,7013,2000-11,1489,0,66212.2,0
9928,7013,2000-12,1489,0,66212.2,0
9928,7013,2001-01,1489,0,66212.2,0
9928,7013,2001-02,1489,0,66212.2,0
9928,7013,2001-03,1489,0,66212.2,0
9928,7013,2001-04,1489,0,66212.2,0
9928,7013,2001-05,1489,0,66212.2,0
9928,7013,2001-06,1489,0,66212.2,0
9928,7013,2001-07,1489,0,66212.2,0
9928,7013,2001-08,1489,0,66212.2,0
4994,6012,1996-09,7179,0,35054.3,0
4994,6012,1996-10,7179,0,27069.0,0
4994,6012,1996-11,7179,0,71941.6,0
4994,6012,1996-12,7179,0,41653.3,0
4994,6012,1997-01,7179,0,61804.3,0
4994,6012,1997-02,7179,0,70385.3,0
4994,6012,1997-03,7179,0,39239.8,0
4994,6012,1997-04,7179,0,42496.3,0
4994,6012,1997-05,7179,0,63399.6,0
4994,6012,1997-06,7179,0,38840.0,0
4994,6012,1997-07,7179,0,73093.3,0
4994,6012,1997-08,7179,0,70286.3,0
4994,6012,1997-09,7179,0,69912.7,0
4994,6012,1997-10,7179,0,101966.4,0
4994,6012,1997-11,7179,0,84090.6,0
4994,6012,1997-12,7179,0,73785.9,0
4994,6012,1998-01,7179,0,41580.5,0
4994,6012,1998-02,7179,0,34542.7,0
4994,6012,1998-03,7179,0,24685.7,0
4994,6012,1998-04,7179,0,53317.2,0
4994,6012,1998-05,7179,0,80892.3,0
4994,6012,1998-06,7179,0,66699.9,0
4994,6012,1998-07,7179,0,58883.4,0
4994,6012,1998-08,7179,0,77243.3,0
4994,6012,1998-09,7179,0,60775.6,0
4994,6012,1998-10,7179,0,52240.8,0
4994,6012,1998-11,7179,0,57519.8,0
4994,6012,1998-12,7179,0,32733.6,0
4994,6012,1999-01,7179,0,32733.6,0
4994,6012,1999-02,7179,0,32733.6,0
4994,6012,1999-03,7179,0,32733.6,0
4994,6012,1999-04,7179,0,32733.6,0
4994,6012,1999-05,7179,0,32733.6,0
4994,6012,1999-06,7179,0,32733.6,0
4994,6012,1999-07,7179,0,32733.6,0
4994,6012,1999-08,7179,0,32733.6,0
7184,6471,1996-09,6485,0,32742.0,0
7184,6471,1996-10,6485,0,29497.7,0
7184,6471,1996-11,6485,0,25660.5,0
7184,6471,1996-12,6485,0,24491.2,0
7184,6471,1997-01,6485,0,19779.9,0
7184,6471,1997-02,6485,0,13666.5,0
7184,6471,1997-03,6485,0,14650.8,0
7184,6471,1997-04,6485,0,16139.9,0
7184,6471,1997-05,6485,0,15327.5,0
7184,6471,1997-06,6485,0,17922.5,0
7184,6471,1997-07,6485,0,13303.4,0
7184,6471,1997-08,6485,0,10067.7,0
7184,6471,1997-09,6485,0,20363.7,0
7184,6471,1997-10,6485,0,14345.4,0
7184,6471,1997-11,6485,0,11210.5,0
7184,6471,1997-12,6485,0,18095.7,0
7184,6471,1998-01,6485,0,22173.9,0
7184,6471,1998-02,6485,0,32522.5,0
7184,6471,1998-03,6485,0,20286.0,0
7184,6471,1998-04,6485,0,30623.5,0
7184,6471,1998-05,6485,0,41003.8,0
7184,6471,1998-06,6485,0,16268.1,0
7184,6471,1998-07,6485,0,26588.2,0
7184,6471,1998-08,6485,0,39144.3,0
6358,6296,1996-09,5633,0,26131.9,0
6358,6296,1996-10,5633,0,29566.6,0
6358,6296,1996-11,5633,0,32781.0,0
6358,6296,1996-12,5633,0,28497.5,0
6358,6296,1997-01,5633,0,27292.2,0
6358,6296,1997-02,5633,0,32798.6,0
6358,6296,1997-03,5633,0,39332.7,0
6358,6296,1997-04,5633,0,36156.8,0
6358,6296,1997-05,5633,0,43505.3,0
6358,6296,1997-06,5633,0,48795.4,0
6358,6296,1997-07,5633,0,33529.6,0
6358,6296,1997-08,5633,0,31153.6,0
6358,6296,1997-09,5633,0,41996.7,0
6358,6296,1997-10,5633,0,40788.0,0
6358,6296,1997-11,5633,0,35164.2,0
6358,6296,1997-12,5633,0,46213.2,0
6358,6296,1998-01,5633,0,37374.8,0
6358,6296,1998-02,5633,0,41320.4,0
6358,6296,1998-03,5633,0,43371.0,0
6358,6296,1998-04,5633,0,34505.1,0
6358,6296,1998-05,5633,0,31616.0,0
6358,6296,1998-06,5633,0,36104.1,0
6358,6296,1998-07,5633,0,35229.5,0
6358,6296,1998-08,5633,0,33250.0,0
6358,6296,1998-09,5633,0,28664.2,0
6358,6296,1998-10,5633,0,36190.0,0
6358,6296,1998-11,5633,0,24899.9,0
6358,6296,1998-12,5633,0,36829.3,0
6358,6296,1999-01,5633,0,36829.3,0
6358,6296,1999-02,5633,0,36829.3,0
6358,6296,1999-03,5633,0,36829.3,0
6358,6296,1999-04,5633,0,36829.3,0
6358,6296,1999-05,5633,0,36829.3,0
6358,6296,1999-06,5633,0,36829.3,0
6358,6296,1999-07,5633,0,36829.3,0
6358,6296,1999-08,5633,0,36829.3,0
6358,6296,1999-09,5633,0,36829.3,0
6358,6296,1999-10,5633,0,36829.3,0
6358,6296,1999-11,5633,0,36829.3,0
6358,6296,1999-12,5633,0,36829.3,0
6358,6296,2000-01,5633,0,36829.3,0
6358,6296,2000-02,5633,0,36829.3,0
6358,6296,2000-03,5633,0,36829.3,0
6358,6296,2000-04,5633,0,36829.3,0
6358,6296,2000-05,5633,0,36829.3,0
6358,6296,2000-06,5633,0,36829.3,0
6358,6296,2000-07,5633,0,36829.3,0
6358,6296,2000-08,5633,0,36829.3,0
11359,7305,1996-09,4502,0,26217.7,0
11359,7305,1996-10,4502,0,32573.8,0
11359,7305,1996-11,4502,0,28738.1,0
11359,7305,1996-12,4502,0,36422.4,0
11359,7305,1997-01,4502,0,18947.5,0
11359,7305,1997-02,4502,0,24766.9,0
11359,7305,1997-03,4502,0,31416.1,0
11359,7305,1997-04,4502,0,31278.9,0
11359,7305,1997-05,4502,0,30439.7,0
11359,7305,1997-06,4502,0,29815.0,0
11359,7305,1997-07,4502,0,19980.1,0
11359,7305,1997-08,4502,0,21601.9,0
5593,6144,1996-09,3698,0,36189.5,0
5593,6144,1996-10,3698,0,19048.1,0
5593,6144,1996-11,3698,0,18850.9,0
5593,6144,1996-12,3698,0,60944.9,0
5593,6144,1997-01,3698,0,87841.0,0
5593,6144,1997-02,3698,0,56494.8,0
5593,6144,1997-03,3698,0,46470.3,0
5593,6144,1997-04,3698,0,83897.0,0
5593,6144,1997-05,3698,0,57436.0,0
5593,6144,1997-06,3698,0,94886.9,0
5593,6144,1997-07,3698,0,45907.8,0
5593,6144,1997-08,3698,0,96971.6,0
6289,6283,1996-09,1784,0,89294.3,0
6289,6283,1996-10,1784,0,70150.2,0
6289,6283,1996-11,1784,0,72073.1,0
6289,6283,1996-12,1784,0,65393.7,0
6289,6283,1997-01,1784,0,29649.1,0
6289,6283,1997-02,1784,0,49513.6,0
6289,6283,1997-03,1784,0,48876.6,0
6289,6283,1997-04,1784,0,50480.5,0
6289,6283,1997-05,1784,0,45283.8,0
6289,6283,1997-06,1784,0,28929.2,0
6289,6283,1997-07,1784,0,22755.7,0
6289,6283,1997-08,1784,0,28828.8,0
6289,6283,1997-09,1784,0,28442.2,0
6289,6283,1997-10,1784,0,13740.2,0
6289,6283,1997-11,1784,0,24009.4,0
6289,6283,1997-12,1784,0,29303.0,0
6289,6283,1998-01,1784,0,80493.7,0
6289,6283,1998-02,1784,0,51257.8,0
6289,6283,1998-03,1784,0,113217.7,0
6289,6283,1998-04,1784,0,55297.3,0
6289,6283,1998-05,1784,0,45551.1,0
6289,6283,1998-06,1784,0,93050.8,0
6289,6283,1998-07,1784,0,72270.7,0
6289,6283,1998-08,1784,0,114721.4,0
6289,6283,1998-09,1784,0,76996.1,0
6289,6283,1998-10,1784,0,97403.8,0
6289,6283,1998-11,1784,0,98788.4,0
6289,6283,1998-12,1784,0,73347.3,0
6289,6283,1999-01,1784,0,73347.3,0
6289,6283,1999-02,1784,0,73347.3,0
6289,6283,1999-03,1784,0,73347.3,0
6289,6283,1999-04,1784,0,73347.3,0
6289,6283,1999-05,1784,0,73347.3,0
6289,6283,1999-06,1784,0,73347.3,0
6289,6283,1999-07,1784,0,73347.3,0
6289,6283,1999-08,1784,0,73347.3,0
6289,6283,1999-09,1784,0,73347.3,0
6289,6283,1999-10,1784,0,73347.3,0
6289,6283,1999-11,1784,0,73347.3,0
6289,6283,1999-12,1784,0,73347.3,0
6289,6283,2000-01,1784,0,73347.3,0
6289,6283,2000-02,1784,0,73347.3,0
6289,6283,2000-03,1784,0,73347.3,0
6289,6283,2000-04,1784,0,73347.3,0
6289,6283,2000-05,1784,0,73347.3,0
6289,6283,2000-06,1784,0,73347.3,0
6289,6283,2000-07,1784,0,73347.3,0
6289,6283,2000-08,1784,0,73347.3,0
11054,7246,1996-09,2482,0,27335.9,0
11054,7246,1996-10,2482,0,19855.1,0
11054,7246,1996-11,2482,0,24937.7,0
11054,7246,1996-12,2482,0,25299.4,0
11054,7246,1997-01,2482,0,21063.0,0
11054,7246,1997-02,2482,0,25432.2,0
11054,7246,1997-03,2482,0,27618.3,0
11054,7246,1997-04,2482,0,27011.6,0
11054,7246,1997-05,2482,0,24627.5,0
11054,7246,1997-06,2482,0,30567.4,0
11054,7246,1997-07,2482,0,33369.4,0
11054,7246,1997-08,2482,0,28898.5,0
11054,7246,1997-09,2482,0,31607.0,0
11054,7246,1997-10,2482,0,35012.7,0
11054,7246,1997-11,2482,0,40543.4,0
11054,7246,1997-12,2482,0,43633.2,0
11054,7246,1998-01,2482,0,25467.7,0
11054,7246,1998-02,2482,0,35765.5,0
11054,7246,1998-03,2482,0,32263.3,0
11054,7246,1998-04,2482,0,34659.1,0
11054,7246,1998-05,2482,0,40789.9,0
11054,7246,1998-06,2482,0,23140.0,0
11054,7246,1998-07,2482,0,34231.4,0
11054,7246,1998-08,2482,0,20673.7,0
11054,7246,1998-09,2482,0,31456.3,0
11054,7246,1998-10,2482,0,36273.1,0
11054,7246,1998-11,2482,0,44516.8,0
11054,7246,1998-12,2482,0,53050.4,0
11054,7246,1999-01,2482,0,53050.4,0
11054,7246,1999-02,2482,0,53050.4,0
11054,7246,1999-03,2482,0,53050.4,0
11054,7246,1999-04,2482,0,53050.4,0
11054,7246,1999-05,2482,0,53050.4,0
11054,7246,1999-06,2482,0,53050.4,0
11054,7246,1999-07,2482,0,53050.4,0
11054,7246,1999-08,2482,0,53050.4,0
11054,7246,1999-09,2482,0,53050.4,0
11054,7246,1999-10,2482,0,53050.4,0
11054,7246,1999-11,2482,0,53050.4,0
11054,7246,1999-12,2482,0,53050.4,0
11054,7246,2000-01,2482,0,53050.4,0
11054,7246,2000-02,2482,0,53050.4,0
11054,7246,2000-03,2482,0,53050.4,0
11054,7246,2000-04,2482,0,53050.4,0
11054,7246,2000-05,2482,0,53050.4,0
11054,7246,2000-06,2482,0,53050.4,0
11054,7246,2000-07,2482,0,53050.4,0
11054,7246,2000-08,2482,0,53050.4,0
11054,7246,2000-09,2482,0,53050.4,0
11054,7246,2000-10,2482,0,53050.4,0
11054,7246,2000-11,2482,0,53050.4,0
11054,7246,2000-12,2482,0,53050.4,0
11054,7246,2001-01,2482,0,53050.4,0
11054,7246,2001-02,2482,0,53050.4,0
11054,7246,2001-03,2482,0,53050.4,0
11054,7246,2001-04,2482,0,53050.4,0
11054,7246,2001-05,2482,0,53050.4,0
11054,7246,2001-06,2482,0,53050.4,0
11054,7246,2001-07,2482,0,53050.4,0
11054,7246,2001-08,2482,0,53050.4,0
544,5088,1996-09,3798,0,53354.5,0
544,5088,1996-10,3798,0,49605.9,0
544,5088,1996-11,3798,0,42865.4,0
544,5088,1996-12,3798,0,64673.3,0
544,5088,1997-01,3798,0,54312.0,0
544,5088,1997-02,3798,0,65144.4,0
544,5088,1997-03,3798,0,49536.1,0
544,5088,1997-04,3798,0,64461.2,0
544,5088,1997-05,3798,0,72327.9,0
544,5088,1997-06,3798,0,88145.0,0
544,5088,1997-07,3798,0,68710.3,0
544,5088,1997-08,3798,0,63937.9,0
544,5088,1997-09,3798,0,56273.4,0
544,5088,1997-10,3798,0,46608.9,0
544,5088,1997-11,3798,0,42469.2,0
544,5088,1997-12,3798,0,36852.2,0
544,5088,1998-01,3798,0,42302.2,0
544,5088,1998-02,3798,0,44642.2,0
544,5088,1998-03,3798,0,47885.7,0
544,5088,1998-04,3798,0,47983.7,0
544,5088,1998-05,3798,0,58803.8,0
544,5088,1998-06,3798,0,39633.9,0
544,5088,1998-07,3798,0,39291.2,0
544,5088,1998-08,3798,0,46405.7,0
4851,5988,1996-09,5902,0,49811.5,0
4851,5988,1996-10,5902,0,19852.1,0
4851,5988,1996-11,5902,0,24520.2,0
4851,5988,1996-12,5902,0,30341.0,0
4851,5988,1997-01,5902,0,23328.6,0
4851,5988,1997-02,5902,0,13199.3,0
4851,5988,1997-03,5902,0,42496.0,0
4851,5988,1997-04,5902,0,41492.3,0
4851,5988,1997-05,5902,0,24726.1,0
4851,5988,1997-06,5902,0,29103.8,0
4851,5988,1997-07,5902,0,23798.2,0
4851,5988,1997-08,5902,0,17670.5,0
4851,5988,1997-09,5902,0,14620.1,0
4851,5988,1997-10,5902,0,39097.6,0
4851,5988,1997-11,5902,0,87956.5,0
4851,5988,1997-12,5902,0,60656.9,0
4851,5988,1998-01,5902,0,24231.0,0
4851,5988,1998-02,5902,0,41774.4,0
4851,5988,1998-03,5902,0,35523.1,0
4851,5988,1998-04,5902,0,38226.7,0
4851,5988,1998-05,5902,0,19947.3,0
4851,5988,1998-06,5902,0,33238.6,0
4851,5988,1998-07,5902,0,29383.5,0
4851,5988,1998-08,5902,0,48778.7,0
1583,5282,1996-09,8094,1,36258.1,0
1583,5282,1996-10,8094,1,57634.9,0
1583,5282,1996-11,8094,1,25332.2,0
1583,5282,1996-12,8094,1,58265.8,0
1583,5282,1997-01,8094,1,1226.2,1
1583,5282,1997-02,8094,1,2439.0,1
1583,5282,1997-03,8094,1,507.9,1
1583,5282,1997-04,8094,1,932.6,1
1583,5282,1997-05,8094,1,57468.5,0
1583,5282,1997-06,8094,1,20750.7,0
1583,5282,1997-07,8094,1,39687.6,0
1583,5282,1997-08,8094,1,36296.0,0
1583,5282,1997-09,8094,1,34350.8,0
1583,5282,1997-10,8094,1,41469.4,0
1583,5282,1997-11,8094,1,34931.4,0
1583,5282,1997-12,8094,1,36003.1,0
1583,5282,1998-01,8094,1,6158.7,1
1583,5282,1998-02,8094,1,6182.7,1
1583,5282,1998-03,8094,1,46294.4,0
1583,5282,1998-04,8094,1,65938.9,0
1583,5282,1998-05,8094,1,52539.7,0
1583,5282,1998-06,8094,1,15497.5,0
1583,5282,1998-07,8094,1,92271.4,0
1583,5282,1998-08,8094,1,70159.8,0
1583,5282,1998-09,8094,1,59980.7,0
1583,5282,1998-10,8094,1,70888.5,0
1583,5282,1998-11,8094,1,100615.5,0
1583,5282,1998-12,8094,1,67094.7,0
1583,5282,1999-01,8094,1,67094.7,0
1583,5282,1999-02,8094,1,67094.7,0
1583,5282,1999-03,8094,1,67094.7,0
1583,5282,1999-04,8094,1,67094.7,0
1583,5282,1999-05,8094,1,67094.7,0
1583,5282,1999-06,8094,1,67094.7,0
1583,5282,1999-07,8094,1,67094.7,0
1583,5282,1999-08,8094,1,67094.7,0
1583,5282,1999-09,8094,1,67094.7,0
1583,5282,1999-10,8094,1,67094.7,0
1583,5282,1999-11,8094,1,67094.7,0
1583,5282,1999-12,8094,1,67094.7,0
1583,5282,2000-01,8094,1,67094.7,0
1583,5282,2000-02,8094,1,67094.7,0
1583,5282,2000-03,8094,1,67094.7,0
1583,5282,2000-04,8094,1,67094.7,0
1583,5282,2000-05,8094,1,67094.7,0
1583,5282,2000-06,8094,1,67094.7,0
1583,5282,2000-07,8094,1,67094.7,0
1583,5282,2000-08,8094,1,67094.7,0
4650,5938,1996-09,6700,0,13924.3,0
4650,5938,1996-10,6700,0,15670.4,0
4650,5938,1996-11,6700,0,15418.4,0
4650,5938,1996-12,6700,0,13902.5,0
4650,5938,1997-01,6700,0,2488.0,1
4650,5938,1997-02,6700,0,8093.7,0
4650,5938,1997-03,6700,0,13026.7,0
4650,5938,1997-04,6700,0,13065.4,0
4650,5938,1997-05,6700,0,12602.4,0
4650,5938,1997-06,6700,0,18691.6,0
4650,5938,1997-07,6700,0,16145.2,0
4650,5938,1997-08,6700,0,18406.0,0
4650,5938,1997-09,6700,0,20578.7,0
4650,5938,1997-10,6700,0,17237.5,0
4650,5938,1997-11,6700,0,19003.0,0
4650,5938,1997-12,6700,0,20872.0,0
4650,5938,1998-01,6700,0,17627.2,0
4650,5938,1998-02,6700,0,23909.1,0
4650,5938,1998-03,6700,0,29212.9,0
4650,5938,1998-04,6700,0,31026.4,0
4650,5938,1998-05,6700,0,23882.1,0
4650,5938,1998-06,6700,0,27215.5,0
4650,5938,1998-07,6700,0,33838.5,0
4650,5938,1998-08,6700,0,37171.4,0
4650,5938,1998-09,6700,0,41696.4,0
4650,5938,1998-10,6700,0,47241.4,0
4650,5938,1998-11,6700,0,49308.6,0
4650,5938,1998-12,6700,0,42051.6,0
4650,5938,1999-01,6700,0,42051.6,0
4650,5938,1999-02,6700,0,42051.6,0
4650,5938,1999-03,6700,0,42051.6,0
4650,5938,1999-04,6700,0,42051.6,0
4650,5938,1999-05,6700,0,42051.6,0
4650,5938,1999-06,6700,0,42051.6,0
4650,5938,1999-07,6700,0,42051.6,0
4650,5938,1999-08,6700,0,42051.6,0
4650,5938,1999-09,6700,0,42051.6,0
4650,5938,1999-10,6700,0,42051.6,0
4650,5938,1999-11,6700,0,42051.6,0
4650,5938,1999-12,6700,0,42051.6,0
4650,5938,2000-01,6700,0,42051.6,0
4650,5938,2000-02,6700,0,42051.6,0
4650,5938,2000-03,6700,0,42051.6,0
4650,5938,2000-04,6700,0,42051.6,0
4650,5938,2000-05,6700,0,42051.6,0
4650,5938,2000-06,6700,0,42051.6,0
4650,5938,2000-07,6700,0,42051.6,0
4650,5938,2000-08,6700,0,42051.6,0
4650,5938,2000-09,6700,0,42051.6,0
4650,5938,2000-10,6700,0,42051.6,0
4650,5938,2000-11,6700,0,42051.6,0
4650,5938,2000-12,6700,0,42051.6,0
4650,5938,2001-01,6700,0,42051.6,0
4650,5938,2001-02,6700,0,42051.6,0
4650,5938,2001-03,6700,0,42051.6,0
4650,5938,2001-04,6700,0,42051.6,0
4650,5938,2001-05,6700,0,42051.6,0
4650,5938,2001-06,6700,0,42051.6,0
4650,5938,2001-07,6700,0,42051.6,0
4650,5938,2001-08,6700,0,42051.6,0
3084,5606,1996-09,7042,1,3011.8,1
3084,5606,1996-10,7042,1,12995.6,0
3084,5606,1996-11,7042,1,13510.4,0
3084,5606,1996-12,7042,1,12872.9,0
3084,5606,1997-01,7042,1,7728.6,0
3084,5606,1997-02,7042,1,14927.8,0
3084,5606,1997-03,7042,1,15060.4,0
3084,5606,1997-04,7042,1,16235.1,0
3084,5606,1997-05,7042,1,18676.3,0
3084,5606,1997-06,7042,1,26935.9,0
3084,5606,1997-07,7042,1,13844.4,0
3084,5606,1997-08,7042,1,20140.5,0
3084,5606,1997-09,7042,1,19034.9,0
3084,5606,1997-10,7042,1,52993.3,0
3084,5606,1997-11,7042,1,25277.3,0
3084,5606,1997-12,7042,1,24309.0,0
3084,5606,1998-01,7042,1,10308.3,0
3084,5606,1998-02,7042,1,18194.7,0
3084,5606,1998-03,7042,1,57089.2,0
3084,5606,1998-04,7042,1,30084.9,0
3084,5606,1998-05,7042,1,80728.9,0
3084,5606,1998-06,7042,1,39646.2,0
3084,5606,1998-07,7042,1,68167.4,0
3084,5606,1998-08,7042,1,23280.8,0
3084,5606,1998-09,7042,1,21802.1,0
3084,5606,1998-10,7042,1,52779.7,0
3084,5606,1998-11,7042,1,38097.5,0
3084,5606,1998-12,7042,1,69241.4,0
3084,5606,1999-01,7042,1,69241.4,0
3084,5606,1999-02,7042,1,69241.4,0
3084,5606,1999-03,7042,1,69241.4,0
3084,5606,1999-04,7042,1,69241.4,0
3084,5606,1999-05,7042,1,69241.4,0
3084,5606,1999-06,7042,1,69241.4,0
3084,5606,1999-07,7042,1,69241.4,0
3084,5606,1999-08,7042,1,69241.4,0
2143,5385,1996-10,1985,0,51341.0,0
2143,5385,1996-11,1985,0,38482.2,0
2143,5385,1996-12,1985,0,40079.8,0
2143,5385,1997-01,1985,0,23748.1,0
2143,5385,1997-02,1985,0,28225.5,0
2143,5385,1997-03,1985,0,32634.5,0
2143,5385,1997-04,1985,0,34454.8,0
2143,5385,1997-05,1985,0,37084.9,0
2143,5385,1997-06,1985,0,49021.3,0
2143,5385,1997-07,1985,0,39797.8,0
2143,5385,1997-08,1985,0,31044.0,0
2143,5385,1997-09,1985,0,29348.4,0
2143,5385,1997-10,1985,0,28447.8,0
2143,5385,1997-11,1985,0,29064.5,0
2143,5385,1997-12,1985,0,38613.9,0
2143,5385,1998-01,1985,0,18772.4,0
2143,5385,1998-02,1985,0,26449.0,0
2143,5385,1998-03,1985,0,34156.7,0
2143,5385,1998-04,1985,0,29478.3,0
2143,5385,1998-05,1985,0,27887.9,0
2143,5385,1998-06,1985,0,44866.3,0
2143,5385,1998-07,1985,0,40236.0,0
2143,5385,1998-08,1985,0,26175.3,0
2143,5385,1998-09,1985,0,21093.3,0
2143,5385,1998-10,1985,0,18005.0,0
2143,5385,1998-11,1985,0,17788.3,0
2143,5385,1998-12,1985,0,29590.9,0
2143,5385,1999-01,1985,0,29590.9,0
2143,5385,1999-02,1985,0,29590.9,0
2143,5385,1999-03,1985,0,29590.9,0
2143,5385,1999-04,1985,0,29590.9,0
2143,5385,1999-05,1985,0,29590.9,0
2143,5385,1999-06,1985,0,29590.9,0
2143,5385,1999-07,1985,0,29590.9,0
2143,5385,1999-08,1985,0,29590.9,0
2143,5385,1999-09,1985,0,29590.9,0
9199,6865,1996-10,2454,1,12354.7,0
9199,6865,1996-11,2454,1,13217.9,0
9199,6865,1996-12,2454,1,19484.9,0
9199,6865,1997-01,2454,1,-1708.9,1
9199,6865,1997-02,2454,1,14446.9,0
9199,6865,1997-03,2454,1,8568.4,0
9199,6865,1997-04,2454,1,11027.2,0
9199,6865,1997-05,2454,1,11722.1,0
9199,6865,1997-06,2454,1,15053.1,0
9199,6865,1997-07,2454,1,780.5,1
9199,6865,1997-08,2454,1,13015.0,0
9199,6865,1997-09,2454,1,259.3,1
2994,5586,1996-10,1354,0,37401.7,0
2994,5586,1996-11,1354,0,37955.0,0
2994,5586,1996-12,1354,0,40229.7,0
2994,5586,1997-01,1354,0,26840.8,0
2994,5586,1997-02,1354,0,34872.0,0
2994,5586,1997-03,1354,0,41237.0,0
2994,5586,1997-04,1354,0,43326.0,0
2994,5586,1997-05,1354,0,44122.1,0
2994,5586,1997-06,1354,0,43683.6,0
2994,5586,1997-07,1354,0,43475.7,0
2994,5586,1997-08,1354,0,45269.4,0
2994,5586,1997-09,1354,0,45568.7,0
2994,5586,1997-10,1354,0,46368.7,0
2994,5586,1997-11,1354,0,47170.9,0
2994,5586,1997-12,1354,0,55027.8,0
2994,5586,1998-01,1354,0,45040.5,0
2994,5586,1998-02,1354,0,50238.7,0
2994,5586,1998-03,1354,0,51756.8,0
2994,5586,1998-04,1354,0,50376.8,0
2994,5586,1998-05,1354,0,47287.7,0
2994,5586,1998-06,1354,0,39334.1,0
2994,5586,1998-07,1354,0,39601.3,0
2994,5586,1998-08,1354,0,36022.6,0
2994,5586,1998-09,1354,0,40378.9,0
2994,5586,1998-10,1354,0,38642.8,0
2994,5586,1998-11,1354,0,35340.0,0
2994,5586,1998-12,1354,0,38418.0,0
2994,5586,1999-01,1354,0,38418.0,0
2994,5586,1999-02,1354,0,38418.0,0
2994,5586,1999-03,1354,0,38418.0,0
2994,5586,1999-04,1354,0,38418.0,0
2994,5586,1999-05,1354,0,38418.0,0
2994,5586,1999-06,1354,0,38418.0,0
2994,5586,1999-07,1354,0,38418.0,0
2994,5586,1999-08,1354,0,38418.0,0
2994,5586,1999-09,1354,0,38418.0,0
6397,6302,1996-10,3017,0,40716.1,0
6397,6302,1996-11,3017,0,29835.9,0
6397,6302,1996-12,3017,0,26800.9,0
6397,6302,1997-01,3017,0,23978.9,0
6397,6302,1997-02,3017,0,34531.6,0
6397,6302,1997-03,3017,0,37367.3,0
6397,6302,1997-04,3017,0,45317.3,0
6397,6302,1997-05,3017,0,34356.7,0
6397,6302,1997-06,3017,0,59206.7,0
6397,6302,1997-07,3017,0,55921.9,0
6397,6302,1997-08,3017,0,40476.7,0
6397,6302,1997-09,3017,0,53641.2,0
6397,6302,1997-10,3017,0,42925.9,0
6397,6302,1997-11,3017,0,46307.1,0
6397,6302,1997-12,3017,0,35967.7,0
6397,6302,1998-01,3017,0,36074.3,0
6397,6302,1998-02,3017,0,43425.7,0
6397,6302,1998-03,3017,0,39550.5,0
6397,6302,1998-04,3017,0,46716.7,0
6397,6302,1998-05,3017,0,38699.6,0
6397,6302,1998-06,3017,0,43060.2,0
6397,6302,1998-07,3017,0,43925.9,0
6397,6302,1998-08,3017,0,50205.4,0
6397,6302,1998-09,3017,0,50806.2,0
6397,6302,1998-10,3017,0,37706.0,0
6397,6302,1998-11,3017,0,52365.9,0
6397,6302,1998-12,3017,0,70147.4,0
6397,6302,1999-01,3017,0,70147.4,0
6397,6302,1999-02,3017,0,70147.4,0
6397,6302,1999-03,3017,0,70147.4,0
6397,6302,1999-04,3017,0,70147.4,0
6397,6302,1999-05,3017,0,70147.4,0
6397,6302,1999-06,3017,0,70147.4,0
6397,6302,1999-07,3017,0,70147.4,0
6397,6302,1999-08,3017,0,70147.4,0
6397,6302,1999-09,3017,0,70147.4,0
6397,6302,1999-10,3017,0,70147.4,0
6397,6302,1999-11,3017,0,70147.4,0
6397,6302,1999-12,3017,0,70147.4,0
6397,6302,2000-01,3017,0,70147.4,0
6397,6302,2000-02,3017,0,70147.4,0
6397,6302,2000-03,3017,0,70147.4,0
6397,6302,2000-04,3017,0,70147.4,0
6397,6302,2000-05,3017,0,70147.4,0
6397,6302,2000-06,3017,0,70147.4,0
6397,6302,2000-07,3017,0,70147.4,0
6397,6302,2000-08,3017,0,70147.4,0
6397,6302,2000-09,3017,0,70147.4,0
6397,6302,2000-10,3017,0,70147.4,0
6397,6302,2000-11,3017,0,70147.4,0
6397,6302,2000-12,3017,0,70147.4,0
6397,6302,2001-01,3017,0,70147.4,0
6397,6302,2001-02,3017,0,70147.4,0
6397,6302,2001-03,3017,0,70147.4,0
6397,6302,2001-04,3017,0,70147.4,0
6397,6302,2001-05,3017,0,70147.4,0
6397,6302,2001-06,3017,0,70147.4,0
6397,6302,2001-07,3017,0,70147.4,0
6397,6302,2001-08,3017,0,70147.4,0
6397,6302,2001-09,3017,0,70147.4,0
10762,7194,1996-10,1912,0,43664.9,0
10762,7194,1996-11,1912,0,41694.6,0
10762,7194,1996-12,1912,0,42883.3,0
10762,7194,1997-01,1912,0,32471.2,0
10762,7194,1997-02,1912,0,35261.9,0
10762,7194,1997-03,1912,0,35961.6,0
10762,7194,1997-04,1912,0,37164.1,0
10762,7194,1997-05,1912,0,40576.4,0
10762,7194,1997-06,1912,0,32243.1,0
10762,7194,1997-07,1912,0,37036.7,0
10762,7194,1997-08,1912,0,38237.2,0
10762,7194,1997-09,1912,0,36837.7,0
10762,7194,1997-10,1912,0,36339.7,0
10762,7194,1997-11,1912,0,29526.8,0
10762,7194,1997-12,1912,0,25754.6,0
10762,7194,1998-01,1912,0,28925.3,0
10762,7194,1998-02,1912,0,35106.4,0
10762,7194,1998-03,1912,0,34794.4,0
10762,7194,1998-04,1912,0,32674.3,0
10762,7194,1998-05,1912,0,31247.2,0
10762,7194,1998-06,1912,0,31669.0,0
10762,7194,1998-07,1912,0,25521.3,0
10762,7194,1998-08,1912,0,30089.4,0
10762,7194,1998-09,1912,0,33761.4,0
10762,7194,1998-10,1912,0,33034.0,0
10762,7194,1998-11,1912,0,38926.2,0
10762,7194,1998-12,1912,0,50909.7,0
10762,7194,1999-01,1912,0,50909.7,0
10762,7194,1999-02,1912,0,50909.7,0
10762,7194,1999-03,1912,0,50909.7,0
10762,7194,1999-04,1912,0,50909.7,0
10762,7194,1999-05,1912,0,50909.7,0
10762,7194,1999-06,1912,0,50909.7,0
10762,7194,1999-07,1912,0,50909.7,0
10762,7194,1999-08,1912,0,50909.7,0
10762,7194,1999-09,1912,0,50909.7,0
7136,6461,1996-10,2059,0,39572.1,0
7136,6461,1996-11,2059,0,31950.3,0
7136,6461,1996-12,2059,0,62356.5,0
7136,6461,1997-01,2059,0,43267.2,0
7136,6461,1997-02,2059,0,33277.8,0
7136,6461,1997-03,2059,0,76028.2,0
7136,6461,1997-04,2059,0,65316.4,0
7136,6461,1997-05,2059,0,31295.5,0
7136,6461,1997-06,2059,0,48150.4,0
7136,6461,1997-07,2059,0,97714.5,0
7136,6461,1997-08,2059,0,51567.8,0
7136,6461,1997-09,2059,0,41403.9,0
7136,6461,1997-10,2059,0,38633.6,0
7136,6461,1997-11,2059,0,60608.5,0
7136,6461,1997-12,2059,0,94985.4,0
7136,6461,1998-01,2059,0,57174.7,0
7136,6461,1998-02,2059,0,86261.4,0
7136,6461,1998-03,2059,0,65734.2,0
7136,6461,1998-04,2059,0,43344.1,0
7136,6461,1998-05,2059,0,67647.9,0
7136,6461,1998-06,2059,0,95848.9,0
7136,6461,1998-07,2059,0,53736.0,0
7136,6461,1998-08,2059,0,48178.0,0
7136,6461,1998-09,2059,0,48717.1,0
7136,6461,1998-10,2059,0,32086.6,0
7136,6461,1998-11,2059,0,46983.3,0
7136,6461,1998-12,2059,0,30364.0,0
7136,6461,1999-01,2059,0,30364.0,0
7136,6461,1999-02,2059,0,30364.0,0
7136,6461,1999-03,2059,0,30364.0,0
7136,6461,1999-04,2059,0,30364.0,0
7136,6461,1999-05,2059,0,30364.0,0
7136,6461,1999-06,2059,0,30364.0,0
7136,6461,1999-07,2059,0,30364.0,0
7136,6461,1999-08,2059,0,30364.0,0
7136,6461,1999-09,2059,0,30364.0,0
8533,6732,1996-10,3626,0,97642.1,0
8533,6732,1996-11,3626,0,75149.4,0
8533,6732,1996-12,3626,0,81201.2,0
8533,6732,1997-01,3626,0,68882.8,0
8533,6732,1997-02,3626,0,79244.4,0
8533,6732,1997-03,3626,0,72133.3,0
8533,6732,1997-04,3626,0,111278.8,0
8533,6732,1997-05,3626,0,71651.4,0
8533,6732,1997-06,3626,0,9237.6,0
8533,6732,1997-07,3626,0,58037.8,0
8533,6732,1997-08,3626,0,78283.1,0
8533,6732,1997-09,3626,0,59421.2,0
8533,6732,1997-10,3626,0,52693.9,0
8533,6732,1997-11,3626,0,54106.6,0
8533,6732,1997-12,3626,0,44487.1,0
8533,6732,1998-01,3626,0,20623.0,0
8533,6732,1998-02,3626,0,44104.5,0
8533,6732,1998-03,3626,0,60411.8,0
8533,6732,1998-04,3626,0,45374.6,0
8533,6732,1998-05,3626,0,50440.8,0
8533,6732,1998-06,3626,0,47588.1,0
8533,6732,1998-07,3626,0,87313.1,0
8533,6732,1998-08,3626,0,74027.5,0
8533,6732,1998-09,3626,0,75256.0,0
8533,6732,1998-10,3626,0,47983.5,0
8533,6732,1998-11,3626,0,57383.0,0
8533,6732,1998-12,3626,0,41388.3,0
8533,6732,1999-01,3626,0,41388.3,0
8533,6732,1999-02,3626,0,41388.3,0
8533,6732,1999-03,3626,0,41388.3,0
8533,6732,1999-04,3626,0,41388.3,0
8533,6732,1999-05,3626,0,41388.3,0
8533,6732,1999-06,3626,0,41388.3,0
8533,6732,1999-07,3626,0,41388.3,0
8533,6732,1999-08,3626,0,41388.3,0
8533,6732,1999-09,3626,0,41388.3,0
8533,6732,1999-10,3626,0,41388.3,0
8533,6732,1999-11,3626,0,41388.3,0
8533,6732,1999-12,3626,0,41388.3,0
8533,6732,2000-01,3626,0,41388.3,0
8533,6732,2000-02,3626,0,41388.3,0
8533,6732,2000-03,3626,0,41388.3,0
8533,6732,2000-04,3626,0,41388.3,0
8533,6732,2000-05,3626,0,41388.3,0
8533,6732,2000-06,3626,0,41388.3,0
8533,6732,2000-07,3626,0,41388.3,0
8533,6732,2000-08,3626,0,41388.3,0
8533,6732,2000-09,3626,0,41388.3,0
7926,6613,1996-10,3505,0,71714.9,0
7926,6613,1996-11,3505,0,55164.7,0
7926,6613,1996-12,3505,0,49024.1,0
7926,6613,1997-01,3505,0,30879.2,0
7926,6613,1997-02,3505,0,29855.2,0
7926,6613,1997-03,3505,0,29359.6,0
7926,6613,1997-04,3505,0,99043.3,0
7926,6613,1997-05,3505,0,99221.4,0
7926,6613,1997-06,3505,0,28519.3,0
7926,6613,1997-07,3505,0,89790.4,0
7926,6613,1997-08,3505,0,44406.4,0
7926,6613,1997-09,3505,0,68555.1,0
7926,6613,1997-10,3505,0,22502.4,0
7926,6613,1997-11,3505,0,51956.2,0
7926,6613,1997-12,3505,0,103126.3,0
7926,6613,1998-01,3505,0,13726.2,0
7926,6613,1998-02,3505,0,10246.8,0
7926,6613,1998-03,3505,0,6753.0,0
7926,6613,1998-04,3505,0,69651.3,0
7926,6613,1998-05,3505,0,19757.5,0
7926,6613,1998-06,3505,0,25913.5,0
7926,6613,1998-07,3505,0,23880.5,0
7926,6613,1998-08,3505,0,21442.2,0
7926,6613,1998-09,3505,0,38008.7,0
10019,7036,1996-10,5415,0,109803.3,0
10019,7036,1996-11,5415,0,23193.4,0
10019,7036,1996-12,5415,0,20051.5,0
10019,7036,1997-01,5415,0,19102.3,0
10019,7036,1997-02,5415,0,70926.8,0
10019,7036,1997-03,5415,0,51905.8,0
10019,7036,1997-04,5415,0,38441.0,0
10019,7036,1997-05,5415,0,80829.7,0
10019,7036,1997-06,5415,0,57595.3,0
10019,7036,1997-07,5415,0,23352.4,0
10019,7036,1997-08,5415,0,35819.2,0
10019,7036,1997-09,5415,0,62263.7,0
10019,7036,1997-10,5415,0,67694.9,0
10019,7036,1997-11,5415,0,54811.6,0
10019,7036,1997-12,5415,0,24851.3,0
10019,7036,1998-01,5415,0,28337.6,0
10019,7036,1998-02,5415,0,33448.2,0
10019,7036,1998-03,5415,0,53324.6,0
10019,7036,1998-04,5415,0,59946.7,0
10019,7036,1998-05,5415,0,46361.3,0
10019,7036,1998-06,5415,0,34900.4,0
10019,7036,1998-07,5415,0,64771.0,0
10019,7036,1998-08,5415,0,50801.3,0
10019,7036,1998-09,5415,0,68844.6,0
10019,7036,1998-10,5415,0,71147.8,0
10019,7036,1998-11,5415,0,27095.1,0
10019,7036,1998-12,5415,0,21665.5,0
10019,7036,1999-01,5415,0,21665.5,0
10019,7036,1999-02,5415,0,21665.5,0
10019,7036,1999-03,5415,0,21665.5,0
10019,7036,1999-04,5415,0,21665.5,0
10019,7036,1999-05,5415,0,21665.5,0
10019,7036,1999-06,5415,0,21665.5,0
10019,7036,1999-07,5415,0,21665.5,0
10019,7036,1999-08,5415,0,21665.5,0
10019,7036,1999-09,5415,0,21665.5,0
4476,5897,1996-10,633,0,17308.1,0
4476,5897,1996-11,633,0,19987.4,0
4476,5897,1996-12,633,0,15798.4,0
4476,5897,1997-01,633,0,15761.2,0
4476,5897,1997-02,633,0,20452.8,0
4476,5897,1997-03,633,0,21743.9,0
4476,5897,1997-04,633,0,23277.4,0
4476,5897,1997-05,633,0,26482.4,0
4476,5897,1997-06,633,0,23040.3,0
4476,5897,1997-07,633,0,24940.9,0
4476,5897,1997-08,633,0,23545.9,0
4476,5897,1997-09,633,0,23996.0,0
4476,5897,1997-10,633,0,22597.0,0
4476,5897,1997-11,633,0,18637.5,0
4476,5897,1997-12,633,0,24221.7,0
4476,5897,1998-01,633,0,16147.1,0
4476,5897,1998-02,633,0,17425.4,0
4476,5897,1998-03,633,0,18499.1,0
4476,5897,1998-04,633,0,21352.8,0
4476,5897,1998-05,633,0,17535.9,0
4476,5897,1998-06,633,0,18795.9,0
4476,5897,1998-07,633,0,15267.1,0
4476,5897,1998-08,633,0,21837.2,0
4476,5897,1998-09,633,0,17818.3,0
9814,6995,1996-10,8014,0,21800.7,0
9814,6995,1996-11,8014,0,15665.6,0
9814,6995,1996-12,8014,0,12126.6,0
9814,6995,1997-01,8014,0,26278.3,0
9814,6995,1997-02,8014,0,56883.5,0
9814,6995,1997-03,8014,0,95247.7,0
9814,6995,1997-04,8014,0,92767.0,0
9814,6995,1997-05,8014,0,55641.1,0
9814,6995,1997-06,8014,0,62358.0,0
9814,6995,1997-07,8014,0,94485.8,0
9814,6995,1997-08,8014,0,79489.4,0
9814,6995,1997-09,8014,0,75349.3,0
2236,5415,1996-10,3874,1,24410.2,0
2236,5415,1996-11,3874,1,4871.7,0
2236,5415,1996-12,3874,1,1003.0,1
2236,5415,1997-01,3874,1,10791.9,0
2236,5415,1997-02,3874,1,-1048.1,1
2236,5415,1997-03,3874,1,5131.2,0
2236,5415,1997-04,3874,1,-3309.1,1
2236,5415,1997-05,3874,1,49220.6,0
2236,5415,1997-06,3874,1,17367.8,0
2236,5415,1997-07,3874,1,30649.2,0
2236,5415,1997-08,3874,1,14344.5,0
2236,5415,1997-09,3874,1,4037.6,0
2236,5415,1997-10,3874,1,24686.9,0
2236,5415,1997-11,3874,1,34810.9,0
2236,5415,1997-12,3874,1,10912.0,0
2236,5415,1998-01,3874,1,46774.5,0
2236,5415,1998-02,3874,1,14480.5,0
2236,5415,1998-03,3874,1,10041.8,0
2236,5415,1998-04,3874,1,17073.2,0
2236,5415,1998-05,3874,1,612.1,1
2236,5415,1998-06,3874,1,7606.2,0
2236,5415,1998-07,3874,1,5052.6,0
2236,5415,1998-08,3874,1,5085.9,0
2236,5415,1998-09,3874,1,60081.0,0
2236,5415,1998-10,3874,1,15911.5,0
2236,5415,1998-11,3874,1,-1439.1,1
2236,5415,1998-12,3874,1,-1439.1,1
2236,5415,1999-01,3874,1,-1439.1,1
2236,5415,1999-02,3874,1,-1439.1,1
2236,5415,1999-03,3874,1,-1439.1,1
2236,5415,1999-04,3874,1,-1439.1,1
2236,5415,1999-05,3874,1,-1439.1,1
2236,5415,1999-06,3874,1,-1439.1,1
2236,5415,1999-07,3874,1,-1439.1,1
2236,5415,1999-08,3874,1,-1439.1,1
2236,5415,1999-09,3874,1,-1439.1,1
10436,7136,1996-10,1511,0,39594.7,0
10436,7136,1996-11,1511,0,42940.0,0
10436,7136,1996-12,1511,0,46951.6,0
10436,7136,1997-01,1511,0,37010.8,0
10436,7136,1997-02,1511,0,44754.0,0
10436,7136,1997-03,1511,0,52630.5,0
10436,7136,1997-04,1511,0,61441.6,0
10436,7136,1997-05,1511,0,59964.3,0
10436,7136,1997-06,1511,0,43944.5,0
10436,7136,1997-07,1511,0,57832.4,0
10436,7136,1997-08,1511,0,63359.2,0
10436,7136,1997-09,1511,0,64901.7,0
10436,7136,1997-10,1511,0,68356.3,0
10436,7136,1997-11,1511,0,72522.0,0
10436,7136,1997-12,1511,0,72547.3,0
10436,7136,1998-01,1511,0,60504.0,0
10436,7136,1998-02,1511,0,63534.8,0
10436,7136,1998-03,1511,0,69485.4,0
10436,7136,1998-04,1511,0,68947.0,0
10436,7136,1998-05,1511,0,69406.8,0
10436,7136,1998-06,1511,0,69414.6,0
10436,7136,1998-07,1511,0,67669.6,0
10436,7136,1998-08,1511,0,72736.1,0
10436,7136,1998-09,1511,0,79428.4,0
10436,7136,1998-10,1511,0,81434.1,0
10436,7136,1998-11,1511,0,80034.4,0
10436,7136,1998-12,1511,0,85104.2,0
10436,7136,1999-01,1511,0,85104.2,0
10436,7136,1999-02,1511,0,85104.2,0
10436,7136,1999-03,1511,0,85104.2,0
10436,7136,1999-04,1511,0,85104.2,0
10436,7136,1999-05,1511,0,85104.2,0
10436,7136,1999-06,1511,0,85104.2,0
10436,7136,1999-07,1511,0,85104.2,0
10436,7136,1999-08,1511,0,85104.2,0
10436,7136,1999-09,1511,0,85104.2,0
11186,7271,1996-11,6541,0,57393.2,0
11186,7271,1996-12,6541,0,59849.8,0
11186,7271,1997-01,6541,0,42052.3,0
11186,7271,1997-02,6541,0,50535.4,0
11186,7271,1997-03,6541,0,55749.2,0
11186,7271,1997-04,6541,0,63583.2,0
11186,7271,1997-05,6541,0,66888.2,0
11186,7271,1997-06,6541,0,55752.5,0
11186,7271,1997-07,6541,0,61477.8,0
11186,7271,1997-08,6541,0,58102.7,0
11186,7271,1997-09,6541,0,46391.6,0
11186,7271,1997-10,6541,0,45164.7,0
11186,7271,1997-11,6541,0,72516.8,0
11186,7271,1997-12,6541,0,77546.7,0
11186,7271,1998-01,6541,0,43200.8,0
11186,7271,1998-02,6541,0,67336.7,0
11186,7271,1998-03,6541,0,88662.1,0
11186,7271,1998-04,6541,0,52413.1,0
11186,7271,1998-05,6541,0,77688.8,0
11186,7271,1998-06,6541,0,67193.4,0
11186,7271,1998-07,6541,0,91626.7,0
11186,7271,1998-08,6541,0,49972.7,0
11186,7271,1998-09,6541,0,87071.8,0
11186,7271,1998-10,6541,0,104059.7,0
11186,7271,1998-11,6541,0,88717.1,0
11186,7271,1998-12,6541,0,84779.6,0
11186,7271,1999-01,6541,0,84779.6,0
11186,7271,1999-02,6541,0,84779.6,0
11186,7271,1999-03,6541,0,84779.6,0
11186,7271,1999-04,6541,0,84779.6,0
11186,7271,1999-05,6541,0,84779.6,0
11186,7271,1999-06,6541,0,84779.6,0
11186,7271,1999-07,6541,0,84779.6,0
11186,7271,1999-08,6541,0,84779.6,0
11186,7271,1999-09,6541,0,84779.6,0
11186,7271,1999-10,6541,0,84779.6,0
11186,7271,1999-11,6541,0,84779.6,0
11186,7271,1999-12,6541,0,84779.6,0
11186,7271,2000-01,6541,0,84779.6,0
11186,7271,2000-02,6541,0,84779.6,0
11186,7271,2000-03,6541,0,84779.6,0
11186,7271,2000-04,6541,0,84779.6,0
11186,7271,2000-05,6541,0,84779.6,0
11186,7271,2000-06,6541,0,84779.6,0
11186,7271,2000-07,6541,0,84779.6,0
11186,7271,2000-08,6541,0,84779.6,0
11186,7271,2000-09,6541,0,84779.6,0
11186,7271,2000-10,6541,0,84779.6,0
11186,7271,2000-11,6541,0,84779.6,0
11186,7271,2000-12,6541,0,84779.6,0
11186,7271,2001-01,6541,0,84779.6,0
11186,7271,2001-02,6541,0,84779.6,0
11186,7271,2001-03,6541,0,84779.6,0
11186,7271,2001-04,6541,0,84779.6,0
11186,7271,2001-05,6541,0,84779.6,0
11186,7271,2001-06,6541,0,84779.6,0
11186,7271,2001-07,6541,0,84779.6,0
11186,7271,2001-08,6541,0,84779.6,0
11186,7271,2001-09,6541,0,84779.6,0
11186,7271,2001-10,6541,0,84779.6,0
2106,5375,1996-11,8460,0,13767.7,0
2106,5375,1996-12,8460,0,13683.6,0
2106,5375,1997-01,8460,0,13841.6,0
2106,5375,1997-02,8460,0,13299.8,0
2106,5375,1997-03,8460,0,13758.7,0
2106,5375,1997-04,8460,0,14217.2,0
2106,5375,1997-05,8460,0,14677.5,0
2106,5375,1997-06,8460,0,15796.4,0
2106,5375,1997-07,8460,0,16265.5,0
2106,5375,1997-08,8460,0,16736.6,0
2106,5375,1997-09,8460,0,17207.3,0
2106,5375,1997-10,8460,0,17258.2,0
3230,5635,1996-11,2144,0,65407.4,0
3230,5635,1996-12,2144,0,59908.6,0
3230,5635,1997-01,2144,0,37011.1,0
3230,5635,1997-02,2144,0,41325.7,0
3230,5635,1997-03,2144,0,26369.2,0
3230,5635,1997-04,2144,0,50618.0,0
3230,5635,1997-05,2144,0,27525.6,0
3230,5635,1997-06,2144,0,55621.6,0
3230,5635,1997-07,2144,0,56413.3,0
3230,5635,1997-08,2144,0,21955.9,0
3230,5635,1997-09,2144,0,16783.5,0
3230,5635,1997-10,2144,0,33527.1,0
3230,5635,1997-11,2144,0,39744.5,0
3230,5635,1997-12,2144,0,44100.0,0
3230,5635,1998-01,2144,0,11556.4,0
3230,5635,1998-02,2144,0,13246.9,0
3230,5635,1998-03,2144,0,30571.4,0
3230,5635,1998-04,2144,0,33790.2,0
3230,5635,1998-05,2144,0,25761.0,0
3230,5635,1998-06,2144,0,53049.2,0
3230,5635,1998-07,2144,0,25438.4,0
3230,5635,1998-08,2144,0,39993.0,0
3230,5635,1998-09,2144,0,24476.2,0
3230,5635,1998-10,2144,0,22000.8,0
3230,5635,1998-11,2144,0,34164.5,0
3230,5635,1998-12,2144,0,107612.1,0
3230,5635,1999-01,2144,0,107612.1,0
3230,5635,1999-02,2144,0,107612.1,0
3230,5635,1999-03,2144,0,107612.1,0
3230,5635,1999-04,2144,0,107612.1,0
3230,5635,1999-05,2144,0,107612.1,0
3230,5635,1999-06,2144,0,107612.1,0
3230,5635,1999-07,2144,0,107612.1,0
3230,5635,1999-08,2144,0,107612.1,0
3230,5635,1999-09,2144,0,107612.1,0
3230,5635,1999-10,2144,0,107612.1,0
9024,6817,1996-11,1472,0,33422.6,0
9024,6817,1996-12,1472,0,26332.1,0
9024,6817,1997-01,1472,0,17473.2,0
9024,6817,1997-02,1472,0,20743.8,0
9024,6817,1997-03,1472,0,18249.5,0
9024,6817,1997-04,1472,0,20914.8,0
9024,6817,1997-05,1472,0,22689.4,0
9024,6817,1997-06,1472,0,25158.7,0
9024,6817,1997-07,1472,0,23010.5,0
9024,6817,1997-08,1472,0,19796.6,0
9024,6817,1997-09,1472,0,16133.1,0
9024,6817,1997-10,1472,0,17211.8,0
9024,6817,1997-11,1472,0,18609.1,0
9024,6817,1997-12,1472,0,21894.6,0
9024,6817,1998-01,1472,0,23941.8,0
9024,6817,1998-02,1472,0,29855.1,0
9024,6817,1998-03,1472,0,29685.0,0
9024,6817,1998-04,1472,0,29142.9,0
9024,6817,1998-05,1472,0,33545.6,0
9024,6817,1998-06,1472,0,28484.1,0
9024,6817,1998-07,1472,0,27300.3,0
9024,6817,1998-08,1472,0,33756.9,0
9024,6817,1998-09,1472,0,36512.1,0
9024,6817,1998-10,1472,0,36714.0,0
9024,6817,1998-11,1472,0,36423.8,0
9024,6817,1998-12,1472,0,37163.3,0
9024,6817,1999-01,1472,0,37163.3,0
9024,6817,1999-02,1472,0,37163.3,0
9024,6817,1999-03,1472,0,37163.3,0
9024,6817,1999-04,1472,0,37163.3,0
9024,6817,1999-05,1472,0,37163.3,0
9024,6817,1999-06,1472,0,37163.3,0
9024,6817,1999-07,1472,0,37163.3,0
9024,6817,1999-08,1472,0,37163.3,0
9024,6817,1999-09,1472,0,37163.3,0
9024,6817,1999-10,1472,0,37163.3,0
9024,6817,1999-11,1472,0,37163.3,0
9024,6817,1999-12,1472,0,37163.3,0
9024,6817,2000-01,1472,0,37163.3,0
9024,6817,2000-02,1472,0,37163.3,0
9024,6817,2000-03,1472,0,37163.3,0
9024,6817,2000-04,1472,0,37163.3,0
9024,6817,2000-05,1472,0,37163.3,0
9024,6817,2000-06,1472,0,37163.3,0
9024,6817,2000-07,1472,0,37163.3,0
9024,6817,2000-08,1472,0,37163.3,0
9024,6817,2000-09,1472,0,37163.3,0
9024,6817,2000-10,1472,0,37163.3,0
4585,5923,1996-11,1347,0,42605.3,0
4585,5923,1996-12,1347,0,46200.9,0
4585,5923,1997-01,1347,0,22165.9,0
4585,5923,1997-02,1347,0,33980.4,0
4585,5923,1997-03,1347,0,35309.8,0
4585,5923,1997-04,1347,0,37347.0,0
4585,5923,1997-05,1347,0,37185.3,0
4585,5923,1997-06,1347,0,43749.8,0
4585,5923,1997-07,1347,0,39802.0,0
4585,5923,1997-08,1347,0,39851.1,0
4585,5923,1997-09,1347,0,42986.4,0
4585,5923,1997-10,1347,0,41282.1,0
4585,5923,1997-11,1347,0,40022.4,0
4585,5923,1997-12,1347,0,34574.7,0
4585,5923,1998-01,1347,0,29176.8,0
4585,5923,1998-02,1347,0,37506.0,0
4585,5923,1998-03,1347,0,31978.0,0
4585,5923,1998-04,1347,0,31917.7,0
4585,5923,1998-05,1347,0,35757.8,0
4585,5923,1998-06,1347,0,34834.9,0
4585,5923,1998-07,1347,0,35084.5,0
4585,5923,1998-08,1347,0,37135.3,0
4585,5923,1998-09,1347,0,40795.2,0
4585,5923,1998-10,1347,0,38965.6,0
4585,5923,1998-11,1347,0,38722.0,0
4585,5923,1998-12,1347,0,52116.8,0
4585,5923,1999-01,1347,0,52116.8,0
4585,5923,1999-02,1347,0,52116.8,0
4585,5923,1999-03,1347,0,52116.8,0
4585,5923,1999-04,1347,0,52116.8,0
4585,5923,1999-05,1347,0,52116.8,0
4585,5923,1999-06,1347,0,52116.8,0
4585,5923,1999-07,1347,0,52116.8,0
4585,5923,1999-08,1347,0,52116.8,0
4585,5923,1999-09,1347,0,52116.8,0
4585,5923,1999-10,1347,0,52116.8,0
4585,5923,1999-11,1347,0,52116.8,0
4585,5923,1999-12,1347,0,52116.8,0
4585,5923,2000-01,1347,0,52116.8,0
4585,5923,2000-02,1347,0,52116.8,0
4585,5923,2000-03,1347,0,52116.8,0
4585,5923,2000-04,1347,0,52116.8,0
4585,5923,2000-05,1347,0,52116.8,0
4585,5923,2000-06,1347,0,52116.8,0
4585,5923,2000-07,1347,0,52116.8,0
4585,5923,2000-08,1347,0,52116.8,0
4585,5923,2000-09,1347,0,52116.8,0
4585,5923,2000-10,1347,0,52116.8,0
1862,5329,1996-11,6602,0,50660.3,0
1862,5329,1996-12,6602,0,60593.7,0
1862,5329,1997-01,6602,0,34286.1,0
1862,5329,1997-02,6602,0,29010.8,0
1862,5329,1997-03,6602,0,64024.3,0
1862,5329,1997-04,6602,0,18138.6,0
1862,5329,1997-05,6602,0,48904.4,0
1862,5329,1997-06,6602,0,39228.0,0
1862,5329,1997-07,6602,0,55854.1,0
1862,5329,1997-08,6602,0,54696.5,0
1862,5329,1997-09,6602,0,46006.1,0
1862,5329,1997-10,6602,0,60850.3,0
1862,5329,1997-11,6602,0,70612.3,0
1862,5329,1997-12,6602,0,50220.5,0
1862,5329,1998-01,6602,0,51119.5,0
1862,5329,1998-02,6602,0,54889.1,0
1862,5329,1998-03,6602,0,50262.5,0
1862,5329,1998-04,6602,0,58314.2,0
1862,5329,1998-05,6602,0,61487.0,0
1862,5329,1998-06,6602,0,41519.7,0
1862,5329,1998-07,6602,0,54843.5,0
1862,5329,1998-08,6602,0,57934.9,0
1862,5329,1998-09,6602,0,50536.2,0
1862,5329,1998-10,6602,0,57386.3,0
1862,5329,1998-11,6602,0,52629.9,0
1862,5329,1998-12,6602,0,75553.3,0
1862,5329,1999-01,6602,0,75553.3,0
1862,5329,1999-02,6602,0,75553.3,0
1862,5329,1999-03,6602,0,75553.3,0
1862,5329,1999-04,6602,0,75553.3,0
1862,5329,1999-05,6602,0,75553.3,0
1862,5329,1999-06,6602,0,75553.3,0
1862,5329,1999-07,6602,0,75553.3,0
1862,5329,1999-08,6602,0,75553.3,0
1862,5329,1999-09,6602,0,75553.3,0
1862,5329,1999-10,6602,0,75553.3,0
1862,5329,1999-11,6602,0,75553.3,0
1862,5329,1999-12,6602,0,75553.3,0
1862,5329,2000-01,6602,0,75553.3,0
1862,5329,2000-02,6602,0,75553.3,0
1862,5329,2000-03,6602,0,75553.3,0
1862,5329,2000-04,6602,0,75553.3,0
1862,5329,2000-05,6602,0,75553.3,0
1862,5329,2000-06,6602,0,75553.3,0
1862,5329,2000-07,6602,0,75553.3,0
1862,5329,2000-08,6602,0,75553.3,0
1862,5329,2000-09,6602,0,75553.3,0
1862,5329,2000-10,6602,0,75553.3,0
1862,5329,2000-11,6602,0,75553.3,0
1862,5329,2000-12,6602,0,75553.3,0
1862,5329,2001-01,6602,0,75553.3,0
1862,5329,2001-02,6602,0,75553.3,0
1862,5329,2001-03,6602,0,75553.3,0
1862,5329,2001-04,6602,0,75553.3,0
1862,5329,2001-05,6602,0,75553.3,0
1862,5329,2001-06,6602,0,75553.3,0
1862,5329,2001-07,6602,0,75553.3,0
1862,5329,2001-08,6602,0,75553.3,0
1862,5329,2001-09,6602,0,75553.3,0
1862,5329,2001-10,6602,0,75553.3,0
8039,6644,1996-11,3900,0,21808.5,0
8039,6644,1996-12,3900,0,53803.3,0
8039,6644,1997-01,3900,0,20636.3,0
8039,6644,1997-02,3900,0,24206.5,0
8039,6644,1997-03,3900,0,46718.8,0
8039,6644,1997-04,3900,0,89765.8,0
8039,6644,1997-05,3900,0,44215.5,0
8039,6644,1997-06,3900,0,38155.2,0
8039,6644,1997-07,3900,0,34075.3,0
8039,6644,1997-08,3900,0,32787.6,0
8039,6644,1997-09,3900,0,29487.6,0
8039,6644,1997-10,3900,0,112569.5,0
8039,6644,1997-11,3900,0,56509.4,0
8039,6644,1997-12,3900,0,47888.1,0
8039,6644,1998-01,3900,0,49632.2,0
8039,6644,1998-02,3900,0,52637.0,0
8039,6644,1998-03,3900,0,52009.4,0
8039,6644,1998-04,3900,0,36349.3,0
8039,6644,1998-05,3900,0,25941.2,0
8039,6644,1998-06,3900,0,94004.9,0
8039,6644,1998-07,3900,0,59504.9,0
8039,6644,1998-08,3900,0,66514.1,0
8039,6644,1998-09,3900,0,39949.7,0
8039,6644,1998-10,3900,0,25140.8,0
6688,6354,1996-11,638,0,31586.6,0
6688,6354,1996-12,638,0,27992.2,0
6688,6354,1997-01,638,0,19574.9,0
6688,6354,1997-02,638,0,24966.7,0
6688,6354,1997-03,638,0,24962.9,0
6688,6354,1997-04,638,0,29576.4,0
6688,6354,1997-05,638,0,34509.1,0
6688,6354,1997-06,638,0,39337.9,0
6688,6354,1997-07,638,0,37393.1,0
6688,6354,1997-08,638,0,41256.8,0
6688,6354,1997-09,638,0,44937.9,0
6688,6354,1997-10,638,0,42721.8,0
6688,6354,1997-11,638,0,42095.0,0
6688,6354,1997-12,638,0,43150.9,0
6688,6354,1998-01,638,0,35222.3,0
6688,6354,1998-02,638,0,45088.4,0
6688,6354,1998-03,638,0,45777.3,0
6688,6354,1998-04,638,0,50176.5,0
6688,6354,1998-05,638,0,47479.2,0
6688,6354,1998-06,638,0,43037.2,0
6688,6354,1998-07,638,0,47024.0,0
6688,6354,1998-08,638,0,50428.7,0
6688,6354,1998-09,638,0,45728.1,0
6688,6354,1998-10,638,0,44413.2,0
6688,6354,1998-11,638,0,44094.7,0
6688,6354,1998-12,638,0,49966.4,0
6688,6354,1999-01,638,0,49966.4,0
6688,6354,1999-02,638,0,49966.4,0
6688,6354,1999-03,638,0,49966.4,0
6688,6354,1999-04,638,0,49966.4,0
6688,6354,1999-05,638,0,49966.4,0
6688,6354,1999-06,638,0,49966.4,0
6688,6354,1999-07,638,0,49966.4,0
6688,6354,1999-08,638,0,49966.4,0
6688,6354,1999-09,638,0,49966.4,0
6688,6354,1999-10,638,0,49966.4,0
501,5082,1996-11,4383,0,49081.3,0
501,5082,1996-12,4383,0,47970.0,0
501,5082,1997-01,4383,0,43759.5,0
501,5082,1997-02,4383,0,47663.9,0
501,5082,1997-03,4383,0,32621.2,0
501,5082,1997-04,4383,0,32219.6,0
501,5082,1997-05,4383,0,22065.2,0
501,5082,1997-06,4383,0,29134.2,0
501,5082,1997-07,4383,0,44297.9,0
501,5082,1997-08,4383,0,47292.0,0
501,5082,1997-09,4383,0,48192.8,0
501,5082,1997-10,4383,0,69684.0,0
501,5082,1997-11,4383,0,58746.6,0
501,5082,1997-12,4383,0,65872.8,0
501,5082,1998-01,4383,0,84568.0,0
501,5082,1998-02,4383,0,79448.2,0
501,5082,1998-03,4383,0,87956.1,0
501,5082,1998-04,4383,0,63721.3,0
501,5082,1998-05,4383,0,98505.3,0
501,5082,1998-06,4383,0,77260.2,0
501,5082,1998-07,4383,0,61734.9,0
501,5082,1998-08,4383,0,88718.7,0
501,5082,1998-09,4383,0,95589.4,0
501,5082,1998-10,4383,0,107516.6,0
501,5082,1998-11,4383,0,78853.5,0
501,5082,1998-12,4383,0,81774.5,0
501,5082,1999-01,4383,0,81774.5,0
501,5082,1999-02,4383,0,81774.5,0
501,5082,1999-03,4383,0,81774.5,0
501,5082,1999-04,4383,0,81774.5,0
501,5082,1999-05,4383,0,81774.5,0
501,5082,1999-06,4383,0,81774.5,0
501,5082,1999-07,4383,0,81774.5,0
501,5082,1999-08,4383,0,81774.5,0
501,5082,1999-09,4383,0,81774.5,0
501,5082,1999-10,4383,0,81774.5,0
501,5082,1999-11,4383,0,81774.5,0
501,5082,1999-12,4383,0,81774.5,0
501,5082,2000-01,4383,0,81774.5,0
501,5082,2000-02,4383,0,81774.5,0
501,5082,2000-03,4383,0,81774.5,0
501,5082,2000-04,4383,0,81774.5,0
501,5082,2000-05,4383,0,81774.5,0
501,5082,2000-06,4383,0,81774.5,0
501,5082,2000-07,4383,0,81774.5,0
501,5082,2000-08,4383,0,81774.5,0
501,5082,2000-09,4383,0,81774.5,0
501,5082,2000-10,4383,0,81774.5,0
501,5082,2000-11,4383,0,81774.5,0
501,5082,2000-12,4383,0,81774.5,0
501,5082,2001-01,4383,0,81774.5,0
501,5082,2001-02,4383,0,81774.5,0
501,5082,2001-03,4383,0,81774.5,0
501,5082,2001-04,4383,0,81774.5,0
501,5082,2001-05,4383,0,81774.5,0
501,5082,2001-06,4383,0,81774.5,0
501,5082,2001-07,4383,0,81774.5,0
501,5082,2001-08,4383,0,81774.5,0
501,5082,2001-09,4383,0,81774.5,0
501,5082,2001-10,4383,0,81774.5,0
7795,6585,1996-11,6202,0,63171.9,0
7795,6585,1996-12,6202,0,36880.5,0
7795,6585,1997-01,6202,0,20753.6,0
7795,6585,1997-02,6202,0,24187.3,0
7795,6585,1997-03,6202,0,20467.4,0
7795,6585,1997-04,6202,0,25309.9,0
7795,6585,1997-05,6202,0,38202.1,0
7795,6585,1997-06,6202,0,33009.6,0
7795,6585,1997-07,6202,0,56071.0,0
7795,6585,1997-08,6202,0,106585.3,0
7795,6585,1997-09,6202,0,68243.7,0
7795,6585,1997-10,6202,0,47379.3,0
7795,6585,1997-11,6202,0,73293.9,0
7795,6585,1997-12,6202,0,68221.1,0
7795,6585,1998-01,6202,0,43823.9,0
7795,6585,1998-02,6202,0,72475.8,0
7795,6585,1998-03,6202,0,42428.8,0
7795,6585,1998-04,6202,0,103241.4,0
7795,6585,1998-05,6202,0,81994.7,0
7795,6585,1998-06,6202,0,70035.4,0
7795,6585,1998-07,6202,0,88868.1,0
7795,6585,1998-08,6202,0,54537.6,0
7795,6585,1998-09,6202,0,98161.3,0
7795,6585,1998-10,6202,0,79724.4,0
7795,6585,1998-11,6202,0,59427.9,0
7795,6585,1998-12,6202,0,73183.4,0
7795,6585,1999-01,6202,0,73183.4,0
7795,6585,1999-02,6202,0,73183.4,0
7795,6585,1999-03,6202,0,73183.4,0
7795,6585,1999-04,6202,0,73183.4,0
7795,6585,1999-05,6202,0,73183.4,0
7795,6585,1999-06,6202,0,73183.4,0
7795,6585,1999-07,6202,0,73183.4,0
7795,6585,1999-08,6202,0,73183.4,0
7795,6585,1999-09,6202,0,73183.4,0
7795,6585,1999-10,6202,0,73183.4,0
7795,6585,1999-11,6202,0,73183.4,0
7795,6585,1999-12,6202,0,73183.4,0
7795,6585,2000-01,6202,0,73183.4,0
7795,6585,2000-02,6202,0,73183.4,0
7795,6585,2000-03,6202,0,73183.4,0
7795,6585,2000-04,6202,0,73183.4,0
7795,6585,2000-05,6202,0,73183.4,0
7795,6585,2000-06,6202,0,73183.4,0
7795,6585,2000-07,6202,0,73183.4,0
7795,6585,2000-08,6202,0,73183.4,0
7795,6585,2000-09,6202,0,73183.4,0
7795,6585,2000-10,6202,0,73183.4,0
7795,6585,2000-11,6202,0,73183.4,0
7795,6585,2000-12,6202,0,73183.4,0
7795,6585,2001-01,6202,0,73183.4,0
7795,6585,2001-02,6202,0,73183.4,0
7795,6585,2001-03,6202,0,73183.4,0
7795,6585,2001-04,6202,0,73183.4,0
7795,6585,2001-05,6202,0,73183.4,0
7795,6585,2001-06,6202,0,73183.4,0
7795,6585,2001-07,6202,0,73183.4,0
7795,6585,2001-08,6202,0,73183.4,0
7795,6585,2001-09,6202,0,73183.4,0
7795,6585,2001-10,6202,0,73183.4,0
9422,6921,1996-11,7182,0,67772.1,0
9422,6921,1996-12,7182,0,76016.5,0
9422,6921,1997-01,7182,0,31021.3,0
9422,6921,1997-02,7182,0,47397.1,0
9422,6921,1997-03,7182,0,66324.8,0
9422,6921,1997-04,7182,0,79267.0,0
9422,6921,1997-05,7182,0,36831.0,0
9422,6921,1997-06,7182,0,33116.3,0
9422,6921,1997-07,7182,0,47676.0,0
9422,6921,1997-08,7182,0,55790.3,0
9422,6921,1997-09,7182,0,59726.0,0
9422,6921,1997-10,7182,0,51332.3,0
2062,5366,1996-11,7182,0,64254.7,0
2062,5366,1996-12,7182,0,72484.6,0
2062,5366,1997-01,7182,0,27472.4,0
2062,5366,1997-02,7182,0,43867.8,0
2062,5366,1997-03,7182,0,62781.0,0
2062,5366,1997-04,7182,0,75708.6,0
2062,5366,1997-05,7182,0,33258.1,0
2062,5366,1997-06,7182,0,29528.8,0
2062,5366,1997-07,7182,0,44073.9,0
2062,5366,1997-08,7182,0,52173.6,0
2062,5366,1997-09,7182,0,56094.7,0
2062,5366,1997-10,7182,0,47686.4,0
4447,5886,1996-11,5354,0,74813.2,0
4447,5886,1996-12,5354,0,43674.8,0
4447,5886,1997-01,5354,0,69642.4,0
4447,5886,1997-02,5354,0,35997.3,0
4447,5886,1997-03,5354,0,44946.3,0
4447,5886,1997-04,5354,0,89769.4,0
4447,5886,1997-05,5354,0,52180.2,0
4447,5886,1997-06,5354,0,19939.5,0
4447,5886,1997-07,5354,0,48114.4,0
4447,5886,1997-08,5354,0,29695.9,0
4447,5886,1997-09,5354,0,21027.3,0
4447,5886,1997-10,5354,0,16132.3,0
4447,5886,1997-11,5354,0,42637.6,0
4447,5886,1997-12,5354,0,68886.4,0
4447,5886,1998-01,5354,0,48773.0,0
4447,5886,1998-02,5354,0,58868.2,0
4447,5886,1998-03,5354,0,63667.7,0
4447,5886,1998-04,5354,0,34686.2,0
4447,5886,1998-05,5354,0,38573.7,0
4447,5886,1998-06,5354,0,57154.1,0
4447,5886,1998-07,5354,0,35162.4,0
4447,5886,1998-08,5354,0,32749.6,0
4447,5886,1998-09,5354,0,19726.5,0
4447,5886,1998-10,5354,0,22515.7,0
4447,5886,1998-11,5354,0,65262.2,0
4447,5886,1998-12,5354,0,69375.9,0
4447,5886,1999-01,5354,0,69375.9,0
4447,5886,1999-02,5354,0,69375.9,0
4447,5886,1999-03,5354,0,69375.9,0
4447,5886,1999-04,5354,0,69375.9,0
4447,5886,1999-05,5354,0,69375.9,0
4447,5886,1999-06,5354,0,69375.9,0
4447,5886,1999-07,5354,0,69375.9,0
4447,5886,1999-08,5354,0,69375.9,0
4447,5886,1999-09,5354,0,69375.9,0
4447,5886,1999-10,5354,0,69375.9,0
3754,5741,1996-12,2856,0,24737.5,0
3754,5741,1997-01,2856,0,27460.8,0
3754,5741,1997-02,2856,0,29976.2,0
3754,5741,1997-03,2856,0,39731.9,0
3754,5741,1997-04,2856,0,44629.0,0
3754,5741,1997-05,2856,0,33221.8,0
3754,5741,1997-06,2856,0,52416.5,0
3754,5741,1997-07,2856,0,57363.5,0
3754,5741,1997-08,2856,0,28477.2,0
3754,5741,1997-09,2856,0,42646.6,0
3754,5741,1997-10,2856,0,28245.2,0
3754,5741,1997-11,2856,0,36912.1,0
3754,5741,1997-12,2856,0,53407.9,0
3754,5741,1998-01,2856,0,24221.7,0
3754,5741,1998-02,2856,0,35962.9,0
3754,5741,1998-03,2856,0,31218.4,0
3754,5741,1998-04,2856,0,30462.9,0
3754,5741,1998-05,2856,0,33704.2,0
3754,5741,1998-06,2856,0,45565.2,0
3754,5741,1998-07,2856,0,40736.1,0
3754,5741,1998-08,2856,0,60771.1,0
3754,5741,1998-09,2856,0,71355.3,0
3754,5741,1998-10,2856,0,67958.4,0
3754,5741,1998-11,2856,0,76322.8,0
132,4996,1996-12,7370,0,63725.2,0
132,4996,1997-01,7370,0,41023.3,0
132,4996,1997-02,7370,0,20158.3,0
132,4996,1997-03,7370,0,75410.0,0
132,4996,1997-04,7370,0,64729.5,0
132,4996,1997-05,7370,0,38859.2,0
132,4996,1997-06,7370,0,16526.0,0
132,4996,1997-07,7370,0,22614.3,0
132,4996,1997-08,7370,0,12911.7,0
132,4996,1997-09,7370,0,97336.4,0
132,4996,1997-10,7370,0,90101.6,0
132,4996,1997-11,7370,0,101112.3,0
5001,6015,1996-12,4588,0,89398.6,0
5001,6015,1997-01,4588,0,18395.2,0
5001,6015,1997-02,4588,0,15672.1,0
5001,6015,1997-03,4588,0,18251.0,0
5001,6015,1997-04,4588,0,44591.5,0
5001,6015,1997-05,4588,0,28550.1,0
5001,6015,1997-06,4588,0,20253.5,0
5001,6015,1997-07,4588,0,58148.6,0
5001,6015,1997-08,4588,0,83733.3,0
5001,6015,1997-09,4588,0,83911.0,0
5001,6015,1997-10,4588,0,115209.2,0
5001,6015,1997-11,4588,0,32179.4,0
5001,6015,1997-12,4588,0,66189.2,0
5001,6015,1998-01,4588,0,21621.3,0
5001,6015,1998-02,4588,0,13797.1,0
5001,6015,1998-03,4588,0,8946.7,0
5001,6015,1998-04,4588,0,8387.5,0
5001,6015,1998-05,4588,0,31871.3,0
5001,6015,1998-06,4588,0,23572.2,0
5001,6015,1998-07,4588,0,12144.2,0
5001,6015,1998-08,4588,0,25400.8,0
5001,6015,1998-09,4588,0,27877.9,0
5001,6015,1998-10,4588,0,26365.4,0
5001,6015,1998-11,4588,0,28938.4,0
6434,6309,1996-12,4589,0,48332.0,0
6434,6309,1997-01,4589,0,23258.6,0
6434,6309,1997-02,4589,0,54245.3,0
6434,6309,1997-03,4589,0,45122.9,0
6434,6309,1997-04,4589,0,52279.8,0
6434,6309,1997-05,4589,0,56115.7,0
6434,6309,1997-06,4589,0,67713.4,0
6434,6309,1997-07,4589,0,48885.6,0
6434,6309,1997-08,4589,0,60722.1,0
6434,6309,1997-09,4589,0,29734.9,0
6434,6309,1997-10,4589,0,56224.8,0
6434,6309,1997-11,4589,0,29916.5,0
6434,6309,1997-12,4589,0,24697.1,0
6434,6309,1998-01,4589,0,27342.4,0
6434,6309,1998-02,4589,0,35431.7,0
6434,6309,1998-03,4589,0,22052.5,0
6434,6309,1998-04,4589,0,12622.8,0
6434,6309,1998-05,4589,0,48727.6,0
6434,6309,1998-06,4589,0,69400.3,0
6434,6309,1998-07,4589,0,38334.8,0
6434,6309,1998-08,4589,0,34967.7,0
6434,6309,1998-09,4589,0,34864.0,0
6434,6309,1998-10,4589,0,39753.3,0
6434,6309,1998-11,4589,0,34243.8,0
5263,6073,1996-12,4605,0,36440.2,0
5263,6073,1997-01,4605,0,17962.3,0
5263,6073,1997-02,4605,0,29721.8,0
5263,6073,1997-03,4605,0,30062.0,0
5263,6073,1997-04,4605,0,32528.4,0
5263,6073,1997-05,4605,0,36408.1,0
5263,6073,1997-06,4605,0,41689.2,0
5263,6073,1997-07,4605,0,42116.6,0
5263,6073,1997-08,4605,0,37450.2,0
5263,6073,1997-09,4605,0,40065.8,0
5263,6073,1997-10,4605,0,37477.6,0
5263,6073,1997-11,4605,0,40680.6,0
5263,6073,1997-12,4605,0,43321.2,0
5263,6073,1998-01,4605,0,38018.9,0
5263,6073,1998-02,4605,0,41199.9,0
5263,6073,1998-03,4605,0,51419.8,0
5263,6073,1998-04,4605,0,57617.0,0
5263,6073,1998-05,4605,0,59603.7,0
5263,6073,1998-06,4605,0,48657.9,0
5263,6073,1998-07,4605,0,56520.8,0
5263,6073,1998-08,4605,0,58903.8,0
5263,6073,1998-09,4605,0,60096.1,0
5263,6073,1998-10,4605,0,68599.3,0
5263,6073,1998-11,4605,0,73335.0,0
5263,6073,1998-12,4605,0,66574.0,0
5263,6073,1999-01,4605,0,66574.0,0
5263,6073,1999-02,4605,0,66574.0,0
5263,6073,1999-03,4605,0,66574.0,0
5263,6073,1999-04,4605,0,66574.0,0
5263,6073,1999-05,4605,0,66574.0,0
5263,6073,1999-06,4605,0,66574.0,0
5263,6073,1999-07,4605,0,66574.0,0
5263,6073,1999-08,4605,0,66574.0,0
5263,6073,1999-09,4605,0,66574.0,0
5263,6073,1999-10,4605,0,66574.0,0
5263,6073,1999-11,4605,0,66574.0,0
5263,6073,1999-12,4605,0,66574.0,0
5263,6073,2000-01,4605,0,66574.0,0
5263,6073,2000-02,4605,0,66574.0,0
5263,6073,2000-03,4605,0,66574.0,0
5263,6073,2000-04,4605,0,66574.0,0
5263,6073,2000-05,4605,0,66574.0,0
5263,6073,2000-06,4605,0,66574.0,0
5263,6073,2000-07,4605,0,66574.0,0
5263,6073,2000-08,4605,0,66574.0,0
5263,6073,2000-09,4605,0,66574.0,0
5263,6073,2000-10,4605,0,66574.0,0
5263,6073,2000-11,4605,0,66574.0,0
5263,6073,2000-12,4605,0,66574.0,0
5263,6073,2001-01,4605,0,66574.0,0
5263,6073,2001-02,4605,0,66574.0,0
5263,6073,2001-03,4605,0,66574.0,0
5263,6073,2001-04,4605,0,66574.0,0
5263,6073,2001-05,4605,0,66574.0,0
5263,6073,2001-06,4605,0,66574.0,0
5263,6073,2001-07,4605,0,66574.0,0
5263,6073,2001-08,4605,0,66574.0,0
5263,6073,2001-09,4605,0,66574.0,0
5263,6073,2001-10,4605,0,66574.0,0
5263,6073,2001-11,4605,0,66574.0,0
4948,6006,1996-12,5996,0,50985.3,0
4948,6006,1997-01,5996,0,38877.7,0
4948,6006,1997-02,5996,0,21563.1,0
4948,6006,1997-03,5996,0,68121.7,0
4948,6006,1997-04,5996,0,51273.5,0
4948,6006,1997-05,5996,0,24414.4,0
4948,6006,1997-06,5996,0,43242.7,0
4948,6006,1997-07,5996,0,43963.9,0
4948,6006,1997-08,5996,0,44538.8,0
4948,6006,1997-09,5996,0,71278.9,0
4948,6006,1997-10,5996,0,44591.4,0
4948,6006,1997-11,5996,0,66530.5,0
4948,6006,1997-12,5996,0,27870.2,0
4948,6006,1998-01,5996,0,33123.7,0
4948,6006,1998-02,5996,0,36060.4,0
4948,6006,1998-03,5996,0,22860.0,0
4948,6006,1998-04,5996,0,55423.0,0
4948,6006,1998-05,5996,0,44365.7,0
4948,6006,1998-06,5996,0,35559.0,0
4948,6006,1998-07,5996,0,26661.4,0
4948,6006,1998-08,5996,0,45974.4,0
4948,6006,1998-09,5996,0,61141.0,0
4948,6006,1998-10,5996,0,27778.6,0
4948,6006,1998-11,5996,0,49098.9,0
4948,6006,1998-12,5996,0,62313.3,0
4948,6006,1999-01,5996,0,62313.3,0
4948,6006,1999-02,5996,0,62313.3,0
4948,6006,1999-03,5996,0,62313.3,0
4948,6006,1999-04,5996,0,62313.3,0
4948,6006,1999-05,5996,0,62313.3,0
4948,6006,1999-06,5996,0,62313.3,0
4948,6006,1999-07,5996,0,62313.3,0
4948,6006,1999-08,5996,0,62313.3,0
4948,6006,1999-09,5996,0,62313.3,0
4948,6006,1999-10,5996,0,62313.3,0
4948,6006,1999-11,5996,0,62313.3,0
4948,6006,1999-12,5996,0,62313.3,0
4948,6006,2000-01,5996,0,62313.3,0
4948,6006,2000-02,5996,0,62313.3,0
4948,6006,2000-03,5996,0,62313.3,0
4948,6006,2000-04,5996,0,62313.3,0
4948,6006,2000-05,5996,0,62313.3,0
4948,6006,2000-06,5996,0,62313.3,0
4948,6006,2000-07,5996,0,62313.3,0
4948,6006,2000-08,5996,0,62313.3,0
4948,6006,2000-09,5996,0,62313.3,0
4948,6006,2000-10,5996,0,62313.3,0
4948,6006,2000-11,5996,0,62313.3,0
4948,6006,2000-12,5996,0,62313.3,0
4948,6006,2001-01,5996,0,62313.3,0
4948,6006,2001-02,5996,0,62313.3,0
4948,6006,2001-03,5996,0,62313.3,0
4948,6006,2001-04,5996,0,62313.3,0
4948,6006,2001-05,5996,0,62313.3,0
4948,6006,2001-06,5996,0,62313.3,0
4948,6006,2001-07,5996,0,62313.3,0
4948,6006,2001-08,5996,0,62313.3,0
4948,6006,2001-09,5996,0,62313.3,0
4948,6006,2001-10,5996,0,62313.3,0
4948,6006,2001-11,5996,0,62313.3,0
3115,5611,1996-12,5353,0,20863.8,0
3115,5611,1997-01,5353,0,20004.6,0
3115,5611,1997-02,5353,0,29131.3,0
3115,5611,1997-03,5353,0,32356.8,0
3115,5611,1997-04,5353,0,35649.4,0
3115,5611,1997-05,5353,0,30242.3,0
3115,5611,1997-06,5353,0,39128.3,0
3115,5611,1997-07,5353,0,31357.8,0
3115,5611,1997-08,5353,0,28332.2,0
3115,5611,1997-09,5353,0,23378.3,0
3115,5611,1997-10,5353,0,24128.5,0
3115,5611,1997-11,5353,0,26488.1,0
3115,5611,1997-12,5353,0,30442.9,0
3115,5611,1998-01,5353,0,18173.5,0
3115,5611,1998-02,5353,0,18402.4,0
3115,5611,1998-03,5353,0,17522.9,0
3115,5611,1998-04,5353,0,23051.8,0
3115,5611,1998-05,5353,0,21789.0,0
3115,5611,1998-06,5353,0,21649.0,0
3115,5611,1998-07,5353,0,18482.0,0
3115,5611,1998-08,5353,0,19301.4,0
3115,5611,1998-09,5353,0,20331.8,0
3115,5611,1998-10,5353,0,14147.3,0
3115,5611,1998-11,5353,0,26283.8,0
3115,5611,1998-12,5353,0,21995.1,0
3115,5611,1999-01,5353,0,21995.1,0
3115,5611,1999-02,5353,0,21995.1,0
3115,5611,1999-03,5353,0,21995.1,0
3115,5611,1999-04,5353,0,21995.1,0
3115,5611,1999-05,5353,0,21995.1,0
3115,5611,1999-06,5353,0,21995.1,0
3115,5611,1999-07,5353,0,21995.1,0
3115,5611,1999-08,5353,0,21995.1,0
3115,5611,1999-09,5353,0,21995.1,0
3115,5611,1999-10,5353,0,21995.1,0
3115,5611,1999-11,5353,0,21995.1,0
3115,5611,1999-12,5353,0,21995.1,0
3115,5611,2000-01,5353,0,21995.1,0
3115,5611,2000-02,5353,0,21995.1,0
3115,5611,2000-03,5353,0,21995.1,0
3115,5611,2000-04,5353,0,21995.1,0
3115,5611,2000-05,5353,0,21995.1,0
3115,5611,2000-06,5353,0,21995.1,0
3115,5611,2000-07,5353,0,21995.1,0
3115,5611,2000-08,5353,0,21995.1,0
3115,5611,2000-09,5353,0,21995.1,0
3115,5611,2000-10,5353,0,21995.1,0
3115,5611,2000-11,5353,0,21995.1,0
3115,5611,2000-12,5353,0,21995.1,0
3115,5611,2001-01,5353,0,21995.1,0
3115,5611,2001-02,5353,0,21995.1,0
3115,5611,2001-03,5353,0,21995.1,0
3115,5611,2001-04,5353,0,21995.1,0
3115,5611,2001-05,5353,0,21995.1,0
3115,5611,2001-06,5353,0,21995.1,0
3115,5611,2001-07,5353,0,21995.1,0
3115,5611,2001-08,5353,0,21995.1,0
3115,5611,2001-09,5353,0,21995.1,0
3115,5611,2001-10,5353,0,21995.1,0
3115,5611,2001-11,5353,0,21995.1,0
9548,6944,1996-12,962,0,47369.7,0
9548,6944,1997-01,962,0,37558.5,0
9548,6944,1997-02,962,0,38943.6,0
9548,6944,1997-03,962,0,38527.4,0
9548,6944,1997-04,962,0,38711.9,0
9548,6944,1997-05,962,0,40201.6,0
9548,6944,1997-06,962,0,21641.9,0
9548,6944,1997-07,962,0,36609.4,0
9548,6944,1997-08,962,0,40700.4,0
9548,6944,1997-09,962,0,44199.8,0
9548,6944,1997-10,962,0,40611.6,0
9548,6944,1997-11,962,0,47423.7,0
9548,6944,1997-12,962,0,52141.4,0
9548,6944,1998-01,962,0,52295.5,0
9548,6944,1998-02,962,0,54054.1,0
9548,6944,1998-03,962,0,52314.3,0
9548,6944,1998-04,962,0,55773.4,0
9548,6944,1998-05,962,0,62047.7,0
9548,6944,1998-06,962,0,63105.8,0
9548,6944,1998-07,962,0,65298.5,0
9548,6944,1998-08,962,0,67609.0,0
9548,6944,1998-09,962,0,68727.6,0
9548,6944,1998-10,962,0,72653.0,0
9548,6944,1998-11,962,0,75389.2,0
9548,6944,1998-12,962,0,91829.1,0
9548,6944,1999-01,962,0,91829.1,0
9548,6944,1999-02,962,0,91829.1,0
9548,6944,1999-03,962,0,91829.1,0
9548,6944,1999-04,962,0,91829.1,0
9548,6944,1999-05,962,0,91829.1,0
9548,6944,1999-06,962,0,91829.1,0
9548,6944,1999-07,962,0,91829.1,0
9548,6944,1999-08,962,0,91829.1,0
9548,6944,1999-09,962,0,91829.1,0
9548,6944,1999-10,962,0,91829.1,0
9548,6944,1999-11,962,0,91829.1,0
9548,6944,1999-12,962,0,91829.1,0
9548,6944,2000-01,962,0,91829.1,0
9548,6944,2000-02,962,0,91829.1,0
9548,6944,2000-03,962,0,91829.1,0
9548,6944,2000-04,962,0,91829.1,0
9548,6944,2000-05,962,0,91829.1,0
9548,6944,2000-06,962,0,91829.1,0
9548,6944,2000-07,962,0,91829.1,0
9548,6944,2000-08,962,0,91829.1,0
9548,6944,2000-09,962,0,91829.1,0
9548,6944,2000-10,962,0,91829.1,0
9548,6944,2000-11,962,0,91829.1,0
10297,7101,1996-12,8771,0,33739.0,0
10297,7101,1997-01,8771,0,17418.6,0
10297,7101,1997-02,8771,0,29362.2,0
10297,7101,1997-03,8771,0,33838.1,0
10297,7101,1997-04,8771,0,38754.2,0
10297,7101,1997-05,8771,0,38701.3,0
10297,7101,1997-06,8771,0,41988.0,0
10297,7101,1997-07,8771,0,43011.3,0
10297,7101,1997-08,8771,0,32995.9,0
10297,7101,1997-09,8771,0,39693.5,0
10297,7101,1997-10,8771,0,44714.4,0
10297,7101,1997-11,8771,0,45082.8,0
10297,7101,1997-12,8771,0,56101.8,0
10297,7101,1998-01,8771,0,39530.6,0
10297,7101,1998-02,8771,0,50163.8,0
10297,7101,1998-03,8771,0,56832.7,0
10297,7101,1998-04,8771,0,60519.4,0
10297,7101,1998-05,8771,0,66429.1,0
10297,7101,1998-06,8771,0,38213.7,0
10297,7101,1998-07,8771,0,58471.0,0
10297,7101,1998-08,8771,0,66578.2,0
10297,7101,1998-09,8771,0,75621.4,0
10297,7101,1998-10,8771,0,74973.8,0
10297,7101,1998-11,8771,0,72519.9,0
10297,7101,1998-12,8771,0,77686.6,0
10297,7101,1999-01,8771,0,77686.6,0
10297,7101,1999-02,8771,0,77686.6,0
10297,7101,1999-03,8771,0,77686.6,0
10297,7101,1999-04,8771,0,77686.6,0
10297,7101,1999-05,8771,0,77686.6,0
10297,7101,1999-06,8771,0,77686.6,0
10297,7101,1999-07,8771,0,77686.6,0
10297,7101,1999-08,8771,0,77686.6,0
10297,7101,1999-09,8771,0,77686.6,0
10297,7101,1999-10,8771,0,77686.6,0
10297,7101,1999-11,8771,0,77686.6,0
10297,7101,1999-12,8771,0,77686.6,0
10297,7101,2000-01,8771,0,77686.6,0
10297,7101,2000-02,8771,0,77686.6,0
10297,7101,2000-03,8771,0,77686.6,0
10297,7101,2000-04,8771,0,77686.6,0
10297,7101,2000-05,8771,0,77686.6,0
10297,7101,2000-06,8771,0,77686.6,0
10297,7101,2000-07,8771,0,77686.6,0
10297,7101,2000-08,8771,0,77686.6,0
10297,7101,2000-09,8771,0,77686.6,0
10297,7101,2000-10,8771,0,77686.6,0
10297,7101,2000-11,8771,0,77686.6,0
7859,6599,1996-12,6010,0,66315.1,0
7859,6599,1997-01,6010,0,65998.9,0
7859,6599,1997-02,6010,0,93873.0,0
7859,6599,1997-03,6010,0,107930.5,0
7859,6599,1997-04,6010,0,91847.8,0
7859,6599,1997-05,6010,0,95441.5,0
7859,6599,1997-06,6010,0,31907.3,0
7859,6599,1997-07,6010,0,52541.3,0
7859,6599,1997-08,6010,0,66057.6,0
7859,6599,1997-09,6010,0,74935.6,0
7859,6599,1997-10,6010,0,70642.4,0
7859,6599,1997-11,6010,0,56540.3,0
9510,6940,1996-12,6341,0,56893.5,0
9510,6940,1997-01,6341,0,47009.6,0
9510,6940,1997-02,6341,0,47812.4,0
9510,6940,1997-03,6341,0,44585.0,0
9510,6940,1997-04,6341,0,45979.4,0
9510,6940,1997-05,6341,0,41515.2,0
9510,6940,1997-06,6341,0,42690.6,0
9510,6940,1997-07,6341,0,41042.5,0
9510,6940,1997-08,6341,0,34233.7,0
9510,6940,1997-09,6341,0,37289.8,0
9510,6940,1997-10,6341,0,33018.3,0
9510,6940,1997-11,6341,0,36171.0,0
9510,6940,1997-12,6341,0,34321.9,0
9510,6940,1998-01,6341,0,25772.3,0
9510,6940,1998-02,6341,0,34404.1,0
9510,6940,1998-03,6341,0,34451.9,0
9510,6940,1998-04,6341,0,31551.2,0
9510,6940,1998-05,6341,0,24682.1,0
9510,6940,1998-06,6341,0,13526.1,0
9510,6940,1998-07,6341,0,23008.2,0
9510,6940,1998-08,6341,0,27727.4,0
9510,6940,1998-09,6341,0,26262.3,0
9510,6940,1998-10,6341,0,29793.6,0
9510,6940,1998-11,6341,0,23160.0,0
9510,6940,1998-12,6341,0,36343.2,0
9510,6940,1999-01,6341,0,36343.2,0
9510,6940,1999-02,6341,0,36343.2,0
9510,6940,1999-03,6341,0,36343.2,0
9510,6940,1999-04,6341,0,36343.2,0
9510,6940,1999-05,6341,0,36343.2,0
9510,6940,1999-06,6341,0,36343.2,0
9510,6940,1999-07,6341,0,36343.2,0
9510,6940,1999-08,6341,0,36343.2,0
9510,6940,1999-09,6341,0,36343.2,0
9510,6940,1999-10,6341,0,36343.2,0
9510,6940,1999-11,6341,0,36343.2,0
1250,5209,1996-12,3805,0,28272.8,0
1250,5209,1997-01,3805,0,14942.2,0
1250,5209,1997-02,3805,0,18421.6,0
1250,5209,1997-03,3805,0,18108.1,0
1250,5209,1997-04,3805,0,21001.0,0
1250,5209,1997-05,3805,0,21702.2,0
1250,5209,1997-06,3805,0,20740.5,0
1250,5209,1997-07,3805,0,15522.3,0
1250,5209,1997-08,3805,0,10625.5,0
1250,5209,1997-09,3805,0,12583.1,0
1250,5209,1997-10,3805,0,21560.4,0
1250,5209,1997-11,3805,0,13143.8,0
1250,5209,1997-12,3805,0,12739.2,0
1250,5209,1998-01,3805,0,21717.0,0
1250,5209,1998-02,3805,0,12497.8,0
1250,5209,1998-03,3805,0,10453.9,0
1250,5209,1998-04,3805,0,10605.3,0
1250,5209,1998-05,3805,0,12359.7,0
1250,5209,1998-06,3805,0,19763.7,0
1250,5209,1998-07,3805,0,18949.7,0
1250,5209,1998-08,3805,0,17228.8,0
1250,5209,1998-09,3805,0,19208.9,0
1250,5209,1998-10,3805,0,18189.4,0
1250,5209,1998-11,3805,0,12630.7,0
1250,5209,1998-12,3805,0,17649.1,0
1250,5209,1999-01,3805,0,17649.1,0
1250,5209,1999-02,3805,0,17649.1,0
1250,5209,1999-03,3805,0,17649.1,0
1250,5209,1999-04,3805,0,17649.1,0
1250,5209,1999-05,3805,0,17649.1,0
1250,5209,1999-06,3805,0,17649.1,0
1250,5209,1999-07,3805,0,17649.1,0
1250,5209,1999-08,3805,0,17649.1,0
1250,5209,1999-09,3805,0,17649.1,0
1250,5209,1999-10,3805,0,17649.1,0
1250,5209,1999-11,3805,0,17649.1,0
1250,5209,1999-12,3805,0,17649.1,0
1250,5209,2000-01,3805,0,17649.1,0
1250,5209,2000-02,3805,0,17649.1,0
1250,5209,2000-03,3805,0,17649.1,0
1250,5209,2000-04,3805,0,17649.1,0
1250,5209,2000-05,3805,0,17649.1,0
1250,5209,2000-06,3805,0,17649.1,0
1250,5209,2000-07,3805,0,17649.1,0
1250,5209,2000-08,3805,0,17649.1,0
1250,5209,2000-09,3805,0,17649.1,0
1250,5209,2000-10,3805,0,17649.1,0
1250,5209,2000-11,3805,0,17649.1,0
2153,5388,1996-12,5130,0,26948.3,0
2153,5388,1997-01,5130,0,19393.9,0
2153,5388,1997-02,5130,0,26755.0,0
2153,5388,1997-03,5130,0,23212.6,0
2153,5388,1997-04,5130,0,26375.7,0
2153,5388,1997-05,5130,0,22827.7,0
2153,5388,1997-06,5130,0,35309.3,0
2153,5388,1997-07,5130,0,24260.4,0
2153,5388,1997-08,5130,0,13050.0,0
2153,5388,1997-09,5130,0,9395.7,0
2153,5388,1997-10,5130,0,20832.5,0
2153,5388,1997-11,5130,0,12005.6,0
4981,6011,1996-12,3736,0,40445.1,0
4981,6011,1997-01,3736,0,27326.1,0
4981,6011,1997-02,3736,0,30095.6,0
4981,6011,1997-03,3736,0,35079.1,0
4981,6011,1997-04,3736,0,34474.2,0
4981,6011,1997-05,3736,0,36471.5,0
4981,6011,1997-06,3736,0,19799.1,0
4981,6011,1997-07,3736,0,22920.4,0
4981,6011,1997-08,3736,0,29376.9,0
4981,6011,1997-09,3736,0,28039.9,0
4981,6011,1997-10,3736,0,29701.0,0
4981,6011,1997-11,3736,0,28459.9,0
4981,6011,1997-12,3736,0,27724.3,0
4981,6011,1998-01,3736,0,16213.4,0
4981,6011,1998-02,3736,0,19926.6,0
4981,6011,1998-03,3736,0,19753.0,0
4981,6011,1998-04,3736,0,14999.9,0
4981,6011,1998-05,3736,0,16101.6,0
4981,6011,1998-06,3736,0,20473.7,0
4981,6011,1998-07,3736,0,19791.1,0
4981,6011,1998-08,3736,0,21611.2,0
4981,6011,1998-09,3736,0,17217.3,0
4981,6011,1998-10,3736,0,16220.4,0
4981,6011,1998-11,3736,0,13005.3,0
4981,6011,1998-12,3736,0,15770.4,0
4981,6011,1999-01,3736,0,15770.4,0
4981,6011,1999-02,3736,0,15770.4,0
4981,6011,1999-03,3736,0,15770.4,0
4981,6011,1999-04,3736,0,15770.4,0
4981,6011,1999-05,3736,0,15770.4,0
4981,6011,1999-06,3736,0,15770.4,0
4981,6011,1999-07,3736,0,15770.4,0
4981,6011,1999-08,3736,0,15770.4,0
4981,6011,1999-09,3736,0,15770.4,0
4981,6011,1999-10,3736,0,15770.4,0
4981,6011,1999-11,3736,0,15770.4,0
4981,6011,1999-12,3736,0,15770.4,0
4981,6011,2000-01,3736,0,15770.4,0
4981,6011,2000-02,3736,0,15770.4,0
4981,6011,2000-03,3736,0,15770.4,0
4981,6011,2000-04,3736,0,15770.4,0
4981,6011,2000-05,3736,0,15770.4,0
4981,6011,2000-06,3736,0,15770.4,0
4981,6011,2000-07,3736,0,15770.4,0
4981,6011,2000-08,3736,0,15770.4,0
4981,6011,2000-09,3736,0,15770.4,0
4981,6011,2000-10,3736,0,15770.4,0
4981,6011,2000-11,3736,0,15770.4,0
3021,5591,1997-01,3242,0,18416.8,0
3021,5591,1997-02,3242,0,22263.5,0
3021,5591,1997-03,3242,0,18378.4,0
3021,5591,1997-04,3242,0,29079.9,0
3021,5591,1997-05,3242,0,27249.7,0
3021,5591,1997-06,3242,0,30014.1,0
3021,5591,1997-07,3242,0,34348.2,0
3021,5591,1997-08,3242,0,35089.6,0
3021,5591,1997-09,3242,0,22523.6,0
3021,5591,1997-10,3242,0,20440.7,0
3021,5591,1997-11,3242,0,20886.7,0
3021,5591,1997-12,3242,0,19502.4,0
3021,5591,1998-01,3242,0,20084.0,0
3021,5591,1998-02,3242,0,26582.6,0
3021,5591,1998-03,3242,0,27994.1,0
3021,5591,1998-04,3242,0,27203.4,0
3021,5591,1998-05,3242,0,22096.6,0
3021,5591,1998-06,3242,0,29632.1,0
3021,5591,1998-07,3242,0,23240.3,0
3021,5591,1998-08,3242,0,19293.2,0
3021,5591,1998-09,3242,0,35610.7,0
3021,5591,1998-10,3242,0,28416.5,0
3021,5591,1998-11,3242,0,30737.2,0
3021,5591,1998-12,3242,0,20170.3,0
3021,5591,1999-01,3242,0,20170.3,0
3021,5591,1999-02,3242,0,20170.3,0
3021,5591,1999-03,3242,0,20170.3,0
3021,5591,1999-04,3242,0,20170.3,0
3021,5591,1999-05,3242,0,20170.3,0
3021,5591,1999-06,3242,0,20170.3,0
3021,5591,1999-07,3242,0,20170.3,0
3021,5591,1999-08,3242,0,20170.3,0
3021,5591,1999-09,3242,0,20170.3,0
3021,5591,1999-10,3242,0,20170.3,0
3021,5591,1999-11,3242,0,20170.3,0
3021,5591,1999-12,3242,0,20170.3,0
3021,5591,2000-01,3242,0,20170.3,0
3021,5591,2000-02,3242,0,20170.3,0
3021,5591,2000-03,3242,0,20170.3,0
3021,5591,2000-04,3242,0,20170.3,0
3021,5591,2000-05,3242,0,20170.3,0
3021,5591,2000-06,3242,0,20170.3,0
3021,5591,2000-07,3242,0,20170.3,0
3021,5591,2000-08,3242,0,20170.3,0
3021,5591,2000-09,3242,0,20170.3,0
3021,5591,2000-10,3242,0,20170.3,0
3021,5591,2000-11,3242,0,20170.3,0
3021,5591,2000-12,3242,0,20170.3,0
10520,7154,1997-01,6960,0,22538.5,0
10520,7154,1997-02,6960,0,78785.8,0
10520,7154,1997-03,6960,0,42408.6,0
10520,7154,1997-04,6960,0,108655.0,0
10520,7154,1997-05,6960,0,62814.5,0
10520,7154,1997-06,6960,0,25092.0,0
10520,7154,1997-07,6960,0,16917.2,0
10520,7154,1997-08,6960,0,47960.1,0
10520,7154,1997-09,6960,0,36269.6,0
10520,7154,1997-10,6960,0,44522.7,0
10520,7154,1997-11,6960,0,102021.5,0
10520,7154,1997-12,6960,0,61999.9,0
10520,7154,1998-01,6960,0,64997.7,0
10520,7154,1998-02,6960,0,40640.0,0
10520,7154,1998-03,6960,0,32228.9,0
10520,7154,1998-04,6960,0,35954.3,0
10520,7154,1998-05,6960,0,25213.4,0
10520,7154,1998-06,6960,0,21947.9,0
10520,7154,1998-07,6960,0,22478.8,0
10520,7154,1998-08,6960,0,79193.1,0
10520,7154,1998-09,6960,0,28945.1,0
10520,7154,1998-10,6960,0,21683.7,0
10520,7154,1998-11,6960,0,45659.5,0
10520,7154,1998-12,6960,0,28240.1,0
10520,7154,1999-01,6960,0,28240.1,0
10520,7154,1999-02,6960,0,28240.1,0
10520,7154,1999-03,6960,0,28240.1,0
10520,7154,1999-04,6960,0,28240.1,0
10520,7154,1999-05,6960,0,28240.1,0
10520,7154,1999-06,6960,0,28240.1,0
10520,7154,1999-07,6960,0,28240.1,0
10520,7154,1999-08,6960,0,28240.1,0
10520,7154,1999-09,6960,0,28240.1,0
10520,7154,1999-10,6960,0,28240.1,0
10520,7154,1999-11,6960,0,28240.1,0
10520,7154,1999-12,6960,0,28240.1,0
10520,7154,2000-01,6960,0,28240.1,0
10520,7154,2000-02,6960,0,28240.1,0
10520,7154,2000-03,6960,0,28240.1,0
10520,7154,2000-04,6960,0,28240.1,0
10520,7154,2000-05,6960,0,28240.1,0
10520,7154,2000-06,6960,0,28240.1,0
10520,7154,2000-07,6960,0,28240.1,0
10520,7154,2000-08,6960,0,28240.1,0
10520,7154,2000-09,6960,0,28240.1,0
10520,7154,2000-10,6960,0,28240.1,0
10520,7154,2000-11,6960,0,28240.1,0
10520,7154,2000-12,6960,0,28240.1,0
10520,7154,2001-01,6960,0,28240.1,0
10520,7154,2001-02,6960,0,28240.1,0
10520,7154,2001-03,6960,0,28240.1,0
10520,7154,2001-04,6960,0,28240.1,0
10520,7154,2001-05,6960,0,28240.1,0
10520,7154,2001-06,6960,0,28240.1,0
10520,7154,2001-07,6960,0,28240.1,0
10520,7154,2001-08,6960,0,28240.1,0
10520,7154,2001-09,6960,0,28240.1,0
10520,7154,2001-10,6960,0,28240.1,0
10520,7154,2001-11,6960,0,28240.1,0
10520,7154,2001-12,6960,0,28240.1,0
10411,7130,1997-01,5142,0,47535.8,0
10411,7130,1997-02,5142,0,45567.9,0
10411,7130,1997-03,5142,0,28473.0,0
10411,7130,1997-04,5142,0,48337.8,0
10411,7130,1997-05,5142,0,101478.4,0
10411,7130,1997-06,5142,0,59944.8,0
10411,7130,1997-07,5142,0,52555.0,0
10411,7130,1997-08,5142,0,69038.6,0
10411,7130,1997-09,5142,0,100121.3,0
10411,7130,1997-10,5142,0,67207.8,0
10411,7130,1997-11,5142,0,60033.8,0
10411,7130,1997-12,5142,0,96647.9,0
10411,7130,1998-01,5142,0,26277.7,0
10411,7130,1998-02,5142,0,54396.0,0
10411,7130,1998-03,5142,0,51078.4,0
10411,7130,1998-04,5142,0,43639.8,0
10411,7130,1998-05,5142,0,89184.8,0
10411,7130,1998-06,5142,0,63054.0,0
10411,7130,1998-07,5142,0,67126.7,0
10411,7130,1998-08,5142,0,54073.3,0
10411,7130,1998-09,5142,0,62350.0,0
10411,7130,1998-10,5142,0,46822.5,0
10411,7130,1998-11,5142,0,29663.3,0
10411,7130,1998-12,5142,0,62005.0,0
9030,6818,1997-01,3242,0,43137.3,0
9030,6818,1997-02,3242,0,42715.9,0
9030,6818,1997-03,3242,0,47023.9,0
9030,6818,1997-04,3242,0,43900.1,0
9030,6818,1997-05,3242,0,46075.0,0
9030,6818,1997-06,3242,0,28469.9,0
9030,6818,1997-07,3242,0,35376.2,0
9030,6818,1997-08,3242,0,40212.6,0
9030,6818,1997-09,3242,0,38768.8,0
9030,6818,1997-10,3242,0,38347.4,0
9030,6818,1997-11,3242,0,34186.9,0
9030,6818,1997-12,3242,0,39454.3,0
9030,6818,1998-01,3242,0,38993.5,0
9030,6818,1998-02,3242,0,49135.8,0
9030,6818,1998-03,3242,0,43144.9,0
9030,6818,1998-04,3242,0,49945.5,0
9030,6818,1998-05,3242,0,54653.7,0
9030,6818,1998-06,3242,0,56296.0,0
9030,6818,1998-07,3242,0,52517.7,0
9030,6818,1998-08,3242,0,53403.8,0
9030,6818,1998-09,3242,0,55425.7,0
9030,6818,1998-10,3242,0,56220.2,0
9030,6818,1998-11,3242,0,55754.7,0
9030,6818,1998-12,3242,0,58006.8,0
9030,6818,1999-01,3242,0,58006.8,0
9030,6818,1999-02,3242,0,58006.8,0
9030,6818,1999-03,3242,0,58006.8,0
9030,6818,1999-04,3242,0,58006.8,0
9030,6818,1999-05,3242,0,58006.8,0
9030,6818,1999-06,3242,0,58006.8,0
9030,6818,1999-07,3242,0,58006.8,0
9030,6818,1999-08,3242,0,58006.8,0
9030,6818,1999-09,3242,0,58006.8,0
9030,6818,1999-10,3242,0,58006.8,0
9030,6818,1999-11,3242,0,58006.8,0
9030,6818,1999-12,3242,0,58006.8,0
9030,6818,2000-01,3242,0,58006.8,0
9030,6818,2000-02,3242,0,58006.8,0
9030,6818,2000-03,3242,0,58006.8,0
9030,6818,2000-04,3242,0,58006.8,0
9030,6818,2000-05,3242,0,58006.8,0
9030,6818,2000-06,3242,0,58006.8,0
9030,6818,2000-07,3242,0,58006.8,0
9030,6818,2000-08,3242,0,58006.8,0
9030,6818,2000-09,3242,0,58006.8,0
9030,6818,2000-10,3242,0,58006.8,0
9030,6818,2000-11,3242,0,58006.8,0
9030,6818,2000-12,3242,0,58006.8,0
3189,5625,1997-01,3703,1,11561.5,0
3189,5625,1997-02,3703,1,17300.3,0
3189,5625,1997-03,3703,1,27600.4,0
3189,5625,1997-04,3703,1,26997.3,0
3189,5625,1997-05,3703,1,26992.4,0
3189,5625,1997-06,3703,1,24884.6,0
3189,5625,1997-07,3703,1,23869.5,0
3189,5625,1997-08,3703,1,20746.7,0
3189,5625,1997-09,3703,1,11861.5,0
3189,5625,1997-10,3703,1,53421.7,0
3189,5625,1997-11,3703,1,40403.5,0
3189,5625,1997-12,3703,1,31539.4,0
3189,5625,1998-01,3703,1,-31.7,1
3189,5625,1998-02,3703,1,30659.5,0
3189,5625,1998-03,3703,1,28822.4,0
3189,5625,1998-04,3703,1,51071.0,0
3189,5625,1998-05,3703,1,35328.0,0
3189,5625,1998-06,3703,1,27754.9,0
3189,5625,1998-07,3703,1,28422.6,0
3189,5625,1998-08,3703,1,26066.4,0
3189,5625,1998-09,3703,1,33225.1,0
3189,5625,1998-10,3703,1,21825.0,0
3189,5625,1998-11,3703,1,29718.6,0
3189,5625,1998-12,3703,1,17262.3,0
3189,5625,1999-01,3703,1,17262.3,0
3189,5625,1999-02,3703,1,17262.3,0
3189,5625,1999-03,3703,1,17262.3,0
3189,5625,1999-04,3703,1,17262.3,0
3189,5625,1999-05,3703,1,17262.3,0
3189,5625,1999-06,3703,1,17262.3,0
3189,5625,1999-07,3703,1,17262.3,0
3189,5625,1999-08,3703,1,17262.3,0
3189,5625,1999-09,3703,1,17262.3,0
3189,5625,1999-10,3703,1,17262.3,0
3189,5625,1999-11,3703,1,17262.3,0
3189,5625,1999-12,3703,1,17262.3,0
3189,5625,2000-01,3703,1,17262.3,0
3189,5625,2000-02,3703,1,17262.3,0
3189,5625,2000-03,3703,1,17262.3,0
3189,5625,2000-04,3703,1,17262.3,0
3189,5625,2000-05,3703,1,17262.3,0
3189,5625,2000-06,3703,1,17262.3,0
3189,5625,2000-07,3703,1,17262.3,0
3189,5625,2000-08,3703,1,17262.3,0
3189,5625,2000-09,3703,1,17262.3,0
3189,5625,2000-10,3703,1,17262.3,0
3189,5625,2000-11,3703,1,17262.3,0
3189,5625,2000-12,3703,1,17262.3,0
3189,5625,2001-01,3703,1,17262.3,0
3189,5625,2001-02,3703,1,17262.3,0
3189,5625,2001-03,3703,1,17262.3,0
3189,5625,2001-04,3703,1,17262.3,0
3189,5625,2001-05,3703,1,17262.3,0
3189,5625,2001-06,3703,1,17262.3,0
3189,5625,2001-07,3703,1,17262.3,0
3189,5625,2001-08,3703,1,17262.3,0
3189,5625,2001-09,3703,1,17262.3,0
3189,5625,2001-10,3703,1,17262.3,0
3189,5625,2001-11,3703,1,17262.3,0
3189,5625,2001-12,3703,1,17262.3,0
8972,6805,1997-01,938,0,29251.3,0
8972,6805,1997-02,938,0,26701.7,0
8972,6805,1997-03,938,0,25080.2,0
8972,6805,1997-04,938,0,30792.6,0
8972,6805,1997-05,938,0,31393.0,0
8972,6805,1997-06,938,0,39801.5,0
8972,6805,1997-07,938,0,42604.4,0
8972,6805,1997-08,938,0,40318.3,0
8972,6805,1997-09,938,0,35084.1,0
8972,6805,1997-10,938,0,39521.1,0
8972,6805,1997-11,938,0,37896.4,0
8972,6805,1997-12,938,0,39691.8,0
8972,6805,1998-01,938,0,30137.1,0
8972,6805,1998-02,938,0,37497.4,0
8972,6805,1998-03,938,0,36784.0,0
8972,6805,1998-04,938,0,34471.2,0
8972,6805,1998-05,938,0,33194.4,0
8972,6805,1998-06,938,0,18270.3,0
8972,6805,1998-07,938,0,30415.2,0
8972,6805,1998-08,938,0,29762.6,0
8972,6805,1998-09,938,0,26884.6,0
8972,6805,1998-10,938,0,24632.6,0
8972,6805,1998-11,938,0,30105.8,0
8972,6805,1998-12,938,0,29603.7,0
8972,6805,1999-01,938,0,29603.7,0
8972,6805,1999-02,938,0,29603.7,0
8972,6805,1999-03,938,0,29603.7,0
8972,6805,1999-04,938,0,29603.7,0
8972,6805,1999-05,938,0,29603.7,0
8972,6805,1999-06,938,0,29603.7,0
8972,6805,1999-07,938,0,29603.7,0
8972,6805,1999-08,938,0,29603.7,0
8972,6805,1999-09,938,0,29603.7,0
8972,6805,1999-10,938,0,29603.7,0
8972,6805,1999-11,938,0,29603.7,0
8972,6805,1999-12,938,0,29603.7,0
8972,6805,2000-01,938,0,29603.7,0
8972,6805,2000-02,938,0,29603.7,0
8972,6805,2000-03,938,0,29603.7,0
8972,6805,2000-04,938,0,29603.7,0
8972,6805,2000-05,938,0,29603.7,0
8972,6805,2000-06,938,0,29603.7,0
8972,6805,2000-07,938,0,29603.7,0
8972,6805,2000-08,938,0,29603.7,0
8972,6805,2000-09,938,0,29603.7,0
8972,6805,2000-10,938,0,29603.7,0
8972,6805,2000-11,938,0,29603.7,0
8972,6805,2000-12,938,0,29603.7,0
10963,7233,1997-01,3217,0,24724.9,0
10963,7233,1997-02,3217,0,44942.8,0
10963,7233,1997-03,3217,0,44102.6,0
10963,7233,1997-04,3217,0,33526.4,0
10963,7233,1997-05,3217,0,60721.9,0
10963,7233,1997-06,3217,0,42042.5,0
10963,7233,1997-07,3217,0,104910.0,0
10963,7233,1997-08,3217,0,96227.6,0
10963,7233,1997-09,3217,0,36714.8,0
10963,7233,1997-10,3217,0,34729.8,0
10963,7233,1997-11,3217,0,48210.7,0
10963,7233,1997-12,3217,0,58294.5,0
10963,7233,1998-01,3217,0,53706.6,0
10963,7233,1998-02,3217,0,45776.9,0
10963,7233,1998-03,3217,0,90993.3,0
10963,7233,1998-04,3217,0,82589.8,0
10963,7233,1998-05,3217,0,102322.6,0
10963,7233,1998-06,3217,0,76823.8,0
10963,7233,1998-07,3217,0,75281.9,0
10963,7233,1998-08,3217,0,101373.6,0
10963,7233,1998-09,3217,0,114367.3,0
10963,7233,1998-10,3217,0,41185.4,0
10963,7233,1998-11,3217,0,47100.3,0
10963,7233,1998-12,3217,0,79062.2,0
10963,7233,1999-01,3217,0,79062.2,0
10963,7233,1999-02,3217,0,79062.2,0
10963,7233,1999-03,3217,0,79062.2,0
10963,7233,1999-04,3217,0,79062.2,0
10963,7233,1999-05,3217,0,79062.2,0
10963,7233,1999-06,3217,0,79062.2,0
10963,7233,1999-07,3217,0,79062.2,0
10963,7233,1999-08,3217,0,79062.2,0
10963,7233,1999-09,3217,0,79062.2,0
10963,7233,1999-10,3217,0,79062.2,0
10963,7233,1999-11,3217,0,79062.2,0
10963,7233,1999-12,3217,0,79062.2,0
11362,7308,1997-01,5392,0,14471.0,0
11362,7308,1997-02,5392,0,17992.2,0
11362,7308,1997-03,5392,0,17010.3,0
11362,7308,1997-04,5392,0,17027.1,0
11362,7308,1997-05,5392,0,16446.1,0
11362,7308,1997-06,5392,0,19545.5,0
11362,7308,1997-07,5392,0,14155.4,0
11362,7308,1997-08,5392,0,22892.8,0
11362,7308,1997-09,5392,0,27050.1,0
11362,7308,1997-10,5392,0,21695.8,0
11362,7308,1997-11,5392,0,20328.1,0
11362,7308,1997-12,5392,0,27862.8,0
11362,7308,1998-01,5392,0,16315.2,0
11362,7308,1998-02,5392,0,17456.2,0
11362,7308,1998-03,5392,0,21197.0,0
11362,7308,1998-04,5392,0,28056.5,0
11362,7308,1998-05,5392,0,28721.2,0
11362,7308,1998-06,5392,0,37583.4,0
11362,7308,1998-07,5392,0,30686.1,0
11362,7308,1998-08,5392,0,28184.4,0
11362,7308,1998-09,5392,0,26062.5,0
11362,7308,1998-10,5392,0,25869.3,0
11362,7308,1998-11,5392,0,27737.4,0
11362,7308,1998-12,5392,0,38530.6,0
4473,5895,1997-02,1566,0,47440.7,0
4473,5895,1997-03,1566,0,50135.8,0
4473,5895,1997-04,1566,0,54447.7,0
4473,5895,1997-05,1566,0,58035.0,0
4473,5895,1997-06,1566,0,66359.4,0
4473,5895,1997-07,1566,0,50718.6,0
4473,5895,1997-08,1566,0,51836.1,0
4473,5895,1997-09,1566,0,50484.6,0
4473,5895,1997-10,1566,0,54428.6,0
4473,5895,1997-11,1566,0,53767.5,0
4473,5895,1997-12,1566,0,55224.8,0
4473,5895,1998-01,1566,0,52752.2,0
4473,5895,1998-02,1566,0,52096.1,0
4473,5895,1998-03,1566,0,50641.2,0
4473,5895,1998-04,1566,0,50010.7,0
4473,5895,1998-05,1566,0,50146.0,0
4473,5895,1998-06,1566,0,50316.7,0
4473,5895,1998-07,1566,0,51452.1,0
4473,5895,1998-08,1566,0,50788.3,0
4473,5895,1998-09,1566,0,44714.8,0
4473,5895,1998-10,1566,0,40509.1,0
4473,5895,1998-11,1566,0,36692.6,0
4473,5895,1998-12,1566,0,60686.3,0
4473,5895,1999-01,1566,0,60686.3,0
4473,5895,1999-02,1566,0,60686.3,0
4473,5895,1999-03,1566,0,60686.3,0
4473,5895,1999-04,1566,0,60686.3,0
4473,5895,1999-05,1566,0,60686.3,0
4473,5895,1999-06,1566,0,60686.3,0
4473,5895,1999-07,1566,0,60686.3,0
4473,5895,1999-08,1566,0,60686.3,0
4473,5895,1999-09,1566,0,60686.3,0
4473,5895,1999-10,1566,0,60686.3,0
4473,5895,1999-11,1566,0,60686.3,0
4473,5895,1999-12,1566,0,60686.3,0
4473,5895,2000-01,1566,0,60686.3,0
4473,5895,2000-02,1566,0,60686.3,0
4473,5895,2000-03,1566,0,60686.3,0
4473,5895,2000-04,1566,0,60686.3,0
4473,5895,2000-05,1566,0,60686.3,0
4473,5895,2000-06,1566,0,60686.3,0
4473,5895,2000-07,1566,0,60686.3,0
4473,5895,2000-08,1566,0,60686.3,0
4473,5895,2000-09,1566,0,60686.3,0
4473,5895,2000-10,1566,0,60686.3,0
4473,5895,2000-11,1566,0,60686.3,0
4473,5895,2000-12,1566,0,60686.3,0
4473,5895,2001-01,1566,0,60686.3,0
4473,5895,2001-02,1566,0,60686.3,0
4473,5895,2001-03,1566,0,60686.3,0
4473,5895,2001-04,1566,0,60686.3,0
4473,5895,2001-05,1566,0,60686.3,0
4473,5895,2001-06,1566,0,60686.3,0
4473,5895,2001-07,1566,0,60686.3,0
4473,5895,2001-08,1566,0,60686.3,0
4473,5895,2001-09,1566,0,60686.3,0
4473,5895,2001-10,1566,0,60686.3,0
4473,5895,2001-11,1566,0,60686.3,0
4473,5895,2001-12,1566,0,60686.3,0
4473,5895,2002-01,1566,0,60686.3,0
10365,7122,1997-02,7240,1,19742.1,0
10365,7122,1997-03,7240,1,40385.1,0
10365,7122,1997-04,7240,1,24674.7,0
10365,7122,1997-05,7240,1,78757.8,0
10365,7122,1997-06,7240,1,30201.0,0
10365,7122,1997-07,7240,1,29488.9,0
10365,7122,1997-08,7240,1,36936.5,0
10365,7122,1997-09,7240,1,50348.9,0
10365,7122,1997-10,7240,1,49500.6,0
10365,7122,1997-11,7240,1,61901.9,0
10365,7122,1997-12,7240,1,29576.5,0
10365,7122,1998-01,7240,1,44527.5,0
10365,7122,1998-02,7240,1,84190.3,0
10365,7122,1998-03,7240,1,60382.4,0
10365,7122,1998-04,7240,1,50339.5,0
10365,7122,1998-05,7240,1,59255.3,0
10365,7122,1998-06,7240,1,34009.7,0
10365,7122,1998-07,7240,1,54885.9,0
10365,7122,1998-08,7240,1,67601.6,0
10365,7122,1998-09,7240,1,71148.1,0
10365,7122,1998-10,7240,1,104648.7,0
10365,7122,1998-11,7240,1,41356.6,0
10365,7122,1998-12,7240,1,55275.4,0
10365,7122,1999-01,7240,1,55275.4,0
10365,7122,1999-02,7240,1,55275.4,0
10365,7122,1999-03,7240,1,55275.4,0
10365,7122,1999-04,7240,1,55275.4,0
10365,7122,1999-05,7240,1,55275.4,0
10365,7122,1999-06,7240,1,55275.4,0
10365,7122,1999-07,7240,1,55275.4,0
10365,7122,1999-08,7240,1,55275.4,0
10365,7122,1999-09,7240,1,55275.4,0
10365,7122,1999-10,7240,1,55275.4,0
10365,7122,1999-11,7240,1,55275.4,0
10365,7122,1999-12,7240,1,55275.4,0
10365,7122,2000-01,7240,1,55275.4,0
5724,6173,1997-02,4845,0,31187.1,0
5724,6173,1997-03,4845,0,33613.1,0
5724,6173,1997-04,4845,0,23274.9,0
5724,6173,1997-05,4845,0,39674.4,0
5724,6173,1997-06,4845,0,62381.7,0
5724,6173,1997-07,4845,0,59578.2,0
5724,6173,1997-08,4845,0,44230.0,0
5724,6173,1997-09,4845,0,25585.4,0
5724,6173,1997-10,4845,0,38381.1,0
5724,6173,1997-11,4845,0,50526.7,0
5724,6173,1997-12,4845,0,23389.2,0
5724,6173,1998-01,4845,0,30679.7,0
5724,6173,1998-02,4845,0,45499.2,0
5724,6173,1998-03,4845,0,52859.0,0
5724,6173,1998-04,4845,0,53526.1,0
5724,6173,1998-05,4845,0,54397.2,0
5724,6173,1998-06,4845,0,37944.6,0
5724,6173,1998-07,4845,0,25594.6,0
5724,6173,1998-08,4845,0,38088.6,0
5724,6173,1998-09,4845,0,47528.5,0
5724,6173,1998-10,4845,0,34510.5,0
5724,6173,1998-11,4845,0,36599.9,0
5724,6173,1998-12,4845,0,62314.9,0
5724,6173,1999-01,4845,0,62314.9,0
5724,6173,1999-02,4845,0,62314.9,0
5724,6173,1999-03,4845,0,62314.9,0
5724,6173,1999-04,4845,0,62314.9,0
5724,6173,1999-05,4845,0,62314.9,0
5724,6173,1999-06,4845,0,62314.9,0
5724,6173,1999-07,4845,0,62314.9,0
5724,6173,1999-08,4845,0,62314.9,0
5724,6173,1999-09,4845,0,62314.9,0
5724,6173,1999-10,4845,0,62314.9,0
5724,6173,1999-11,4845,0,62314.9,0
5724,6173,1999-12,4845,0,62314.9,0
5724,6173,2000-01,4845,0,62314.9,0
5724,6173,2000-02,4845,0,62314.9,0
5724,6173,2000-03,4845,0,62314.9,0
5724,6173,2000-04,4845,0,62314.9,0
5724,6173,2000-05,4845,0,62314.9,0
5724,6173,2000-06,4845,0,62314.9,0
5724,6173,2000-07,4845,0,62314.9,0
5724,6173,2000-08,4845,0,62314.9,0
5724,6173,2000-09,4845,0,62314.9,0
5724,6173,2000-10,4845,0,62314.9,0
5724,6173,2000-11,4845,0,62314.9,0
5724,6173,2000-12,4845,0,62314.9,0
5724,6173,2001-01,4845,0,62314.9,0
5591,6142,1997-02,3698,0,37353.8,0
5591,6142,1997-03,3698,0,38346.5,0
5591,6142,1997-04,3698,0,23631.6,0
5591,6142,1997-05,3698,0,29064.0,0
5591,6142,1997-06,3698,0,45865.5,0
5591,6142,1997-07,3698,0,46994.6,0
5591,6142,1997-08,3698,0,44623.3,0
5591,6142,1997-09,3698,0,55780.3,0
5591,6142,1997-10,3698,0,40513.9,0
5591,6142,1997-11,3698,0,49547.6,0
5591,6142,1997-12,3698,0,53196.4,0
5591,6142,1998-01,3698,0,44955.0,0
5591,6142,1998-02,3698,0,55511.8,0
5591,6142,1998-03,3698,0,61396.7,0
5591,6142,1998-04,3698,0,60301.8,0
5591,6142,1998-05,3698,0,63598.0,0
5591,6142,1998-06,3698,0,56092.5,0
5591,6142,1998-07,3698,0,59571.6,0
5591,6142,1998-08,3698,0,53286.4,0
5591,6142,1998-09,3698,0,60264.8,0
5591,6142,1998-10,3698,0,47612.7,0
5591,6142,1998-11,3698,0,49160.9,0
5591,6142,1998-12,3698,0,63946.8,0
5591,6142,1999-01,3698,0,63946.8,0
5591,6142,1999-02,3698,0,63946.8,0
5591,6142,1999-03,3698,0,63946.8,0
5591,6142,1999-04,3698,0,63946.8,0
5591,6142,1999-05,3698,0,63946.8,0
5591,6142,1999-06,3698,0,63946.8,0
5591,6142,1999-07,3698,0,63946.8,0
5591,6142,1999-08,3698,0,63946.8,0
5591,6142,1999-09,3698,0,63946.8,0
5591,6142,1999-10,3698,0,63946.8,0
5591,6142,1999-11,3698,0,63946.8,0
5591,6142,1999-12,3698,0,63946.8,0
5591,6142,2000-01,3698,0,63946.8,0
5591,6142,2000-02,3698,0,63946.8,0
5591,6142,2000-03,3698,0,63946.8,0
5591,6142,2000-04,3698,0,63946.8,0
5591,6142,2000-05,3698,0,63946.8,0
5591,6142,2000-06,3698,0,63946.8,0
5591,6142,2000-07,3698,0,63946.8,0
5591,6142,2000-08,3698,0,63946.8,0
5591,6142,2000-09,3698,0,63946.8,0
5591,6142,2000-10,3698,0,63946.8,0
5591,6142,2000-11,3698,0,63946.8,0
5591,6142,2000-12,3698,0,63946.8,0
5591,6142,2001-01,3698,0,63946.8,0
5591,6142,2001-02,3698,0,63946.8,0
5591,6142,2001-03,3698,0,63946.8,0
5591,6142,2001-04,3698,0,63946.8,0
5591,6142,2001-05,3698,0,63946.8,0
5591,6142,2001-06,3698,0,63946.8,0
5591,6142,2001-07,3698,0,63946.8,0
5591,6142,2001-08,3698,0,63946.8,0
5591,6142,2001-09,3698,0,63946.8,0
5591,6142,2001-10,3698,0,63946.8,0
5591,6142,2001-11,3698,0,63946.8,0
5591,6142,2001-12,3698,0,63946.8,0
5591,6142,2002-01,3698,0,63946.8,0
2018,5358,1997-02,3210,0,18681.8,0
2018,5358,1997-03,3210,0,16287.6,0
2018,5358,1997-04,3210,0,14884.4,0
2018,5358,1997-05,3210,0,15277.0,0
2018,5358,1997-06,3210,0,16512.5,0
2018,5358,1997-07,3210,0,15710.6,0
2018,5358,1997-08,3210,0,14104.3,0
2018,5358,1997-09,3210,0,12491.2,0
2018,5358,1997-10,3210,0,10871.2,0
2018,5358,1997-11,3210,0,9244.5,0
2018,5358,1997-12,3210,0,9953.8,0
2018,5358,1998-01,3210,0,8322.9,0
5358,6095,1997-02,1139,0,58241.9,0
5358,6095,1997-03,1139,0,54437.7,0
5358,6095,1997-04,1139,0,48549.3,0
5358,6095,1997-05,1139,0,42302.7,0
5358,6095,1997-06,1139,0,50324.8,0
5358,6095,1997-07,1139,0,63038.8,0
5358,6095,1997-08,1139,0,63405.1,0
5358,6095,1997-09,1139,0,64852.8,0
5358,6095,1997-10,1139,0,61428.8,0
5358,6095,1997-11,1139,0,62845.9,0
5358,6095,1997-12,1139,0,70410.1,0
5358,6095,1998-01,1139,0,69418.3,0
5358,6095,1998-02,1139,0,66552.5,0
5358,6095,1998-03,1139,0,67488.8,0
5358,6095,1998-04,1139,0,70435.8,0
5358,6095,1998-05,1139,0,60192.8,0
5358,6095,1998-06,1139,0,68802.9,0
5358,6095,1998-07,1139,0,67537.9,0
5358,6095,1998-08,1139,0,48457.7,0
5358,6095,1998-09,1139,0,43995.7,0
5358,6095,1998-10,1139,0,46983.0,0
5358,6095,1998-11,1139,0,45380.3,0
5358,6095,1998-12,1139,0,68246.3,0
5358,6095,1999-01,1139,0,68246.3,0
5358,6095,1999-02,1139,0,68246.3,0
5358,6095,1999-03,1139,0,68246.3,0
5358,6095,1999-04,1139,0,68246.3,0
5358,6095,1999-05,1139,0,68246.3,0
5358,6095,1999-06,1139,0,68246.3,0
5358,6095,1999-07,1139,0,68246.3,0
5358,6095,1999-08,1139,0,68246.3,0
5358,6095,1999-09,1139,0,68246.3,0
5358,6095,1999-10,1139,0,68246.3,0
5358,6095,1999-11,1139,0,68246.3,0
5358,6095,1999-12,1139,0,68246.3,0
5358,6095,2000-01,1139,0,68246.3,0
5358,6095,2000-02,1139,0,68246.3,0
5358,6095,2000-03,1139,0,68246.3,0
5358,6095,2000-04,1139,0,68246.3,0
5358,6095,2000-05,1139,0,68246.3,0
5358,6095,2000-06,1139,0,68246.3,0
5358,6095,2000-07,1139,0,68246.3,0
5358,6095,2000-08,1139,0,68246.3,0
5358,6095,2000-09,1139,0,68246.3,0
5358,6095,2000-10,1139,0,68246.3,0
5358,6095,2000-11,1139,0,68246.3,0
5358,6095,2000-12,1139,0,68246.3,0
5358,6095,2001-01,1139,0,68246.3,0
5358,6095,2001-02,1139,0,68246.3,0
5358,6095,2001-03,1139,0,68246.3,0
5358,6095,2001-04,1139,0,68246.3,0
5358,6095,2001-05,1139,0,68246.3,0
5358,6095,2001-06,1139,0,68246.3,0
5358,6095,2001-07,1139,0,68246.3,0
5358,6095,2001-08,1139,0,68246.3,0
5358,6095,2001-09,1139,0,68246.3,0
5358,6095,2001-10,1139,0,68246.3,0
5358,6095,2001-11,1139,0,68246.3,0
5358,6095,2001-12,1139,0,68246.3,0
5358,6095,2002-01,1139,0,68246.3,0
9242,6878,1997-02,1932,0,45359.4,0
9242,6878,1997-03,1932,0,49226.2,0
9242,6878,1997-04,1932,0,49028.5,0
9242,6878,1997-05,1932,0,47835.3,0
9242,6878,1997-06,1932,0,26038.4,0
9242,6878,1997-07,1932,0,31380.3,0
9242,6878,1997-08,1932,0,35695.8,0
9242,6878,1997-09,1932,0,40423.2,0
9242,6878,1997-10,1932,0,43812.2,0
9242,6878,1997-11,1932,0,45368.1,0
9242,6878,1997-12,1932,0,47568.3,0
9242,6878,1998-01,1932,0,20792.8,0
7637,6554,1997-02,8127,0,35486.8,0
7637,6554,1997-03,8127,0,37230.6,0
7637,6554,1997-04,8127,0,38057.7,0
7637,6554,1997-05,8127,0,41414.8,0
7637,6554,1997-06,8127,0,25166.8,0
7637,6554,1997-07,8127,0,36187.4,0
7637,6554,1997-08,8127,0,40940.4,0
7637,6554,1997-09,8127,0,44603.4,0
7637,6554,1997-10,8127,0,44878.4,0
7637,6554,1997-11,8127,0,44953.4,0
7637,6554,1997-12,8127,0,48569.4,0
7637,6554,1998-01,8127,0,44703.4,0
7637,6554,1998-02,8127,0,45598.5,0
7637,6554,1998-03,8127,0,49299.1,0
7637,6554,1998-04,8127,0,48689.3,0
7637,6554,1998-05,8127,0,47612.2,0
7637,6554,1998-06,8127,0,38772.7,0
7637,6554,1998-07,8127,0,45439.1,0
7637,6554,1998-08,8127,0,53036.1,0
7637,6554,1998-09,8127,0,56049.9,0
7637,6554,1998-10,8127,0,50636.5,0
7637,6554,1998-11,8127,0,60185.3,0
7637,6554,1998-12,8127,0,80446.6,0
7637,6554,1999-01,8127,0,80446.6,0
7637,6554,1999-02,8127,0,80446.6,0
7637,6554,1999-03,8127,0,80446.6,0
7637,6554,1999-04,8127,0,80446.6,0
7637,6554,1999-05,8127,0,80446.6,0
7637,6554,1999-06,8127,0,80446.6,0
7637,6554,1999-07,8127,0,80446.6,0
7637,6554,1999-08,8127,0,80446.6,0
7637,6554,1999-09,8127,0,80446.6,0
7637,6554,1999-10,8127,0,80446.6,0
7637,6554,1999-11,8127,0,80446.6,0
7637,6554,1999-12,8127,0,80446.6,0
7637,6554,2000-01,8127,0,80446.6,0
7637,6554,2000-02,8127,0,80446.6,0
7637,6554,2000-03,8127,0,80446.6,0
7637,6554,2000-04,8127,0,80446.6,0
7637,6554,2000-05,8127,0,80446.6,0
7637,6554,2000-06,8127,0,80446.6,0
7637,6554,2000-07,8127,0,80446.6,0
7637,6554,2000-08,8127,0,80446.6,0
7637,6554,2000-09,8127,0,80446.6,0
7637,6554,2000-10,8127,0,80446.6,0
7637,6554,2000-11,8127,0,80446.6,0
7637,6554,2000-12,8127,0,80446.6,0
7637,6554,2001-01,8127,0,80446.6,0
8931,6793,1997-02,3105,0,59452.2,0
8931,6793,1997-03,3105,0,60277.4,0
8931,6793,1997-04,3105,0,38298.1,0
8931,6793,1997-05,3105,0,25206.2,0
8931,6793,1997-06,3105,0,46082.6,0
8931,6793,1997-07,3105,0,99305.3,0
8931,6793,1997-08,3105,0,46360.2,0
8931,6793,1997-09,3105,0,33658.8,0
8931,6793,1997-10,3105,0,81824.6,0
8931,6793,1997-11,3105,0,42255.7,0
8931,6793,1997-12,3105,0,33017.0,0
8931,6793,1998-01,3105,0,41151.4,0
8931,6793,1998-02,3105,0,72481.0,0
8931,6793,1998-03,3105,0,68540.6,0
8931,6793,1998-04,3105,0,99822.9,0
8931,6793,1998-05,3105,0,58828.9,0
8931,6793,1998-06,3105,0,32287.1,0
8931,6793,1998-07,3105,0,59259.6,0
8931,6793,1998-08,3105,0,62452.9,0
8931,6793,1998-09,3105,0,71900.7,0
8931,6793,1998-10,3105,0,100169.8,0
8931,6793,1998-11,3105,0,76105.7,0
8931,6793,1998-12,3105,0,61459.2,0
8931,6793,1999-01,3105,0,61459.2,0
8931,6793,1999-02,3105,0,61459.2,0
8931,6793,1999-03,3105,0,61459.2,0
8931,6793,1999-04,3105,0,61459.2,0
8931,6793,1999-05,3105,0,61459.2,0
8931,6793,1999-06,3105,0,61459.2,0
8931,6793,1999-07,3105,0,61459.2,0
8931,6793,1999-08,3105,0,61459.2,0
8931,6793,1999-09,3105,0,61459.2,0
8931,6793,1999-10,3105,0,61459.2,0
8931,6793,1999-11,3105,0,61459.2,0
8931,6793,1999-12,3105,0,61459.2,0
8931,6793,2000-01,3105,0,61459.2,0
8931,6793,2000-02,3105,0,61459.2,0
8931,6793,2000-03,3105,0,61459.2,0
8931,6793,2000-04,3105,0,61459.2,0
8931,6793,2000-05,3105,0,61459.2,0
8931,6793,2000-06,3105,0,61459.2,0
8931,6793,2000-07,3105,0,61459.2,0
8931,6793,2000-08,3105,0,61459.2,0
8931,6793,2000-09,3105,0,61459.2,0
8931,6793,2000-10,3105,0,61459.2,0
8931,6793,2000-11,3105,0,61459.2,0
8931,6793,2000-12,3105,0,61459.2,0
8931,6793,2001-01,3105,0,61459.2,0
8931,6793,2001-02,3105,0,61459.2,0
8931,6793,2001-03,3105,0,61459.2,0
8931,6793,2001-04,3105,0,61459.2,0
8931,6793,2001-05,3105,0,61459.2,0
8931,6793,2001-06,3105,0,61459.2,0
8931,6793,2001-07,3105,0,61459.2,0
8931,6793,2001-08,3105,0,61459.2,0
8931,6793,2001-09,3105,0,61459.2,0
8931,6793,2001-10,3105,0,61459.2,0
8931,6793,2001-11,3105,0,61459.2,0
8931,6793,2001-12,3105,0,61459.2,0
8931,6793,2002-01,3105,0,61459.2,0
11271,7286,1997-02,1870,0,18887.0,0
11271,7286,1997-03,1870,0,18020.6,0
11271,7286,1997-04,1870,0,18554.8,0
11271,7286,1997-05,1870,0,16427.7,0
11271,7286,1997-06,1870,0,17964.1,0
11271,7286,1997-07,1870,0,21906.9,0
11271,7286,1997-08,1870,0,18244.0,0
11271,7286,1997-09,1870,0,15969.8,0
11271,7286,1997-10,1870,0,15993.3,0
11271,7286,1997-11,1870,0,16016.8,0
11271,7286,1997-12,1870,0,21573.7,0
11271,7286,1998-01,1870,0,21420.9,0
11271,7286,1998-02,1870,0,13343.2,0
11271,7286,1998-03,1870,0,13555.7,0
11271,7286,1998-04,1870,0,11762.7,0
11271,7286,1998-05,1870,0,8256.2,0
11271,7286,1998-06,1870,0,9663.6,0
11271,7286,1998-07,1870,0,10462.6,0
11271,7286,1998-08,1870,0,14777.8,0
11271,7286,1998-09,1870,0,13468.7,0
11271,7286,1998-10,1870,0,15387.7,0
11271,7286,1998-11,1870,0,22031.9,0
11271,7286,1998-12,1870,0,19682.5,0
11271,7286,1999-01,1870,0,19682.5,0
11271,7286,1999-02,1870,0,19682.5,0
11271,7286,1999-03,1870,0,19682.5,0
11271,7286,1999-04,1870,0,19682.5,0
11271,7286,1999-05,1870,0,19682.5,0
11271,7286,1999-06,1870,0,19682.5,0
11271,7286,1999-07,1870,0,19682.5,0
11271,7286,1999-08,1870,0,19682.5,0
11271,7286,1999-09,1870,0,19682.5,0
11271,7286,1999-10,1870,0,19682.5,0
11271,7286,1999-11,1870,0,19682.5,0
11271,7286,1999-12,1870,0,19682.5,0
11271,7286,2000-01,1870,0,19682.5,0
5269,6076,1997-03,1957,0,38344.5,0
5269,6076,1997-04,1957,0,38978.2,0
5269,6076,1997-05,1957,0,29433.1,0
5269,6076,1997-06,1957,0,35482.9,0
5269,6076,1997-07,1957,0,30558.9,0
5269,6076,1997-08,1957,0,30015.5,0
5269,6076,1997-09,1957,0,26786.6,0
5269,6076,1997-10,1957,0,28227.1,0
5269,6076,1997-11,1957,0,25036.8,0
5269,6076,1997-12,1957,0,26316.2,0
5269,6076,1998-01,1957,0,13476.3,0
5269,6076,1998-02,1957,0,16660.5,0
5269,6076,1998-03,1957,0,22820.6,0
5269,6076,1998-04,1957,0,13133.1,0
5269,6076,1998-05,1957,0,23722.6,0
5269,6076,1998-06,1957,0,17725.9,0
5269,6076,1998-07,1957,0,28334.4,0
5269,6076,1998-08,1957,0,14168.6,0
5269,6076,1998-09,1957,0,18631.6,0
5269,6076,1998-10,1957,0,29243.6,0
5269,6076,1998-11,1957,0,39899.4,0
5269,6076,1998-12,1957,0,59614.3,0
5269,6076,1999-01,1957,0,59614.3,0
5269,6076,1999-02,1957,0,59614.3,0
5269,6076,1999-03,1957,0,59614.3,0
5269,6076,1999-04,1957,0,59614.3,0
5269,6076,1999-05,1957,0,59614.3,0
5269,6076,1999-06,1957,0,59614.3,0
5269,6076,1999-07,1957,0,59614.3,0
5269,6076,1999-08,1957,0,59614.3,0
5269,6076,1999-09,1957,0,59614.3,0
5269,6076,1999-10,1957,0,59614.3,0
5269,6076,1999-11,1957,0,59614.3,0
5269,6076,1999-12,1957,0,59614.3,0
5269,6076,2000-01,1957,0,59614.3,0
5269,6076,2000-02,1957,0,59614.3,0
5269,6076,2000-03,1957,0,59614.3,0
5269,6076,2000-04,1957,0,59614.3,0
5269,6076,2000-05,1957,0,59614.3,0
5269,6076,2000-06,1957,0,59614.3,0
5269,6076,2000-07,1957,0,59614.3,0
5269,6076,2000-08,1957,0,59614.3,0
5269,6076,2000-09,1957,0,59614.3,0
5269,6076,2000-10,1957,0,59614.3,0
5269,6076,2000-11,1957,0,59614.3,0
5269,6076,2000-12,1957,0,59614.3,0
5269,6076,2001-01,1957,0,59614.3,0
5269,6076,2001-02,1957,0,59614.3,0
5269,6076,2001-03,1957,0,59614.3,0
5269,6076,2001-04,1957,0,59614.3,0
5269,6076,2001-05,1957,0,59614.3,0
5269,6076,2001-06,1957,0,59614.3,0
5269,6076,2001-07,1957,0,59614.3,0
5269,6076,2001-08,1957,0,59614.3,0
5269,6076,2001-09,1957,0,59614.3,0
5269,6076,2001-10,1957,0,59614.3,0
5269,6076,2001-11,1957,0,59614.3,0
5269,6076,2001-12,1957,0,59614.3,0
5269,6076,2002-01,1957,0,59614.3,0
5269,6076,2002-02,1957,0,59614.3,0
825,5134,1997-03,4423,0,25694.5,0
825,5134,1997-04,4423,0,25907.3,0
825,5134,1997-05,4423,0,29832.0,0
825,5134,1997-06,4423,0,29601.9,0
825,5134,1997-07,4423,0,30178.6,0
825,5134,1997-08,4423,0,33919.3,0
825,5134,1997-09,4423,0,35011.3,0
825,5134,1997-10,4423,0,33368.6,0
825,5134,1997-11,4423,0,36822.3,0
825,5134,1997-12,4423,0,39920.2,0
825,5134,1998-01,4423,0,20264.4,0
825,5134,1998-02,4423,0,30086.2,0
2246,5419,1997-03,6930,0,15545.8,0
2246,5419,1997-04,6930,0,9456.8,0
2246,5419,1997-05,6930,0,9551.9,0
2246,5419,1997-06,6930,0,62394.1,0
2246,5419,1997-07,6930,0,37795.4,0
2246,5419,1997-08,6930,0,25376.0,0
2246,5419,1997-09,6930,0,26001.6,0
2246,5419,1997-10,6930,0,71446.1,0
2246,5419,1997-11,6930,0,34923.3,0
2246,5419,1997-12,6930,0,63475.0,0
2246,5419,1998-01,6930,0,18566.6,0
2246,5419,1998-02,6930,0,7174.4,0
2246,5419,1998-03,6930,0,65408.1,0
2246,5419,1998-04,6930,0,90520.4,0
2246,5419,1998-05,6930,0,46008.9,0
2246,5419,1998-06,6930,0,15284.0,0
2246,5419,1998-07,6930,0,18677.6,0
2246,5419,1998-08,6930,0,29784.7,0
2246,5419,1998-09,6930,0,19822.8,0
2246,5419,1998-10,6930,0,78372.7,0
2246,5419,1998-11,6930,0,94503.5,0
2246,5419,1998-12,6930,0,74849.4,0
2246,5419,1999-01,6930,0,74849.4,0
2246,5419,1999-02,6930,0,74849.4,0
2246,5419,1999-03,6930,0,74849.4,0
2246,5419,1999-04,6930,0,74849.4,0
2246,5419,1999-05,6930,0,74849.4,0
2246,5419,1999-06,6930,0,74849.4,0
2246,5419,1999-07,6930,0,74849.4,0
2246,5419,1999-08,6930,0,74849.4,0
2246,5419,1999-09,6930,0,74849.4,0
2246,5419,1999-10,6930,0,74849.4,0
2246,5419,1999-11,6930,0,74849.4,0
2246,5419,1999-12,6930,0,74849.4,0
2246,5419,2000-01,6930,0,74849.4,0
2246,5419,2000-02,6930,0,74849.4,0
2246,5419,2000-03,6930,0,74849.4,0
2246,5419,2000-04,6930,0,74849.4,0
2246,5419,2000-05,6930,0,74849.4,0
2246,5419,2000-06,6930,0,74849.4,0
2246,5419,2000-07,6930,0,74849.4,0
2246,5419,2000-08,6930,0,74849.4,0
2246,5419,2000-09,6930,0,74849.4,0
2246,5419,2000-10,6930,0,74849.4,0
2246,5419,2000-11,6930,0,74849.4,0
2246,5419,2000-12,6930,0,74849.4,0
2246,5419,2001-01,6930,0,74849.4,0
2246,5419,2001-02,6930,0,74849.4,0
2246,5419,2001-03,6930,0,74849.4,0
2246,5419,2001-04,6930,0,74849.4,0
2246,5419,2001-05,6930,0,74849.4,0
2246,5419,2001-06,6930,0,74849.4,0
2246,5419,2001-07,6930,0,74849.4,0
2246,5419,2001-08,6930,0,74849.4,0
2246,5419,2001-09,6930,0,74849.4,0
2246,5419,2001-10,6930,0,74849.4,0
2246,5419,2001-11,6930,0,74849.4,0
2246,5419,2001-12,6930,0,74849.4,0
2246,5419,2002-01,6930,0,74849.4,0
2246,5419,2002-02,6930,0,74849.4,0
6158,6255,1997-03,5165,1,64506.2,0
6158,6255,1997-04,5165,1,44537.7,0
6158,6255,1997-05,5165,1,33669.2,0
6158,6255,1997-06,5165,1,30100.8,0
6158,6255,1997-07,5165,1,27732.3,0
6158,6255,1997-08,5165,1,60244.0,0
6158,6255,1997-09,5165,1,42494.1,0
6158,6255,1997-10,5165,1,29144.2,0
6158,6255,1997-11,5165,1,26094.3,0
6158,6255,1997-12,5165,1,22544.4,0
6158,6255,1998-01,5165,1,64559.9,0
6158,6255,1998-02,5165,1,46050.6,0
6158,6255,1998-03,5165,1,55467.0,0
6158,6255,1998-04,5165,1,41581.1,0
6158,6255,1998-05,5165,1,57516.1,0
6158,6255,1998-06,5165,1,-1085.6,1
6158,6255,1998-07,5165,1,91299.8,0
6158,6255,1998-08,5165,1,70385.5,0
6158,6255,1998-09,5165,1,65786.8,0
6158,6255,1998-10,5165,1,69322.7,0
6158,6255,1998-11,5165,1,44151.9,0
6158,6255,1998-12,5165,1,61289.1,0
6158,6255,1999-01,5165,1,61289.1,0
6158,6255,1999-02,5165,1,61289.1,0
6158,6255,1999-03,5165,1,61289.1,0
6158,6255,1999-04,5165,1,61289.1,0
6158,6255,1999-05,5165,1,61289.1,0
6158,6255,1999-06,5165,1,61289.1,0
6158,6255,1999-07,5165,1,61289.1,0
6158,6255,1999-08,5165,1,61289.1,0
6158,6255,1999-09,5165,1,61289.1,0
6158,6255,1999-10,5165,1,61289.1,0
6158,6255,1999-11,5165,1,61289.1,0
6158,6255,1999-12,5165,1,61289.1,0
6158,6255,2000-01,5165,1,61289.1,0
6158,6255,2000-02,5165,1,61289.1,0
6158,6255,2000-03,5165,1,61289.1,0
6158,6255,2000-04,5165,1,61289.1,0
6158,6255,2000-05,5165,1,61289.1,0
6158,6255,2000-06,5165,1,61289.1,0
6158,6255,2000-07,5165,1,61289.1,0
6158,6255,2000-08,5165,1,61289.1,0
6158,6255,2000-09,5165,1,61289.1,0
6158,6255,2000-10,5165,1,61289.1,0
6158,6255,2000-11,5165,1,61289.1,0
6158,6255,2000-12,5165,1,61289.1,0
6158,6255,2001-01,5165,1,61289.1,0
6158,6255,2001-02,5165,1,61289.1,0
3353,5656,1997-03,6086,0,57829.0,0
3353,5656,1997-04,6086,0,31398.5,0
3353,5656,1997-05,6086,0,24769.0,0
3353,5656,1997-06,6086,0,49448.9,0
3353,5656,1997-07,6086,0,39089.2,0
3353,5656,1997-08,6086,0,89462.4,0
3353,5656,1997-09,6086,0,80240.4,0
3353,5656,1997-10,6086,0,69570.8,0
3353,5656,1997-11,6086,0,61898.0,0
3353,5656,1997-12,6086,0,59793.7,0
3353,5656,1998-01,6086,0,20988.7,0
3353,5656,1998-02,6086,0,19465.7,0
3353,5656,1998-03,6086,0,21832.4,0
3353,5656,1998-04,6086,0,20011.0,0
3353,5656,1998-05,6086,0,20186.0,0
3353,5656,1998-06,6086,0,22667.5,0
3353,5656,1998-07,6086,0,23059.5,0
3353,5656,1998-08,6086,0,21548.2,0
3353,5656,1998-09,6086,0,45153.9,0
3353,5656,1998-10,6086,0,32594.6,0
3353,5656,1998-11,6086,0,31527.7,0
3353,5656,1998-12,6086,0,40639.3,0
3353,5656,1999-01,6086,0,40639.3,0
3353,5656,1999-02,6086,0,40639.3,0
9494,6934,1997-03,9736,0,15777.4,0
9494,6934,1997-04,9736,0,18375.2,0
9494,6934,1997-05,9736,0,23089.7,0
9494,6934,1997-06,9736,0,29168.7,0
9494,6934,1997-07,9736,0,24742.5,0
9494,6934,1997-08,9736,0,26782.2,0
9494,6934,1997-09,9736,0,22317.7,0
9494,6934,1997-10,9736,0,23438.9,0
9494,6934,1997-11,9736,0,25878.6,0
9494,6934,1997-12,9736,0,26162.6,0
9494,6934,1998-01,9736,0,23903.6,0
9494,6934,1998-02,9736,0,19160.6,0
5072,6028,1997-03,5292,0,49956.0,0
5072,6028,1997-04,5292,0,47366.7,0
5072,6028,1997-05,5292,0,49663.3,0
5072,6028,1997-06,5292,0,16829.0,0
5072,6028,1997-07,5292,0,33806.3,0
5072,6028,1997-08,5292,0,38159.5,0
5072,6028,1997-09,5292,0,45079.0,0
5072,6028,1997-10,5292,0,48530.0,0
5072,6028,1997-11,5292,0,45459.0,0
5072,6028,1997-12,5292,0,56089.2,0
5072,6028,1998-01,5292,0,38662.9,0
5072,6028,1998-02,5292,0,43275.9,0
5072,6028,1998-03,5292,0,44599.7,0
5072,6028,1998-04,5292,0,48725.5,0
5072,6028,1998-05,5292,0,54699.3,0
5072,6028,1998-06,5292,0,47708.6,0
5072,6028,1998-07,5292,0,55369.5,0
5072,6028,1998-08,5292,0,53146.8,0
5072,6028,1998-09,5292,0,59971.9,0
5072,6028,1998-10,5292,0,63499.2,0
5072,6028,1998-11,5292,0,60125.7,0
5072,6028,1998-12,5292,0,54847.7,0
5072,6028,1999-01,5292,0,54847.7,0
5072,6028,1999-02,5292,0,54847.7,0
5072,6028,1999-03,5292,0,54847.7,0
5072,6028,1999-04,5292,0,54847.7,0
5072,6028,1999-05,5292,0,54847.7,0
5072,6028,1999-06,5292,0,54847.7,0
5072,6028,1999-07,5292,0,54847.7,0
5072,6028,1999-08,5292,0,54847.7,0
5072,6028,1999-09,5292,0,54847.7,0
5072,6028,1999-10,5292,0,54847.7,0
5072,6028,1999-11,5292,0,54847.7,0
5072,6028,1999-12,5292,0,54847.7,0
5072,6028,2000-01,5292,0,54847.7,0
5072,6028,2000-02,5292,0,54847.7,0
5072,6028,2000-03,5292,0,54847.7,0
5072,6028,2000-04,5292,0,54847.7,0
5072,6028,2000-05,5292,0,54847.7,0
5072,6028,2000-06,5292,0,54847.7,0
5072,6028,2000-07,5292,0,54847.7,0
5072,6028,2000-08,5292,0,54847.7,0
5072,6028,2000-09,5292,0,54847.7,0
5072,6028,2000-10,5292,0,54847.7,0
5072,6028,2000-11,5292,0,54847.7,0
5072,6028,2000-12,5292,0,54847.7,0
5072,6028,2001-01,5292,0,54847.7,0
5072,6028,2001-02,5292,0,54847.7,0
5072,6028,2001-03,5292,0,54847.7,0
5072,6028,2001-04,5292,0,54847.7,0
5072,6028,2001-05,5292,0,54847.7,0
5072,6028,2001-06,5292,0,54847.7,0
5072,6028,2001-07,5292,0,54847.7,0
5072,6028,2001-08,5292,0,54847.7,0
5072,6028,2001-09,5292,0,54847.7,0
5072,6028,2001-10,5292,0,54847.7,0
5072,6028,2001-11,5292,0,54847.7,0
5072,6028,2001-12,5292,0,54847.7,0
5072,6028,2002-01,5292,0,54847.7,0
5072,6028,2002-02,5292,0,54847.7,0
7262,6490,1997-03,1221,0,24400.4,0
7262,6490,1997-04,1221,0,25409.7,0
7262,6490,1997-05,1221,0,20864.1,0
7262,6490,1997-06,1221,0,29432.3,0
7262,6490,1997-07,1221,0,30861.7,0
7262,6490,1997-08,1221,0,31495.4,0
7262,6490,1997-09,1221,0,35413.1,0
7262,6490,1997-10,1221,0,34363.0,0
7262,6490,1997-11,1221,0,33948.9,0
7262,6490,1997-12,1221,0,37002.7,0
7262,6490,1998-01,1221,0,29266.1,0
7262,6490,1998-02,1221,0,32793.8,0
7262,6490,1998-03,1221,0,35436.1,0
7262,6490,1998-04,1221,0,35085.1,0
7262,6490,1998-05,1221,0,35733.5,0
7262,6490,1998-06,1221,0,32607.0,0
7262,6490,1998-07,1221,0,37088.5,0
7262,6490,1998-08,1221,0,37342.8,0
7262,6490,1998-09,1221,0,35994.7,0
7262,6490,1998-10,1221,0,35619.9,0
7262,6490,1998-11,1221,0,33962.8,0
7262,6490,1998-12,1221,0,40855.3,0
7262,6490,1999-01,1221,0,40855.3,0
7262,6490,1999-02,1221,0,40855.3,0
7262,6490,1999-03,1221,0,40855.3,0
7262,6490,1999-04,1221,0,40855.3,0
7262,6490,1999-05,1221,0,40855.3,0
7262,6490,1999-06,1221,0,40855.3,0
7262,6490,1999-07,1221,0,40855.3,0
7262,6490,1999-08,1221,0,40855.3,0
7262,6490,1999-09,1221,0,40855.3,0
7262,6490,1999-10,1221,0,40855.3,0
7262,6490,1999-11,1221,0,40855.3,0
7262,6490,1999-12,1221,0,40855.3,0
7262,6490,2000-01,1221,0,40855.3,0
7262,6490,2000-02,1221,0,40855.3,0
7262,6490,2000-03,1221,0,40855.3,0
7262,6490,2000-04,1221,0,40855.3,0
7262,6490,2000-05,1221,0,40855.3,0
7262,6490,2000-06,1221,0,40855.3,0
7262,6490,2000-07,1221,0,40855.3,0
7262,6490,2000-08,1221,0,40855.3,0
7262,6490,2000-09,1221,0,40855.3,0
7262,6490,2000-10,1221,0,40855.3,0
7262,6490,2000-11,1221,0,40855.3,0
7262,6490,2000-12,1221,0,40855.3,0
7262,6490,2001-01,1221,0,40855.3,0
7262,6490,2001-02,1221,0,40855.3,0
7262,6490,2001-03,1221,0,40855.3,0
7262,6490,2001-04,1221,0,40855.3,0
7262,6490,2001-05,1221,0,40855.3,0
7262,6490,2001-06,1221,0,40855.3,0
7262,6490,2001-07,1221,0,40855.3,0
7262,6490,2001-08,1221,0,40855.3,0
7262,6490,2001-09,1221,0,40855.3,0
7262,6490,2001-10,1221,0,40855.3,0
7262,6490,2001-11,1221,0,40855.3,0
7262,6490,2001-12,1221,0,40855.3,0
7262,6490,2002-01,1221,0,40855.3,0
7262,6490,2002-02,1221,0,40855.3,0
6950,6415,1997-03,9910,0,25283.5,0
6950,6415,1997-04,9910,0,18422.2,0
6950,6415,1997-05,9910,0,15242.8,0
6950,6415,1997-06,9910,0,22050.1,0
6950,6415,1997-07,9910,0,20492.8,0
6950,6415,1997-08,9910,0,16491.7,0
6950,6415,1997-09,9910,0,20255.5,0
6950,6415,1997-10,9910,0,14826.4,0
6950,6415,1997-11,9910,0,20471.3,0
6950,6415,1997-12,9910,0,30261.2,0
6950,6415,1998-01,9910,0,26893.5,0
6950,6415,1998-02,9910,0,47546.3,0
6950,6415,1998-03,9910,0,50517.2,0
6950,6415,1998-04,9910,0,51998.5,0
6950,6415,1998-05,9910,0,51382.5,0
6950,6415,1998-06,9910,0,30555.5,0
6950,6415,1998-07,9910,0,51624.0,0
6950,6415,1998-08,9910,0,62125.1,0
6950,6415,1998-09,9910,0,69876.9,0
6950,6415,1998-10,9910,0,76054.7,0
6950,6415,1998-11,9910,0,84868.0,0
6950,6415,1998-12,9910,0,59094.5,0
6950,6415,1999-01,9910,0,59094.5,0
6950,6415,1999-02,9910,0,59094.5,0
6950,6415,1999-03,9910,0,59094.5,0
6950,6415,1999-04,9910,0,59094.5,0
6950,6415,1999-05,9910,0,59094.5,0
6950,6415,1999-06,9910,0,59094.5,0
6950,6415,1999-07,9910,0,59094.5,0
6950,6415,1999-08,9910,0,59094.5,0
6950,6415,1999-09,9910,0,59094.5,0
6950,6415,1999-10,9910,0,59094.5,0
6950,6415,1999-11,9910,0,59094.5,0
6950,6415,1999-12,9910,0,59094.5,0
6950,6415,2000-01,9910,0,59094.5,0
6950,6415,2000-02,9910,0,59094.5,0
6950,6415,2000-03,9910,0,59094.5,0
6950,6415,2000-04,9910,0,59094.5,0
6950,6415,2000-05,9910,0,59094.5,0
6950,6415,2000-06,9910,0,59094.5,0
6950,6415,2000-07,9910,0,59094.5,0
6950,6415,2000-08,9910,0,59094.5,0
6950,6415,2000-09,9910,0,59094.5,0
6950,6415,2000-10,9910,0,59094.5,0
6950,6415,2000-11,9910,0,59094.5,0
6950,6415,2000-12,9910,0,59094.5,0
6950,6415,2001-01,9910,0,59094.5,0
6950,6415,2001-02,9910,0,59094.5,0
10215,7087,1997-03,1846,0,50011.6,0
10215,7087,1997-04,1846,0,53607.1,0
10215,7087,1997-05,1846,0,53106.0,0
10215,7087,1997-06,1846,0,64189.9,0
10215,7087,1997-07,1846,0,60426.1,0
10215,7087,1997-08,1846,0,50244.4,0
10215,7087,1997-09,1846,0,55745.9,0
10215,7087,1997-10,1846,0,57860.7,0
10215,7087,1997-11,1846,0,60786.6,0
10215,7087,1997-12,1846,0,61976.7,0
10215,7087,1998-01,1846,0,47968.5,0
10215,7087,1998-02,1846,0,58172.2,0
10215,7087,1998-03,1846,0,63907.0,0
10215,7087,1998-04,1846,0,67459.5,0
10215,7087,1998-05,1846,0,67015.3,0
10215,7087,1998-06,1846,0,67534.7,0
10215,7087,1998-07,1846,0,64683.4,0
10215,7087,1998-08,1846,0,61729.6,0
10215,7087,1998-09,1846,0,63782.1,0
10215,7087,1998-10,1846,0,68043.8,0
10215,7087,1998-11,1846,0,69121.1,0
10215,7087,1998-12,1846,0,82176.2,0
10215,7087,1999-01,1846,0,82176.2,0
10215,7087,1999-02,1846,0,82176.2,0
2247,5420,1997-03,3021,0,16066.7,0
2247,5420,1997-04,3021,0,14850.6,0
2247,5420,1997-05,3021,0,16839.1,0
2247,5420,1997-06,3021,0,15625.8,0
2247,5420,1997-07,3021,0,16815.3,0
2247,5420,1997-08,3021,0,12993.0,0
2247,5420,1997-09,3021,0,15677.8,0
2247,5420,1997-10,3021,0,56467.9,0
2247,5420,1997-11,3021,0,34454.5,0
2247,5420,1997-12,3021,0,42256.4,0
2247,5420,1998-01,3021,0,33111.2,0
2247,5420,1998-02,3021,0,67761.4,0
2247,5420,1998-03,3021,0,41873.0,0
2247,5420,1998-04,3021,0,41354.8,0
2247,5420,1998-05,3021,0,74962.8,0
2247,5420,1998-06,3021,0,79812.2,0
2247,5420,1998-07,3021,0,37936.2,0
2247,5420,1998-08,3021,0,73425.1,0
2247,5420,1998-09,3021,0,44639.8,0
2247,5420,1998-10,3021,0,53070.0,0
2247,5420,1998-11,3021,0,55138.5,0
2247,5420,1998-12,3021,0,28437.9,0
2247,5420,1999-01,3021,0,28437.9,0
2247,5420,1999-02,3021,0,28437.9,0
4803,5977,1997-03,1232,0,24496.7,0
4803,5977,1997-04,1232,0,29882.6,0
4803,5977,1997-05,1232,0,31880.1,0
4803,5977,1997-06,1232,0,18067.4,0
4803,5977,1997-07,1232,0,23025.3,0
4803,5977,1997-08,1232,0,26295.9,0
4803,5977,1997-09,1232,0,24571.4,0
4803,5977,1997-10,1232,0,29957.3,0
4803,5977,1997-11,1232,0,30947.0,0
4803,5977,1997-12,1232,0,27549.8,0
4803,5977,1998-01,1232,0,13278.5,0
4803,5977,1998-02,1232,0,15106.4,0
4803,5977,1998-03,1232,0,23154.4,0
4803,5977,1998-04,1232,0,22109.7,0
4803,5977,1998-05,1232,0,27977.2,0
4803,5977,1998-06,1232,0,21947.5,0
4803,5977,1998-07,1232,0,27614.5,0
4803,5977,1998-08,1232,0,33505.6,0
4803,5977,1998-09,1232,0,33717.1,0
4803,5977,1998-10,1232,0,32327.9,0
4803,5977,1998-11,1232,0,32333.0,0
4803,5977,1998-12,1232,0,35752.1,0
4803,5977,1999-01,1232,0,35752.1,0
4803,5977,1999-02,1232,0,35752.1,0
4803,5977,1999-03,1232,0,35752.1,0
4803,5977,1999-04,1232,0,35752.1,0
4803,5977,1999-05,1232,0,35752.1,0
4803,5977,1999-06,1232,0,35752.1,0
4803,5977,1999-07,1232,0,35752.1,0
4803,5977,1999-08,1232,0,35752.1,0
4803,5977,1999-09,1232,0,35752.1,0
4803,5977,1999-10,1232,0,35752.1,0
4803,5977,1999-11,1232,0,35752.1,0
4803,5977,1999-12,1232,0,35752.1,0
4803,5977,2000-01,1232,0,35752.1,0
4803,5977,2000-02,1232,0,35752.1,0
4803,5977,2000-03,1232,0,35752.1,0
4803,5977,2000-04,1232,0,35752.1,0
4803,5977,2000-05,1232,0,35752.1,0
4803,5977,2000-06,1232,0,35752.1,0
4803,5977,2000-07,1232,0,35752.1,0
4803,5977,2000-08,1232,0,35752.1,0
4803,5977,2000-09,1232,0,35752.1,0
4803,5977,2000-10,1232,0,35752.1,0
4803,5977,2000-11,1232,0,35752.1,0
4803,5977,2000-12,1232,0,35752.1,0
4803,5977,2001-01,1232,0,35752.1,0
4803,5977,2001-02,1232,0,35752.1,0
9052,6824,1997-03,2999,1,61917.1,0
9052,6824,1997-04,2999,1,100992.7,0
9052,6824,1997-05,2999,1,91118.4,0
9052,6824,1997-06,2999,1,56892.8,0
9052,6824,1997-07,2999,1,93953.9,0
9052,6824,1997-08,2999,1,39194.2,0
9052,6824,1997-09,2999,1,22137.6,0
9052,6824,1997-10,2999,1,50024.1,0
9052,6824,1997-11,2999,1,41985.9,0
9052,6824,1997-12,2999,1,38660.7,0
9052,6824,1998-01,2999,1,15594.4,0
9052,6824,1998-02,2999,1,33217.9,0
9052,6824,1998-03,2999,1,42893.3,0
9052,6824,1998-04,2999,1,41869.9,0
9052,6824,1998-05,2999,1,14053.1,0
9052,6824,1998-06,2999,1,24497.4,0
9052,6824,1998-07,2999,1,51223.9,0
9052,6824,1998-08,2999,1,19265.1,0
9052,6824,1998-09,2999,1,3579.2,0
9052,6824,1998-10,2999,1,56760.2,0
9052,6824,1998-11,2999,1,16077.5,0
9052,6824,1998-12,2999,1,27755.0,0
9052,6824,1999-01,2999,1,27755.0,0
9052,6824,1999-02,2999,1,27755.0,0
1244,5207,1997-03,748,0,15321.0,0
1244,5207,1997-04,748,0,15064.5,0
1244,5207,1997-05,748,0,13100.6,0
1244,5207,1997-06,748,0,19070.9,0
1244,5207,1997-07,748,0,14915.6,0
1244,5207,1997-08,748,0,17578.6,0
1244,5207,1997-09,748,0,18635.6,0
1244,5207,1997-10,748,0,14583.9,0
1244,5207,1997-11,748,0,15628.8,0
1244,5207,1997-12,748,0,11098.1,0
1244,5207,1998-01,748,0,12128.6,0
1244,5207,1998-02,748,0,13763.7,0
1244,5207,1998-03,748,0,13104.6,0
1244,5207,1998-04,748,0,14143.1,0
1244,5207,1998-05,748,0,15185.9,0
1244,5207,1998-06,748,0,16354.8,0
1244,5207,1998-07,748,0,16204.0,0
1244,5207,1998-08,748,0,13552.3,0
1244,5207,1998-09,748,0,13091.3,0
1244,5207,1998-10,748,0,14129.6,0
1244,5207,1998-11,748,0,15172.2,0
1244,5207,1998-12,748,0,18842.1,0
1244,5207,1999-01,748,0,18842.1,0
1244,5207,1999-02,748,0,18842.1,0
1244,5207,1999-03,748,0,18842.1,0
1244,5207,1999-04,748,0,18842.1,0
1244,5207,1999-05,748,0,18842.1,0
1244,5207,1999-06,748,0,18842.1,0
1244,5207,1999-07,748,0,18842.1,0
1244,5207,1999-08,748,0,18842.1,0
1244,5207,1999-09,748,0,18842.1,0
1244,5207,1999-10,748,0,18842.1,0
1244,5207,1999-11,748,0,18842.1,0
1244,5207,1999-12,748,0,18842.1,0
1244,5207,2000-01,748,0,18842.1,0
1244,5207,2000-02,748,0,18842.1,0
1244,5207,2000-03,748,0,18842.1,0
1244,5207,2000-04,748,0,18842.1,0
1244,5207,2000-05,748,0,18842.1,0
1244,5207,2000-06,748,0,18842.1,0
1244,5207,2000-07,748,0,18842.1,0
1244,5207,2000-08,748,0,18842.1,0
1244,5207,2000-09,748,0,18842.1,0
1244,5207,2000-10,748,0,18842.1,0
1244,5207,2000-11,748,0,18842.1,0
1244,5207,2000-12,748,0,18842.1,0
1244,5207,2001-01,748,0,18842.1,0
1244,5207,2001-02,748,0,18842.1,0
10351,7115,1997-04,1848,0,14960.3,0
10351,7115,1997-05,1848,0,16467.8,0
10351,7115,1997-06,1848,0,16998.9,0
10351,7115,1997-07,1848,0,14409.4,0
10351,7115,1997-08,1848,0,16315.3,0
10351,7115,1997-09,1848,0,15730.2,0
10351,7115,1997-10,1848,0,16840.4,0
10351,7115,1997-11,1848,0,13937.2,0
10351,7115,1997-12,1848,0,13570.3,0
10351,7115,1998-01,1848,0,8086.5,0
10351,7115,1998-02,1848,0,8467.8,0
10351,7115,1998-03,1848,0,12056.1,0
10351,7115,1998-04,1848,0,12048.9,0
10351,7115,1998-05,1848,0,12442.2,0
10351,7115,1998-06,1848,0,12246.3,0
10351,7115,1998-07,1848,0,12640.5,0
10351,7115,1998-08,1848,0,13040.9,0
10351,7115,1998-09,1848,0,13438.2,0
10351,7115,1998-10,1848,0,13841.9,0
10351,7115,1998-11,1848,0,14247.0,0
10351,7115,1998-12,1848,0,14960.2,0
10351,7115,1999-01,1848,0,14960.2,0
10351,7115,1999-02,1848,0,14960.2,0
10351,7115,1999-03,1848,0,14960.2,0
10351,7115,1999-04,1848,0,14960.2,0
10351,7115,1999-05,1848,0,14960.2,0
10351,7115,1999-06,1848,0,14960.2,0
10351,7115,1999-07,1848,0,14960.2,0
10351,7115,1999-08,1848,0,14960.2,0
10351,7115,1999-09,1848,0,14960.2,0
10351,7115,1999-10,1848,0,14960.2,0
10351,7115,1999-11,1848,0,14960.2,0
10351,7115,1999-12,1848,0,14960.2,0
10351,7115,2000-01,1848,0,14960.2,0
10351,7115,2000-02,1848,0,14960.2,0
10351,7115,2000-03,1848,0,14960.2,0
10351,7115,2000-04,1848,0,14960.2,0
10351,7115,2000-05,1848,0,14960.2,0
10351,7115,2000-06,1848,0,14960.2,0
10351,7115,2000-07,1848,0,14960.2,0
10351,7115,2000-08,1848,0,14960.2,0
10351,7115,2000-09,1848,0,14960.2,0
10351,7115,2000-10,1848,0,14960.2,0
10351,7115,2000-11,1848,0,14960.2,0
10351,7115,2000-12,1848,0,14960.2,0
10351,7115,2001-01,1848,0,14960.2,0
10351,7115,2001-02,1848,0,14960.2,0
10351,7115,2001-03,1848,0,14960.2,0
11069,7250,1997-04,2482,0,29819.7,0
11069,7250,1997-05,2482,0,31849.4,0
11069,7250,1997-06,2482,0,38529.2,0
11069,7250,1997-07,2482,0,54005.9,0
11069,7250,1997-08,2482,0,60199.0,0
11069,7250,1997-09,2482,0,45817.6,0
11069,7250,1997-10,2482,0,43406.2,0
11069,7250,1997-11,2482,0,39073.7,0
11069,7250,1997-12,2482,0,47191.1,0
11069,7250,1998-01,2482,0,34134.9,0
11069,7250,1998-02,2482,0,101285.7,0
11069,7250,1998-03,2482,0,65986.1,0
11069,7250,1998-04,2482,0,101807.2,0
11069,7250,1998-05,2482,0,67310.6,0
11069,7250,1998-06,2482,0,103462.1,0
11069,7250,1998-07,2482,0,62513.8,0
11069,7250,1998-08,2482,0,105096.9,0
11069,7250,1998-09,2482,0,69505.8,0
11069,7250,1998-10,2482,0,87931.0,0
11069,7250,1998-11,2482,0,55737.8,0
11069,7250,1998-12,2482,0,117210.5,0
11069,7250,1999-01,2482,0,117210.5,0
11069,7250,1999-02,2482,0,117210.5,0
11069,7250,1999-03,2482,0,117210.5,0
11069,7250,1999-04,2482,0,117210.5,0
11069,7250,1999-05,2482,0,117210.5,0
11069,7250,1999-06,2482,0,117210.5,0
11069,7250,1999-07,2482,0,117210.5,0
11069,7250,1999-08,2482,0,117210.5,0
11069,7250,1999-09,2482,0,117210.5,0
11069,7250,1999-10,2482,0,117210.5,0
11069,7250,1999-11,2482,0,117210.5,0
11069,7250,1999-12,2482,0,117210.5,0
11069,7250,2000-01,2482,0,117210.5,0
11069,7250,2000-02,2482,0,117210.5,0
11069,7250,2000-03,2482,0,117210.5,0
11069,7250,2000-04,2482,0,117210.5,0
11069,7250,2000-05,2482,0,117210.5,0
11069,7250,2000-06,2482,0,117210.5,0
11069,7250,2000-07,2482,0,117210.5,0
11069,7250,2000-08,2482,0,117210.5,0
11069,7250,2000-09,2482,0,117210.5,0
11069,7250,2000-10,2482,0,117210.5,0
11069,7250,2000-11,2482,0,117210.5,0
11069,7250,2000-12,2482,0,117210.5,0
11069,7250,2001-01,2482,0,117210.5,0
11069,7250,2001-02,2482,0,117210.5,0
11069,7250,2001-03,2482,0,117210.5,0
4969,6010,1997-04,2503,0,59513.5,0
4969,6010,1997-05,2503,0,96093.1,0
4969,6010,1997-06,2503,0,15909.3,0
4969,6010,1997-07,2503,0,56342.6,0
4969,6010,1997-08,2503,0,57980.2,0
4969,6010,1997-09,2503,0,71419.7,0
4969,6010,1997-10,2503,0,83746.5,0
4969,6010,1997-11,2503,0,46344.5,0
4969,6010,1997-12,2503,0,29178.4,0
4969,6010,1998-01,2503,0,12400.8,0
4969,6010,1998-02,2503,0,31404.6,0
4969,6010,1998-03,2503,0,21053.8,0
4969,6010,1998-04,2503,0,23484.9,0
4969,6010,1998-05,2503,0,106704.4,0
4969,6010,1998-06,2503,0,77574.7,0
4969,6010,1998-07,2503,0,127580.1,0
4969,6010,1998-08,2503,0,33907.7,0
4969,6010,1998-09,2503,0,131760.5,0
4969,6010,1998-10,2503,0,50521.3,0
4969,6010,1998-11,2503,0,69701.1,0
4969,6010,1998-12,2503,0,101522.2,0
4969,6010,1999-01,2503,0,101522.2,0
4969,6010,1999-02,2503,0,101522.2,0
4969,6010,1999-03,2503,0,101522.2,0
4969,6010,1999-04,2503,0,101522.2,0
4969,6010,1999-05,2503,0,101522.2,0
4969,6010,1999-06,2503,0,101522.2,0
4969,6010,1999-07,2503,0,101522.2,0
4969,6010,1999-08,2503,0,101522.2,0
4969,6010,1999-09,2503,0,101522.2,0
4969,6010,1999-10,2503,0,101522.2,0
4969,6010,1999-11,2503,0,101522.2,0
4969,6010,1999-12,2503,0,101522.2,0
4969,6010,2000-01,2503,0,101522.2,0
4969,6010,2000-02,2503,0,101522.2,0
4969,6010,2000-03,2503,0,101522.2,0
4969,6010,2000-04,2503,0,101522.2,0
4969,6010,2000-05,2503,0,101522.2,0
4969,6010,2000-06,2503,0,101522.2,0
4969,6010,2000-07,2503,0,101522.2,0
4969,6010,2000-08,2503,0,101522.2,0
4969,6010,2000-09,2503,0,101522.2,0
4969,6010,2000-10,2503,0,101522.2,0
4969,6010,2000-11,2503,0,101522.2,0
4969,6010,2000-12,2503,0,101522.2,0
4969,6010,2001-01,2503,0,101522.2,0
4969,6010,2001-02,2503,0,101522.2,0
4969,6010,2001-03,2503,0,101522.2,0
4969,6010,2001-04,2503,0,101522.2,0
4969,6010,2001-05,2503,0,101522.2,0
4969,6010,2001-06,2503,0,101522.2,0
4969,6010,2001-07,2503,0,101522.2,0
4969,6010,2001-08,2503,0,101522.2,0
4969,6010,2001-09,2503,0,101522.2,0
4969,6010,2001-10,2503,0,101522.2,0
4969,6010,2001-11,2503,0,101522.2,0
4969,6010,2001-12,2503,0,101522.2,0
4969,6010,2002-01,2503,0,101522.2,0
4969,6010,2002-02,2503,0,101522.2,0
4969,6010,2002-03,2503,0,101522.2,0
5317,6088,1997-04,2505,0,32136.7,0
5317,6088,1997-05,2505,0,30258.0,0
5317,6088,1997-06,2505,0,33403.7,0
5317,6088,1997-07,2505,0,27725.6,0
5317,6088,1997-08,2505,0,27729.8,0
5317,6088,1997-09,2505,0,29335.0,0
5317,6088,1997-10,2505,0,30747.9,0
5317,6088,1997-11,2505,0,29959.0,0
5317,6088,1997-12,2505,0,28995.3,0
5317,6088,1998-01,2505,0,21478.8,0
5317,6088,1998-02,2505,0,19971.1,0
5317,6088,1998-03,2505,0,15026.5,0
5317,6088,1998-04,2505,0,18882.3,0
5317,6088,1998-05,2505,0,16438.1,0
5317,6088,1998-06,2505,0,17309.4,0
5317,6088,1998-07,2505,0,12985.9,0
5317,6088,1998-08,2505,0,9410.9,0
5317,6088,1998-09,2505,0,17654.1,0
5317,6088,1998-10,2505,0,25931.7,0
5317,6088,1998-11,2505,0,9570.3,0
5317,6088,1998-12,2505,0,19937.4,0
5317,6088,1999-01,2505,0,19937.4,0
5317,6088,1999-02,2505,0,19937.4,0
5317,6088,1999-03,2505,0,19937.4,0
5317,6088,1999-04,2505,0,19937.4,0
5317,6088,1999-05,2505,0,19937.4,0
5317,6088,1999-06,2505,0,19937.4,0
5317,6088,1999-07,2505,0,19937.4,0
5317,6088,1999-08,2505,0,19937.4,0
5317,6088,1999-09,2505,0,19937.4,0
5317,6088,1999-10,2505,0,19937.4,0
5317,6088,1999-11,2505,0,19937.4,0
5317,6088,1999-12,2505,0,19937.4,0
5317,6088,2000-01,2505,0,19937.4,0
5317,6088,2000-02,2505,0,19937.4,0
5317,6088,2000-03,2505,0,19937.4,0
3455,5682,1997-04,5622,0,34188.7,0
3455,5682,1997-05,5622,0,14689.9,0
3455,5682,1997-06,5622,0,21949.2,0
3455,5682,1997-07,5622,0,19844.3,0
3455,5682,1997-08,5622,0,14829.0,0
3455,5682,1997-09,5622,0,26601.3,0
3455,5682,1997-10,5622,0,45193.6,0
3455,5682,1997-11,5622,0,57523.0,0
3455,5682,1997-12,5622,0,74668.8,0
3455,5682,1998-01,5622,0,53416.5,0
3455,5682,1998-02,5622,0,59368.5,0
3455,5682,1998-03,5622,0,65566.5,0
10807,7201,1997-04,5622,0,39417.7,0
10807,7201,1997-05,5622,0,19940.1,0
10807,7201,1997-06,5622,0,27220.7,0
10807,7201,1997-07,5622,0,25137.0,0
10807,7201,1997-08,5622,0,20142.9,0
10807,7201,1997-09,5622,0,31936.6,0
10807,7201,1997-10,5622,0,50550.1,0
10807,7201,1997-11,5622,0,62900.9,0
10807,7201,1997-12,5622,0,80068.0,0
10807,7201,1998-01,5622,0,58837.0,0
10807,7201,1998-02,5622,0,64810.2,0
10807,7201,1998-03,5622,0,70022.8,0
9504,6938,1997-04,5688,0,33006.5,0
9504,6938,1997-05,5688,0,34474.0,0
9504,6938,1997-06,5688,0,16298.7,0
9504,6938,1997-07,5688,0,22177.5,0
9504,6938,1997-08,5688,0,27089.9,0
9504,6938,1997-09,5688,0,28621.6,0
9504,6938,1997-10,5688,0,28277.6,0
9504,6938,1997-11,5688,0,27506.1,0
9504,6938,1997-12,5688,0,30999.6,0
9504,6938,1998-01,5688,0,18180.7,0
9504,6938,1998-02,5688,0,22769.0,0
9504,6938,1998-03,5688,0,30587.9,0
9504,6938,1998-04,5688,0,33527.6,0
9504,6938,1998-05,5688,0,25261.8,0
9504,6938,1998-06,5688,0,31811.3,0
9504,6938,1998-07,5688,0,28390.7,0
9504,6938,1998-08,5688,0,26602.5,0
9504,6938,1998-09,5688,0,21996.6,0
9504,6938,1998-10,5688,0,19776.2,0
9504,6938,1998-11,5688,0,19346.6,0
9504,6938,1998-12,5688,0,17756.8,0
9504,6938,1999-01,5688,0,17756.8,0
9504,6938,1999-02,5688,0,17756.8,0
9504,6938,1999-03,5688,0,17756.8,0
9504,6938,1999-04,5688,0,17756.8,0
9504,6938,1999-05,5688,0,17756.8,0
9504,6938,1999-06,5688,0,17756.8,0
9504,6938,1999-07,5688,0,17756.8,0
9504,6938,1999-08,5688,0,17756.8,0
9504,6938,1999-09,5688,0,17756.8,0
9504,6938,1999-10,5688,0,17756.8,0
9504,6938,1999-11,5688,0,17756.8,0
9504,6938,1999-12,5688,0,17756.8,0
9504,6938,2000-01,5688,0,17756.8,0
9504,6938,2000-02,5688,0,17756.8,0
9504,6938,2000-03,5688,0,17756.8,0
9504,6938,2000-04,5688,0,17756.8,0
9504,6938,2000-05,5688,0,17756.8,0
9504,6938,2000-06,5688,0,17756.8,0
9504,6938,2000-07,5688,0,17756.8,0
9504,6938,2000-08,5688,0,17756.8,0
9504,6938,2000-09,5688,0,17756.8,0
9504,6938,2000-10,5688,0,17756.8,0
9504,6938,2000-11,5688,0,17756.8,0
9504,6938,2000-12,5688,0,17756.8,0
9504,6938,2001-01,5688,0,17756.8,0
9504,6938,2001-02,5688,0,17756.8,0
9504,6938,2001-03,5688,0,17756.8,0
9504,6938,2001-04,5688,0,17756.8,0
9504,6938,2001-05,5688,0,17756.8,0
9504,6938,2001-06,5688,0,17756.8,0
9504,6938,2001-07,5688,0,17756.8,0
9504,6938,2001-08,5688,0,17756.8,0
9504,6938,2001-09,5688,0,17756.8,0
9504,6938,2001-10,5688,0,17756.8,0
9504,6938,2001-11,5688,0,17756.8,0
9504,6938,2001-12,5688,0,17756.8,0
9504,6938,2002-01,5688,0,17756.8,0
9504,6938,2002-02,5688,0,17756.8,0
9504,6938,2002-03,5688,0,17756.8,0
9235,6875,1997-04,1735,0,35723.0,0
9235,6875,1997-05,1735,0,36795.2,0
9235,6875,1997-06,1735,0,42658.3,0
9235,6875,1997-07,1735,0,41227.8,0
9235,6875,1997-08,1735,0,38460.2,0
9235,6875,1997-09,1735,0,34224.8,0
9235,6875,1997-10,1735,0,32419.7,0
9235,6875,1997-11,1735,0,28217.9,0
9235,6875,1997-12,1735,0,31425.8,0
9235,6875,1998-01,1735,0,24323.2,0
9235,6875,1998-02,1735,0,34438.8,0
9235,6875,1998-03,1735,0,36453.0,0
9235,6875,1998-04,1735,0,38648.3,0
9235,6875,1998-05,1735,0,40594.4,0
9235,6875,1998-06,1735,0,61617.4,0
9235,6875,1998-07,1735,0,59752.0,0
9235,6875,1998-08,1735,0,60796.3,0
9235,6875,1998-09,1735,0,60808.1,0
9235,6875,1998-10,1735,0,60622.4,0
9235,6875,1998-11,1735,0,62741.8,0
9235,6875,1998-12,1735,0,74808.9,0
9235,6875,1999-01,1735,0,74808.9,0
9235,6875,1999-02,1735,0,74808.9,0
9235,6875,1999-03,1735,0,74808.9,0
9235,6875,1999-04,1735,0,74808.9,0
9235,6875,1999-05,1735,0,74808.9,0
9235,6875,1999-06,1735,0,74808.9,0
9235,6875,1999-07,1735,0,74808.9,0
9235,6875,1999-08,1735,0,74808.9,0
9235,6875,1999-09,1735,0,74808.9,0
9235,6875,1999-10,1735,0,74808.9,0
9235,6875,1999-11,1735,0,74808.9,0
9235,6875,1999-12,1735,0,74808.9,0
9235,6875,2000-01,1735,0,74808.9,0
9235,6875,2000-02,1735,0,74808.9,0
9235,6875,2000-03,1735,0,74808.9,0
9235,6875,2000-04,1735,0,74808.9,0
9235,6875,2000-05,1735,0,74808.9,0
9235,6875,2000-06,1735,0,74808.9,0
9235,6875,2000-07,1735,0,74808.9,0
9235,6875,2000-08,1735,0,74808.9,0
9235,6875,2000-09,1735,0,74808.9,0
9235,6875,2000-10,1735,0,74808.9,0
9235,6875,2000-11,1735,0,74808.9,0
9235,6875,2000-12,1735,0,74808.9,0
9235,6875,2001-01,1735,0,74808.9,0
9235,6875,2001-02,1735,0,74808.9,0
9235,6875,2001-03,1735,0,74808.9,0
4715,5953,1997-04,4049,0,24126.1,0
4715,5953,1997-05,4049,0,36369.1,0
4715,5953,1997-06,4049,0,47507.8,0
4715,5953,1997-07,4049,0,52278.5,0
4715,5953,1997-08,4049,0,51418.9,0
4715,5953,1997-09,4049,0,55796.9,0
4715,5953,1997-10,4049,0,28025.1,0
4715,5953,1997-11,4049,0,49021.1,0
4715,5953,1997-12,4049,0,34648.5,0
4715,5953,1998-01,4049,0,22631.2,0
4715,5953,1998-02,4049,0,47503.4,0
4715,5953,1998-03,4049,0,50555.9,0
4715,5953,1998-04,4049,0,61027.9,0
4715,5953,1998-05,4049,0,33829.5,0
4715,5953,1998-06,4049,0,46368.2,0
4715,5953,1998-07,4049,0,55515.4,0
4715,5953,1998-08,4049,0,56081.2,0
4715,5953,1998-09,4049,0,34598.5,0
4715,5953,1998-10,4049,0,42184.7,0
4715,5953,1998-11,4049,0,50299.2,0
4715,5953,1998-12,4049,0,33537.8,0
4715,5953,1999-01,4049,0,33537.8,0
4715,5953,1999-02,4049,0,33537.8,0
4715,5953,1999-03,4049,0,33537.8,0
4681,5942,1997-04,3388,0,32018.9,0
4681,5942,1997-05,3388,0,27063.9,0
4681,5942,1997-06,3388,0,29885.8,0
4681,5942,1997-07,3388,0,26218.8,0
4681,5942,1997-08,3388,0,21838.8,0
4681,5942,1997-09,3388,0,19041.1,0
4681,5942,1997-10,3388,0,20433.9,0
4681,5942,1997-11,3388,0,24334.2,0
4681,5942,1997-12,3388,0,31640.7,0
4681,5942,1998-01,3388,0,26275.2,0
4681,5942,1998-02,3388,0,26995.4,0
4681,5942,1998-03,3388,0,32423.6,0
4681,5942,1998-04,3388,0,36973.1,0
4681,5942,1998-05,3388,0,36535.9,0
4681,5942,1998-06,3388,0,35913.2,0
4681,5942,1998-07,3388,0,35169.8,0
4681,5942,1998-08,3388,0,32613.6,0
4681,5942,1998-09,3388,0,39164.6,0
4681,5942,1998-10,3388,0,35787.4,0
4681,5942,1998-11,3388,0,38901.8,0
4681,5942,1998-12,3388,0,54270.4,0
4681,5942,1999-01,3388,0,54270.4,0
4681,5942,1999-02,3388,0,54270.4,0
4681,5942,1999-03,3388,0,54270.4,0
4681,5942,1999-04,3388,0,54270.4,0
4681,5942,1999-05,3388,0,54270.4,0
4681,5942,1999-06,3388,0,54270.4,0
4681,5942,1999-07,3388,0,54270.4,0
4681,5942,1999-08,3388,0,54270.4,0
4681,5942,1999-09,3388,0,54270.4,0
4681,5942,1999-10,3388,0,54270.4,0
4681,5942,1999-11,3388,0,54270.4,0
4681,5942,1999-12,3388,0,54270.4,0
4681,5942,2000-01,3388,0,54270.4,0
4681,5942,2000-02,3388,0,54270.4,0
4681,5942,2000-03,3388,0,54270.4,0
4681,5942,2000-04,3388,0,54270.4,0
4681,5942,2000-05,3388,0,54270.4,0
4681,5942,2000-06,3388,0,54270.4,0
4681,5942,2000-07,3388,0,54270.4,0
4681,5942,2000-08,3388,0,54270.4,0
4681,5942,2000-09,3388,0,54270.4,0
4681,5942,2000-10,3388,0,54270.4,0
4681,5942,2000-11,3388,0,54270.4,0
4681,5942,2000-12,3388,0,54270.4,0
4681,5942,2001-01,3388,0,54270.4,0
4681,5942,2001-02,3388,0,54270.4,0
4681,5942,2001-03,3388,0,54270.4,0
2134,5382,1997-04,637,0,41707.9,0
2134,5382,1997-05,637,0,39812.5,0
2134,5382,1997-06,637,0,32514.6,0
2134,5382,1997-07,637,0,35601.6,0
2134,5382,1997-08,637,0,35492.3,0
2134,5382,1997-09,637,0,36880.8,0
2134,5382,1997-10,637,0,30777.0,0
2134,5382,1997-11,637,0,32064.6,0
2134,5382,1997-12,637,0,33205.2,0
2134,5382,1998-01,637,0,28301.6,0
2134,5382,1998-02,637,0,29175.4,0
2134,5382,1998-03,637,0,29359.3,0
2134,5382,1998-04,637,0,31247.5,0
2134,5382,1998-05,637,0,35543.2,0
2134,5382,1998-06,637,0,30659.4,0
2134,5382,1998-07,637,0,35954.0,0
2134,5382,1998-08,637,0,40768.2,0
2134,5382,1998-09,637,0,42801.2,0
2134,5382,1998-10,637,0,45841.7,0
2134,5382,1998-11,637,0,44791.5,0
2134,5382,1998-12,637,0,57788.4,0
2134,5382,1999-01,637,0,57788.4,0
2134,5382,1999-02,637,0,57788.4,0
2134,5382,1999-03,637,0,57788.4,0
2134,5382,1999-04,637,0,57788.4,0
2134,5382,1999-05,637,0,57788.4,0
2134,5382,1999-06,637,0,57788.4,0
2134,5382,1999-07,637,0,57788.4,0
2134,5382,1999-08,637,0,57788.4,0
2134,5382,1999-09,637,0,57788.4,0
2134,5382,1999-10,637,0,57788.4,0
2134,5382,1999-11,637,0,57788.4,0
2134,5382,1999-12,637,0,57788.4,0
2134,5382,2000-01,637,0,57788.4,0
2134,5382,2000-02,637,0,57788.4,0
2134,5382,2000-03,637,0,57788.4,0
6792,6377,1997-04,1432,0,41178.0,0
6792,6377,1997-05,1432,0,46612.8,0
6792,6377,1997-06,1432,0,30806.8,0
6792,6377,1997-07,1432,0,36024.8,0
6792,6377,1997-08,1432,0,39119.8,0
6792,6377,1997-09,1432,0,42438.7,0
6792,6377,1997-10,1432,0,45370.3,0
6792,6377,1997-11,1432,0,46909.4,0
6792,6377,1997-12,1432,0,45380.4,0
6792,6377,1998-01,1432,0,21203.1,0
6792,6377,1998-02,1432,0,30267.4,0
6792,6377,1998-03,1432,0,31643.2,0
4618,5931,1997-04,2779,1,11624.0,0
4618,5931,1997-05,2779,1,-2267.2,1
4618,5931,1997-06,2779,1,4252.0,0
4618,5931,1997-07,2779,1,-7884.8,1
4618,5931,1997-08,2779,1,-7914.0,1
4618,5931,1997-09,2779,1,9036.9,0
4618,5931,1997-10,2779,1,-406.4,1
4618,5931,1997-11,2779,1,-423.5,1
4618,5931,1997-12,2779,1,-440.5,1
4618,5931,1998-01,2779,1,-469.7,1
4618,5931,1998-02,2779,1,1585.9,1
4618,5931,1998-03,2779,1,14642.1,0
4618,5931,1998-04,2779,1,-22.2,1
4618,5931,1998-05,2779,1,-51.4,1
4618,5931,1998-06,2779,1,15538.7,0
4618,5931,1998-07,2779,1,78403.9,0
4618,5931,1998-08,2779,1,63686.6,0
4618,5931,1998-09,2779,1,59266.6,0
4618,5931,1998-10,2779,1,17269.8,0
4618,5931,1998-11,2779,1,35445.0,0
4618,5931,1998-12,2779,1,-5845.8,1
4618,5931,1999-01,2779,1,-5845.8,1
4618,5931,1999-02,2779,1,-5845.8,1
4618,5931,1999-03,2779,1,-5845.8,1
4863,5992,1997-04,6340,0,36697.8,0
4863,5992,1997-05,6340,0,54462.7,0
4863,5992,1997-06,6340,0,87769.3,0
4863,5992,1997-07,6340,0,80067.7,0
4863,5992,1997-08,6340,0,75140.8,0
4863,5992,1997-09,6340,0,54363.7,0
4863,5992,1997-10,6340,0,53428.0,0
4863,5992,1997-11,6340,0,49251.8,0
4863,5992,1997-12,6340,0,79337.9,0
4863,5992,1998-01,6340,0,39810.6,0
4863,5992,1998-02,6340,0,57773.6,0
4863,5992,1998-03,6340,0,67407.8,0
4033,5790,1997-04,1756,0,36878.5,0
4033,5790,1997-05,1756,0,32003.7,0
4033,5790,1997-06,1756,0,23793.2,0
4033,5790,1997-07,1756,0,24770.6,0
4033,5790,1997-08,1756,0,15777.7,0
4033,5790,1997-09,1756,0,22734.7,0
4033,5790,1997-10,1756,0,27114.0,0
4033,5790,1997-11,1756,0,32514.7,0
4033,5790,1997-12,1756,0,33529.3,0
4033,5790,1998-01,1756,0,24564.5,0
4033,5790,1998-02,1756,0,26958.2,0
4033,5790,1998-03,1756,0,31755.6,0
4033,5790,1998-04,1756,0,35871.5,0
4033,5790,1998-05,1756,0,34690.4,0
4033,5790,1998-06,1756,0,34132.5,0
4033,5790,1998-07,1756,0,33752.5,0
4033,5790,1998-08,1756,0,34176.5,0
4033,5790,1998-09,1756,0,33434.8,0
4033,5790,1998-10,1756,0,40275.6,0
4033,5790,1998-11,1756,0,37800.9,0
4033,5790,1998-12,1756,0,38272.8,0
4033,5790,1999-01,1756,0,38272.8,0
4033,5790,1999-02,1756,0,38272.8,0
4033,5790,1999-03,1756,0,38272.8,0
4033,5790,1999-04,1756,0,38272.8,0
4033,5790,1999-05,1756,0,38272.8,0
4033,5790,1999-06,1756,0,38272.8,0
4033,5790,1999-07,1756,0,38272.8,0
4033,5790,1999-08,1756,0,38272.8,0
4033,5790,1999-09,1756,0,38272.8,0
4033,5790,1999-10,1756,0,38272.8,0
4033,5790,1999-11,1756,0,38272.8,0
4033,5790,1999-12,1756,0,38272.8,0
4033,5790,2000-01,1756,0,38272.8,0
4033,5790,2000-02,1756,0,38272.8,0
4033,5790,2000-03,1756,0,38272.8,0
4033,5790,2000-04,1756,0,38272.8,0
4033,5790,2000-05,1756,0,38272.8,0
4033,5790,2000-06,1756,0,38272.8,0
4033,5790,2000-07,1756,0,38272.8,0
4033,5790,2000-08,1756,0,38272.8,0
4033,5790,2000-09,1756,0,38272.8,0
4033,5790,2000-10,1756,0,38272.8,0
4033,5790,2000-11,1756,0,38272.8,0
4033,5790,2000-12,1756,0,38272.8,0
4033,5790,2001-01,1756,0,38272.8,0
4033,5790,2001-02,1756,0,38272.8,0
4033,5790,2001-03,1756,0,38272.8,0
8688,6753,1997-04,5665,0,37985.9,0
8688,6753,1997-05,5665,0,35355.1,0
8688,6753,1997-06,5665,0,30326.0,0
8688,6753,1997-07,5665,0,38287.9,0
8688,6753,1997-08,5665,0,36366.6,0
8688,6753,1997-09,5665,0,38707.4,0
8688,6753,1997-10,5665,0,38801.1,0
8688,6753,1997-11,5665,0,43711.7,0
8688,6753,1997-12,5665,0,49262.8,0
8688,6753,1998-01,5665,0,33702.3,0
8688,6753,1998-02,5665,0,39356.7,0
8688,6753,1998-03,5665,0,46721.7,0
7674,6562,1997-04,3937,0,54361.6,0
7674,6562,1997-05,3937,0,86933.6,0
7674,6562,1997-06,3937,0,84130.5,0
7674,6562,1997-07,3937,0,102631.7,0
7674,6562,1997-08,3937,0,41716.6,0
7674,6562,1997-09,3937,0,36660.9,0
7674,6562,1997-10,3937,0,108966.7,0
7674,6562,1997-11,3937,0,74348.6,0
7674,6562,1997-12,3937,0,98130.7,0
7674,6562,1998-01,3937,0,34112.1,0
7674,6562,1998-02,3937,0,31033.1,0
7674,6562,1998-03,3937,0,49008.1,0
7674,6562,1998-04,3937,0,68629.9,0
7674,6562,1998-05,3937,0,86113.6,0
7674,6562,1998-06,3937,0,27069.8,0
7674,6562,1998-07,3937,0,29969.6,0
7674,6562,1998-08,3937,0,35980.8,0
7674,6562,1998-09,3937,0,45295.9,0
7674,6562,1998-10,3937,0,18020.1,0
7674,6562,1998-11,3937,0,21396.5,0
7674,6562,1998-12,3937,0,25288.3,0
7674,6562,1999-01,3937,0,25288.3,0
7674,6562,1999-02,3937,0,25288.3,0
7674,6562,1999-03,3937,0,25288.3,0
10049,7046,1997-04,7636,0,13229.0,0
10049,7046,1997-05,7636,0,11168.6,0
10049,7046,1997-06,7636,0,13176.7,0
10049,7046,1997-07,7636,0,17526.2,0
10049,7046,1997-08,7636,0,14335.3,0
10049,7046,1997-09,7636,0,21095.8,0
10049,7046,1997-10,7636,0,24479.3,0
10049,7046,1997-11,7636,0,22004.0,0
10049,7046,1997-12,7636,0,23110.3,0
10049,7046,1998-01,7636,0,13132.3,0
10049,7046,1998-02,7636,0,15984.5,0
10049,7046,1998-03,7636,0,20049.2,0
4361,5868,1997-04,7513,0,49825.9,0
4361,5868,1997-05,7513,0,52497.7,0
4361,5868,1997-06,7513,0,77177.3,0
4361,5868,1997-07,7513,0,78816.6,0
4361,5868,1997-08,7513,0,82895.3,0
4361,5868,1997-09,7513,0,75399.5,0
4361,5868,1997-10,7513,0,98610.7,0
4361,5868,1997-11,7513,0,81018.1,0
4361,5868,1997-12,7513,0,92116.9,0
4361,5868,1998-01,7513,0,61448.9,0
4361,5868,1998-02,7513,0,99335.9,0
4361,5868,1998-03,7513,0,82013.8,0
3967,5784,1997-04,2350,1,8333.5,0
3967,5784,1997-05,2350,1,29224.7,0
3967,5784,1997-06,2350,1,18583.2,0
3967,5784,1997-07,2350,1,22203.2,0
3967,5784,1997-08,2350,1,18913.4,0
3967,5784,1997-09,2350,1,21345.7,0
3967,5784,1997-10,2350,1,60557.5,0
3967,5784,1997-11,2350,1,35007.8,0
3967,5784,1997-12,2350,1,70901.8,0
3967,5784,1998-01,2350,1,19094.2,0
3967,5784,1998-02,2350,1,69391.5,0
3967,5784,1998-03,2350,1,69103.7,0
3967,5784,1998-04,2350,1,41859.8,0
3967,5784,1998-05,2350,1,51657.6,0
3967,5784,1998-06,2350,1,90247.1,0
3967,5784,1998-07,2350,1,63735.0,0
3967,5784,1998-08,2350,1,109074.0,0
3967,5784,1998-09,2350,1,100294.1,0
3967,5784,1998-10,2350,1,109987.1,0
3967,5784,1998-11,2350,1,102107.5,0
3967,5784,1998-12,2350,1,85375.5,0
3967,5784,1999-01,2350,1,85375.5,0
3967,5784,1999-02,2350,1,85375.5,0
3967,5784,1999-03,2350,1,85375.5,0
3967,5784,1999-04,2350,1,85375.5,0
3967,5784,1999-05,2350,1,85375.5,0
3967,5784,1999-06,2350,1,85375.5,0
3967,5784,1999-07,2350,1,85375.5,0
3967,5784,1999-08,2350,1,85375.5,0
3967,5784,1999-09,2350,1,85375.5,0
3967,5784,1999-10,2350,1,85375.5,0
3967,5784,1999-11,2350,1,85375.5,0
3967,5784,1999-12,2350,1,85375.5,0
3967,5784,2000-01,2350,1,85375.5,0
3967,5784,2000-02,2350,1,85375.5,0
3967,5784,2000-03,2350,1,85375.5,0
4415,5878,1997-04,6170,0,40954.7,0
4415,5878,1997-05,6170,0,39899.3,0
4415,5878,1997-06,6170,0,25267.2,0
4415,5878,1997-07,6170,0,35959.2,0
4415,5878,1997-08,6170,0,44231.4,0
4415,5878,1997-09,6170,0,47893.7,0
4415,5878,1997-10,6170,0,52972.4,0
4415,5878,1997-11,6170,0,51430.8,0
4415,5878,1997-12,6170,0,55520.6,0
4415,5878,1998-01,6170,0,36849.5,0
4415,5878,1998-02,6170,0,47689.2,0
4415,5878,1998-03,6170,0,47459.3,0
4415,5878,1998-04,6170,0,52711.5,0
675,5110,1997-04,1704,0,32980.7,0
675,5110,1997-05,1704,0,36482.2,0
675,5110,1997-06,1704,0,40974.2,0
675,5110,1997-07,1704,0,42182.4,0
675,5110,1997-08,1704,0,46523.7,0
675,5110,1997-09,1704,0,46677.0,0
675,5110,1997-10,1704,0,43558.1,0
675,5110,1997-11,1704,0,47604.7,0
675,5110,1997-12,1704,0,48651.9,0
675,5110,1998-01,1704,0,28949.0,0
675,5110,1998-02,1704,0,41949.1,0
675,5110,1998-03,1704,0,54302.2,0
675,5110,1998-04,1704,0,59695.5,0
675,5110,1998-05,1704,0,58900.8,0
675,5110,1998-06,1704,0,59877.2,0
675,5110,1998-07,1704,0,57479.7,0
675,5110,1998-08,1704,0,55472.3,0
675,5110,1998-09,1704,0,54357.9,0
675,5110,1998-10,1704,0,57948.7,0
675,5110,1998-11,1704,0,63358.4,0
675,5110,1998-12,1704,0,66956.4,0
675,5110,1999-01,1704,0,66956.4,0
675,5110,1999-02,1704,0,66956.4,0
675,5110,1999-03,1704,0,66956.4,0
675,5110,1999-04,1704,0,66956.4,0
675,5110,1999-05,1704,0,66956.4,0
675,5110,1999-06,1704,0,66956.4,0
675,5110,1999-07,1704,0,66956.4,0
675,5110,1999-08,1704,0,66956.4,0
675,5110,1999-09,1704,0,66956.4,0
675,5110,1999-10,1704,0,66956.4,0
675,5110,1999-11,1704,0,66956.4,0
675,5110,1999-12,1704,0,66956.4,0
675,5110,2000-01,1704,0,66956.4,0
675,5110,2000-02,1704,0,66956.4,0
675,5110,2000-03,1704,0,66956.4,0
675,5110,2000-04,1704,0,66956.4,0
675,5110,2000-05,1704,0,66956.4,0
675,5110,2000-06,1704,0,66956.4,0
675,5110,2000-07,1704,0,66956.4,0
675,5110,2000-08,1704,0,66956.4,0
675,5110,2000-09,1704,0,66956.4,0
675,5110,2000-10,1704,0,66956.4,0
675,5110,2000-11,1704,0,66956.4,0
675,5110,2000-12,1704,0,66956.4,0
675,5110,2001-01,1704,0,66956.4,0
675,5110,2001-02,1704,0,66956.4,0
675,5110,2001-03,1704,0,66956.4,0
675,5110,2001-04,1704,0,66956.4,0
675,5110,2001-05,1704,0,66956.4,0
675,5110,2001-06,1704,0,66956.4,0
675,5110,2001-07,1704,0,66956.4,0
675,5110,2001-08,1704,0,66956.4,0
675,5110,2001-09,1704,0,66956.4,0
675,5110,2001-10,1704,0,66956.4,0
675,5110,2001-11,1704,0,66956.4,0
675,5110,2001-12,1704,0,66956.4,0
675,5110,2002-01,1704,0,66956.4,0
675,5110,2002-02,1704,0,66956.4,0
675,5110,2002-03,1704,0,66956.4,0
675,5110,2002-04,1704,0,66956.4,0
1252,5210,1997-04,4115,0,36236.1,0
1252,5210,1997-05,4115,0,37544.8,0
1252,5210,1997-06,4115,0,36426.0,0
1252,5210,1997-07,4115,0,40537.3,0
1252,5210,1997-08,4115,0,41705.7,0
1252,5210,1997-09,4115,0,33124.1,0
1252,5210,1997-10,4115,0,25219.7,0
1252,5210,1997-11,4115,0,27713.3,0
1252,5210,1997-12,4115,0,29403.0,0
1252,5210,1998-01,4115,0,26558.2,0
1252,5210,1998-02,4115,0,42553.2,0
1252,5210,1998-03,4115,0,39563.3,0
1252,5210,1998-04,4115,0,38569.7,0
1252,5210,1998-05,4115,0,40476.8,0
1252,5210,1998-06,4115,0,53592.6,0
1252,5210,1998-07,4115,0,49455.4,0
1252,5210,1998-08,4115,0,62037.5,0
1252,5210,1998-09,4115,0,35672.6,0
1252,5210,1998-10,4115,0,34147.3,0
1252,5210,1998-11,4115,0,55188.3,0
1252,5210,1998-12,4115,0,62610.7,0
1252,5210,1999-01,4115,0,62610.7,0
1252,5210,1999-02,4115,0,62610.7,0
1252,5210,1999-03,4115,0,62610.7,0
1252,5210,1999-04,4115,0,62610.7,0
1252,5210,1999-05,4115,0,62610.7,0
1252,5210,1999-06,4115,0,62610.7,0
1252,5210,1999-07,4115,0,62610.7,0
1252,5210,1999-08,4115,0,62610.7,0
1252,5210,1999-09,4115,0,62610.7,0
1252,5210,1999-10,4115,0,62610.7,0
1252,5210,1999-11,4115,0,62610.7,0
1252,5210,1999-12,4115,0,62610.7,0
1252,5210,2000-01,4115,0,62610.7,0
1252,5210,2000-02,4115,0,62610.7,0
1252,5210,2000-03,4115,0,62610.7,0
1252,5210,2000-04,4115,0,62610.7,0
10954,7230,1997-05,312,0,51123.9,0
10954,7230,1997-06,312,0,44612.1,0
10954,7230,1997-07,312,0,44348.7,0
10954,7230,1997-08,312,0,42981.1,0
10954,7230,1997-09,312,0,44510.1,0
10954,7230,1997-10,312,0,38731.1,0
10954,7230,1997-11,312,0,33837.2,0
10954,7230,1997-12,312,0,33458.7,0
10954,7230,1998-01,312,0,20629.1,0
10954,7230,1998-02,312,0,28877.4,0
10954,7230,1998-03,312,0,37656.2,0
10954,7230,1998-04,312,0,39159.6,0
10954,7230,1998-05,312,0,36662.4,0
10954,7230,1998-06,312,0,38860.4,0
10954,7230,1998-07,312,0,38061.5,0
10954,7230,1998-08,312,0,35459.0,0
10954,7230,1998-09,312,0,28930.6,0
10954,7230,1998-10,312,0,26087.6,0
10954,7230,1998-11,312,0,26873.6,0
10954,7230,1998-12,312,0,43156.0,0
10954,7230,1999-01,312,0,43156.0,0
10954,7230,1999-02,312,0,43156.0,0
10954,7230,1999-03,312,0,43156.0,0
10954,7230,1999-04,312,0,43156.0,0
10954,7230,1999-05,312,0,43156.0,0
10954,7230,1999-06,312,0,43156.0,0
10954,7230,1999-07,312,0,43156.0,0
10954,7230,1999-08,312,0,43156.0,0
10954,7230,1999-09,312,0,43156.0,0
10954,7230,1999-10,312,0,43156.0,0
10954,7230,1999-11,312,0,43156.0,0
10954,7230,1999-12,312,0,43156.0,0
10954,7230,2000-01,312,0,43156.0,0
10954,7230,2000-02,312,0,43156.0,0
10954,7230,2000-03,312,0,43156.0,0
10954,7230,2000-04,312,0,43156.0,0
10954,7230,2000-05,312,0,43156.0,0
10954,7230,2000-06,312,0,43156.0,0
10954,7230,2000-07,312,0,43156.0,0
10954,7230,2000-08,312,0,43156.0,0
10954,7230,2000-09,312,0,43156.0,0
10954,7230,2000-10,312,0,43156.0,0
10954,7230,2000-11,312,0,43156.0,0
10954,7230,2000-12,312,0,43156.0,0
10954,7230,2001-01,312,0,43156.0,0
10954,7230,2001-02,312,0,43156.0,0
10954,7230,2001-03,312,0,43156.0,0
10954,7230,2001-04,312,0,43156.0,0
10954,7230,2001-05,312,0,43156.0,0
10954,7230,2001-06,312,0,43156.0,0
10954,7230,2001-07,312,0,43156.0,0
10954,7230,2001-08,312,0,43156.0,0
10954,7230,2001-09,312,0,43156.0,0
10954,7230,2001-10,312,0,43156.0,0
10954,7230,2001-11,312,0,43156.0,0
10954,7230,2001-12,312,0,43156.0,0
10954,7230,2002-01,312,0,43156.0,0
10954,7230,2002-02,312,0,43156.0,0
10954,7230,2002-03,312,0,43156.0,0
10954,7230,2002-04,312,0,43156.0,0
176,5005,1997-05,2288,0,89809.5,0
176,5005,1997-06,2288,0,51047.0,0
176,5005,1997-07,2288,0,63075.6,0
176,5005,1997-08,2288,0,66661.9,0
176,5005,1997-09,2288,0,69233.8,0
176,5005,1997-10,2288,0,18829.7,0
176,5005,1997-11,2288,0,40957.0,0
176,5005,1997-12,2288,0,75498.7,0
176,5005,1998-01,2288,0,67012.3,0
176,5005,1998-02,2288,0,93157.8,0
176,5005,1998-03,2288,0,18092.3,0
176,5005,1998-04,2288,0,43120.8,0
9225,6871,1997-05,3422,0,25914.6,0
9225,6871,1997-06,3422,0,27574.2,0
9225,6871,1997-07,3422,0,23358.3,0
9225,6871,1997-08,3422,0,33982.1,0
9225,6871,1997-09,3422,0,26518.8,0
9225,6871,1997-10,3422,0,29317.5,0
9225,6871,1997-11,3422,0,27900.3,0
9225,6871,1997-12,3422,0,60472.0,0
9225,6871,1998-01,3422,0,38363.7,0
9225,6871,1998-02,3422,0,52249.0,0
9225,6871,1998-03,3422,0,37429.0,0
9225,6871,1998-04,3422,0,69796.7,0
9225,6871,1998-05,3422,0,56297.3,0
9225,6871,1998-06,3422,0,108011.5,0
9225,6871,1998-07,3422,0,74160.1,0
9225,6871,1998-08,3422,0,66413.3,0
9225,6871,1998-09,3422,0,83125.7,0
9225,6871,1998-10,3422,0,69099.9,0
9225,6871,1998-11,3422,0,73363.6,0
9225,6871,1998-12,3422,0,88540.0,0
9225,6871,1999-01,3422,0,88540.0,0
9225,6871,1999-02,3422,0,88540.0,0
9225,6871,1999-03,3422,0,88540.0,0
9225,6871,1999-04,3422,0,88540.0,0
9225,6871,1999-05,3422,0,88540.0,0
9225,6871,1999-06,3422,0,88540.0,0
9225,6871,1999-07,3422,0,88540.0,0
9225,6871,1999-08,3422,0,88540.0,0
9225,6871,1999-09,3422,0,88540.0,0
9225,6871,1999-10,3422,0,88540.0,0
9225,6871,1999-11,3422,0,88540.0,0
9225,6871,1999-12,3422,0,88540.0,0
9225,6871,2000-01,3422,0,88540.0,0
9225,6871,2000-02,3422,0,88540.0,0
9225,6871,2000-03,3422,0,88540.0,0
9225,6871,2000-04,3422,0,88540.0,0
9225,6871,2000-05,3422,0,88540.0,0
9225,6871,2000-06,3422,0,88540.0,0
9225,6871,2000-07,3422,0,88540.0,0
9225,6871,2000-08,3422,0,88540.0,0
9225,6871,2000-09,3422,0,88540.0,0
9225,6871,2000-10,3422,0,88540.0,0
9225,6871,2000-11,3422,0,88540.0,0
9225,6871,2000-12,3422,0,88540.0,0
9225,6871,2001-01,3422,0,88540.0,0
9225,6871,2001-02,3422,0,88540.0,0
9225,6871,2001-03,3422,0,88540.0,0
9225,6871,2001-04,3422,0,88540.0,0
2051,5363,1997-05,4898,1,3804.9,1
2051,5363,1997-06,4898,1,32007.0,0
2051,5363,1997-07,4898,1,2260.1,1
2051,5363,1997-08,4898,1,4439.3,1
2051,5363,1997-09,4898,1,20899.0,0
2051,5363,1997-10,4898,1,35005.9,0
2051,5363,1997-11,4898,1,19000.4,0
2051,5363,1997-12,4898,1,12941.6,0
2051,5363,1998-01,4898,1,66258.9,0
2051,5363,1998-02,4898,1,40991.0,0
2051,5363,1998-03,4898,1,81565.8,0
2051,5363,1998-04,4898,1,59632.3,0
2051,5363,1998-05,4898,1,105484.5,0
2051,5363,1998-06,4898,1,61758.1,0
2051,5363,1998-07,4898,1,66220.8,0
2051,5363,1998-08,4898,1,45867.9,0
2051,5363,1998-09,4898,1,57197.5,0
2051,5363,1998-10,4898,1,39431.3,0
2051,5363,1998-11,4898,1,49457.8,0
2051,5363,1998-12,4898,1,92531.9,0
2051,5363,1999-01,4898,1,92531.9,0
2051,5363,1999-02,4898,1,92531.9,0
2051,5363,1999-03,4898,1,92531.9,0
2051,5363,1999-04,4898,1,92531.9,0
2051,5363,1999-05,4898,1,92531.9,0
2051,5363,1999-06,4898,1,92531.9,0
2051,5363,1999-07,4898,1,92531.9,0
2051,5363,1999-08,4898,1,92531.9,0
2051,5363,1999-09,4898,1,92531.9,0
2051,5363,1999-10,4898,1,92531.9,0
2051,5363,1999-11,4898,1,92531.9,0
2051,5363,1999-12,4898,1,92531.9,0
2051,5363,2000-01,4898,1,92531.9,0
2051,5363,2000-02,4898,1,92531.9,0
2051,5363,2000-03,4898,1,92531.9,0
2051,5363,2000-04,4898,1,92531.9,0
2051,5363,2000-05,4898,1,92531.9,0
2051,5363,2000-06,4898,1,92531.9,0
2051,5363,2000-07,4898,1,92531.9,0
2051,5363,2000-08,4898,1,92531.9,0
2051,5363,2000-09,4898,1,92531.9,0
2051,5363,2000-10,4898,1,92531.9,0
2051,5363,2000-11,4898,1,92531.9,0
2051,5363,2000-12,4898,1,92531.9,0
2051,5363,2001-01,4898,1,92531.9,0
2051,5363,2001-02,4898,1,92531.9,0
2051,5363,2001-03,4898,1,92531.9,0
2051,5363,2001-04,4898,1,92531.9,0
2051,5363,2001-05,4898,1,92531.9,0
2051,5363,2001-06,4898,1,92531.9,0
2051,5363,2001-07,4898,1,92531.9,0
2051,5363,2001-08,4898,1,92531.9,0
2051,5363,2001-09,4898,1,92531.9,0
2051,5363,2001-10,4898,1,92531.9,0
2051,5363,2001-11,4898,1,92531.9,0
2051,5363,2001-12,4898,1,92531.9,0
2051,5363,2002-01,4898,1,92531.9,0
2051,5363,2002-02,4898,1,92531.9,0
2051,5363,2002-03,4898,1,92531.9,0
2051,5363,2002-04,4898,1,92531.9,0
11079,7253,1997-05,8192,0,85019.5,0
11079,7253,1997-06,8192,0,76444.7,0
11079,7253,1997-07,8192,0,104884.9,0
11079,7253,1997-08,8192,0,106335.1,0
11079,7253,1997-09,8192,0,67216.4,0
11079,7253,1997-10,8192,0,61833.3,0
11079,7253,1997-11,8192,0,72830.9,0
11079,7253,1997-12,8192,0,47898.7,0
11079,7253,1998-01,8192,0,48152.1,0
11079,7253,1998-02,8192,0,74291.4,0
11079,7253,1998-03,8192,0,60729.0,0
11079,7253,1998-04,8192,0,78119.2,0
5181,6055,1997-05,6652,0,26820.6,0
5181,6055,1997-06,6652,0,28665.6,0
5181,6055,1997-07,6652,0,30718.6,0
5181,6055,1997-08,6652,0,30078.1,0
5181,6055,1997-09,6652,0,29034.5,0
5181,6055,1997-10,6652,0,30088.4,0
5181,6055,1997-11,6652,0,29645.1,0
5181,6055,1997-12,6652,0,28901.9,0
5181,6055,1998-01,6652,0,24642.1,0
5181,6055,1998-02,6652,0,49510.3,0
5181,6055,1998-03,6652,0,51968.6,0
5181,6055,1998-04,6652,0,40343.7,0
5181,6055,1998-05,6652,0,40543.2,0
5181,6055,1998-06,6652,0,40342.9,0
5181,6055,1998-07,6652,0,29233.5,0
5181,6055,1998-08,6652,0,38399.8,0
5181,6055,1998-09,6652,0,82495.3,0
5181,6055,1998-10,6652,0,56009.2,0
5181,6055,1998-11,6652,0,48260.1,0
5181,6055,1998-12,6652,0,24099.0,0
5181,6055,1999-01,6652,0,24099.0,0
5181,6055,1999-02,6652,0,24099.0,0
5181,6055,1999-03,6652,0,24099.0,0
5181,6055,1999-04,6652,0,24099.0,0
5181,6055,1999-05,6652,0,24099.0,0
5181,6055,1999-06,6652,0,24099.0,0
5181,6055,1999-07,6652,0,24099.0,0
5181,6055,1999-08,6652,0,24099.0,0
5181,6055,1999-09,6652,0,24099.0,0
5181,6055,1999-10,6652,0,24099.0,0
5181,6055,1999-11,6652,0,24099.0,0
5181,6055,1999-12,6652,0,24099.0,0
5181,6055,2000-01,6652,0,24099.0,0
5181,6055,2000-02,6652,0,24099.0,0
5181,6055,2000-03,6652,0,24099.0,0
5181,6055,2000-04,6652,0,24099.0,0
5181,6055,2000-05,6652,0,24099.0,0
5181,6055,2000-06,6652,0,24099.0,0
5181,6055,2000-07,6652,0,24099.0,0
5181,6055,2000-08,6652,0,24099.0,0
5181,6055,2000-09,6652,0,24099.0,0
5181,6055,2000-10,6652,0,24099.0,0
5181,6055,2000-11,6652,0,24099.0,0
5181,6055,2000-12,6652,0,24099.0,0
5181,6055,2001-01,6652,0,24099.0,0
5181,6055,2001-02,6652,0,24099.0,0
5181,6055,2001-03,6652,0,24099.0,0
5181,6055,2001-04,6652,0,24099.0,0
5181,6055,2001-05,6652,0,24099.0,0
5181,6055,2001-06,6652,0,24099.0,0
5181,6055,2001-07,6652,0,24099.0,0
5181,6055,2001-08,6652,0,24099.0,0
5181,6055,2001-09,6652,0,24099.0,0
5181,6055,2001-10,6652,0,24099.0,0
5181,6055,2001-11,6652,0,24099.0,0
5181,6055,2001-12,6652,0,24099.0,0
5181,6055,2002-01,6652,0,24099.0,0
5181,6055,2002-02,6652,0,24099.0,0
5181,6055,2002-03,6652,0,24099.0,0
5181,6055,2002-04,6652,0,24099.0,0
472,5072,1997-05,8200,1,42598.7,0
472,5072,1997-06,8200,1,-2675.5,1
472,5072,1997-07,8200,1,4041.4,1
472,5072,1997-08,8200,1,22824.3,0
472,5072,1997-09,8200,1,56124.7,0
472,5072,1997-10,8200,1,68872.4,0
472,5072,1997-11,8200,1,84495.5,0
472,5072,1997-12,8200,1,80351.2,0
472,5072,1998-01,8200,1,65178.6,0
472,5072,1998-02,8200,1,50883.9,0
472,5072,1998-03,8200,1,75570.0,0
472,5072,1998-04,8200,1,92733.2,0
472,5072,1998-05,8200,1,92397.7,0
472,5072,1998-06,8200,1,14732.6,0
472,5072,1998-07,8200,1,58030.9,0
472,5072,1998-08,8200,1,54558.0,0
472,5072,1998-09,8200,1,72636.9,0
472,5072,1998-10,8200,1,77842.8,0
472,5072,1998-11,8200,1,68994.9,0
472,5072,1998-12,8200,1,30746.9,0
472,5072,1999-01,8200,1,30746.9,0
472,5072,1999-02,8200,1,30746.9,0
472,5072,1999-03,8200,1,30746.9,0
472,5072,1999-04,8200,1,30746.9,0
9377,6913,1997-05,4164,0,38975.6,0
9377,6913,1997-06,4164,0,89152.6,0
9377,6913,1997-07,4164,0,44282.5,0
9377,6913,1997-08,4164,0,92435.1,0
9377,6913,1997-09,4164,0,102742.2,0
9377,6913,1997-10,4164,0,107257.5,0
9377,6913,1997-11,4164,0,89413.8,0
9377,6913,1997-12,4164,0,87521.7,0
9377,6913,1998-01,4164,0,43359.9,0
9377,6913,1998-02,4164,0,49581.8,0
9377,6913,1998-03,4164,0,82206.1,0
9377,6913,1998-04,4164,0,56166.5,0
9377,6913,1998-05,4164,0,66604.0,0
9377,6913,1998-06,4164,0,52372.6,0
9377,6913,1998-07,4164,0,75197.6,0
9377,6913,1998-08,4164,0,42496.3,0
9377,6913,1998-09,4164,0,114502.5,0
9377,6913,1998-10,4164,0,71295.1,0
9377,6913,1998-11,4164,0,66988.1,0
9377,6913,1998-12,4164,0,43012.0,0
9377,6913,1999-01,4164,0,43012.0,0
9377,6913,1999-02,4164,0,43012.0,0
9377,6913,1999-03,4164,0,43012.0,0
9377,6913,1999-04,4164,0,43012.0,0
6856,6386,1997-05,3454,0,44010.8,0
6856,6386,1997-06,3454,0,58689.4,0
6856,6386,1997-07,3454,0,38189.6,0
6856,6386,1997-08,3454,0,31615.9,0
6856,6386,1997-09,3454,0,34021.9,0
6856,6386,1997-10,3454,0,26157.2,0
6856,6386,1997-11,3454,0,41486.9,0
6856,6386,1997-12,3454,0,35771.6,0
6856,6386,1998-01,3454,0,21142.8,0
6856,6386,1998-02,3454,0,30630.7,0
6856,6386,1998-03,3454,0,25760.9,0
6856,6386,1998-04,3454,0,25285.8,0
6856,6386,1998-05,3454,0,29122.9,0
6856,6386,1998-06,3454,0,30668.3,0
6856,6386,1998-07,3454,0,75463.3,0
6856,6386,1998-08,3454,0,83418.0,0
6856,6386,1998-09,3454,0,23907.6,0
6856,6386,1998-10,3454,0,23612.1,0
6856,6386,1998-11,3454,0,21617.5,0
6856,6386,1998-12,3454,0,29354.1,0
6856,6386,1999-01,3454,0,29354.1,0
6856,6386,1999-02,3454,0,29354.1,0
6856,6386,1999-03,3454,0,29354.1,0
6856,6386,1999-04,3454,0,29354.1,0
6856,6386,1999-05,3454,0,29354.1,0
6856,6386,1999-06,3454,0,29354.1,0
6856,6386,1999-07,3454,0,29354.1,0
6856,6386,1999-08,3454,0,29354.1,0
6856,6386,1999-09,3454,0,29354.1,0
6856,6386,1999-10,3454,0,29354.1,0
6856,6386,1999-11,3454,0,29354.1,0
6856,6386,1999-12,3454,0,29354.1,0
6856,6386,2000-01,3454,0,29354.1,0
6856,6386,2000-02,3454,0,29354.1,0
6856,6386,2000-03,3454,0,29354.1,0
6856,6386,2000-04,3454,0,29354.1,0
3229,5634,1997-05,3252,0,81152.5,0
3229,5634,1997-06,3252,0,53704.3,0
3229,5634,1997-07,3252,0,63232.6,0
3229,5634,1997-08,3252,0,59238.0,0
3229,5634,1997-09,3252,0,38215.8,0
3229,5634,1997-10,3252,0,63619.4,0
3229,5634,1997-11,3252,0,40406.0,0
3229,5634,1997-12,3252,0,45277.8,0
3229,5634,1998-01,3252,0,19177.6,0
3229,5634,1998-02,3252,0,19755.2,0
3229,5634,1998-03,3252,0,17926.8,0
3229,5634,1998-04,3252,0,60372.5,0
3229,5634,1998-05,3252,0,43508.8,0
3859,5758,1997-06,5120,1,4775.9,1
3859,5758,1997-07,5120,1,17231.0,0
3859,5758,1997-08,5120,1,8247.8,0
3859,5758,1997-09,5120,1,140.1,1
3859,5758,1997-10,5120,1,2424.9,1
3859,5758,1997-11,5120,1,2019.2,1
3859,5758,1997-12,5120,1,197.0,1
3859,5758,1998-01,5120,1,38374.3,0
3859,5758,1998-02,5120,1,16217.4,0
3859,5758,1998-03,5120,1,9036.8,0
3859,5758,1998-04,5120,1,7626.4,0
3859,5758,1998-05,5120,1,84682.4,0
3859,5758,1998-06,5120,1,17656.8,0
3859,5758,1998-07,5120,1,69313.4,0
3859,5758,1998-08,5120,1,40818.6,0
3859,5758,1998-09,5120,1,652.4,1
3859,5758,1998-10,5120,1,-2270.1,1
3859,5758,1998-11,5120,1,-6849.2,1
3859,5758,1998-12,5120,1,20411.1,0
3859,5758,1999-01,5120,1,20411.1,0
3859,5758,1999-02,5120,1,20411.1,0
3859,5758,1999-03,5120,1,20411.1,0
3859,5758,1999-04,5120,1,20411.1,0
3859,5758,1999-05,5120,1,20411.1,0
3859,5758,1999-06,5120,1,20411.1,0
3859,5758,1999-07,5120,1,20411.1,0
3859,5758,1999-08,5120,1,20411.1,0
3859,5758,1999-09,5120,1,20411.1,0
3859,5758,1999-10,5120,1,20411.1,0
3859,5758,1999-11,5120,1,20411.1,0
3859,5758,1999-12,5120,1,20411.1,0
3859,5758,2000-01,5120,1,20411.1,0
3859,5758,2000-02,5120,1,20411.1,0
3859,5758,2000-03,5120,1,20411.1,0
3859,5758,2000-04,5120,1,20411.1,0
3859,5758,2000-05,5120,1,20411.1,0
3859,5758,2000-06,5120,1,20411.1,0
3859,5758,2000-07,5120,1,20411.1,0
3859,5758,2000-08,5120,1,20411.1,0
3859,5758,2000-09,5120,1,20411.1,0
3859,5758,2000-10,5120,1,20411.1,0
3859,5758,2000-11,5120,1,20411.1,0
3859,5758,2000-12,5120,1,20411.1,0
3859,5758,2001-01,5120,1,20411.1,0
3859,5758,2001-02,5120,1,20411.1,0
3859,5758,2001-03,5120,1,20411.1,0
3859,5758,2001-04,5120,1,20411.1,0
3859,5758,2001-05,5120,1,20411.1,0
3859,5758,2001-06,5120,1,20411.1,0
3859,5758,2001-07,5120,1,20411.1,0
3859,5758,2001-08,5120,1,20411.1,0
3859,5758,2001-09,5120,1,20411.1,0
3859,5758,2001-10,5120,1,20411.1,0
3859,5758,2001-11,5120,1,20411.1,0
3859,5758,2001-12,5120,1,20411.1,0
3859,5758,2002-01,5120,1,20411.1,0
3859,5758,2002-02,5120,1,20411.1,0
3859,5758,2002-03,5120,1,20411.1,0
3859,5758,2002-04,5120,1,20411.1,0
3859,5758,2002-05,5120,1,20411.1,0
9031,6819,1997-06,2088,0,29650.1,0
9031,6819,1997-07,2088,0,23097.4,0
9031,6819,1997-08,2088,0,68596.9,0
9031,6819,1997-09,2088,0,45111.3,0
9031,6819,1997-10,2088,0,30940.9,0
9031,6819,1997-11,2088,0,24678.4,0
9031,6819,1997-12,2088,0,78723.3,0
9031,6819,1998-01,2088,0,26596.4,0
9031,6819,1998-02,2088,0,54249.7,0
9031,6819,1998-03,2088,0,32883.2,0
9031,6819,1998-04,2088,0,21457.8,0
9031,6819,1998-05,2088,0,20692.4,0
9031,6819,1998-06,2088,0,16721.3,0
9031,6819,1998-07,2088,0,17332.7,0
9031,6819,1998-08,2088,0,15322.1,0
9031,6819,1998-09,2088,0,17577.9,0
9031,6819,1998-10,2088,0,18279.7,0
9031,6819,1998-11,2088,0,20166.7,0
9031,6819,1998-12,2088,0,18085.1,0
9031,6819,1999-01,2088,0,18085.1,0
9031,6819,1999-02,2088,0,18085.1,0
9031,6819,1999-03,2088,0,18085.1,0
9031,6819,1999-04,2088,0,18085.1,0
9031,6819,1999-05,2088,0,18085.1,0
10233,7088,1997-06,3986,0,35883.4,0
10233,7088,1997-07,3986,0,26777.4,0
10233,7088,1997-08,3986,0,23349.0,0
10233,7088,1997-09,3986,0,12212.2,0
10233,7088,1997-10,3986,0,17851.4,0
10233,7088,1997-11,3986,0,18589.5,0
10233,7088,1997-12,3986,0,24906.8,0
10233,7088,1998-01,3986,0,6162.3,0
10233,7088,1998-02,3986,0,20385.8,0
10233,7088,1998-03,3986,0,12714.6,0
10233,7088,1998-04,3986,0,3902.9,1
10233,7088,1998-05,3986,0,18118.7,0
10233,7088,1998-06,3986,0,44384.0,0
10233,7088,1998-07,3986,0,28278.6,0
10233,7088,1998-08,3986,0,42596.1,0
10233,7088,1998-09,3986,0,29998.3,0
10233,7088,1998-10,3986,0,37419.0,0
10233,7088,1998-11,3986,0,46606.4,0
10233,7088,1998-12,3986,0,27021.1,0
10233,7088,1999-01,3986,0,27021.1,0
10233,7088,1999-02,3986,0,27021.1,0
10233,7088,1999-03,3986,0,27021.1,0
10233,7088,1999-04,3986,0,27021.1,0
10233,7088,1999-05,3986,0,27021.1,0
10233,7088,1999-06,3986,0,27021.1,0
10233,7088,1999-07,3986,0,27021.1,0
10233,7088,1999-08,3986,0,27021.1,0
10233,7088,1999-09,3986,0,27021.1,0
10233,7088,1999-10,3986,0,27021.1,0
10233,7088,1999-11,3986,0,27021.1,0
10233,7088,1999-12,3986,0,27021.1,0
10233,7088,2000-01,3986,0,27021.1,0
10233,7088,2000-02,3986,0,27021.1,0
10233,7088,2000-03,3986,0,27021.1,0
10233,7088,2000-04,3986,0,27021.1,0
10233,7088,2000-05,3986,0,27021.1,0
10233,7088,2000-06,3986,0,27021.1,0
10233,7088,2000-07,3986,0,27021.1,0
10233,7088,2000-08,3986,0,27021.1,0
10233,7088,2000-09,3986,0,27021.1,0
10233,7088,2000-10,3986,0,27021.1,0
10233,7088,2000-11,3986,0,27021.1,0
10233,7088,2000-12,3986,0,27021.1,0
10233,7088,2001-01,3986,0,27021.1,0
10233,7088,2001-02,3986,0,27021.1,0
10233,7088,2001-03,3986,0,27021.1,0
10233,7088,2001-04,3986,0,27021.1,0
10233,7088,2001-05,3986,0,27021.1,0
10233,7088,2001-06,3986,0,27021.1,0
10233,7088,2001-07,3986,0,27021.1,0
10233,7088,2001-08,3986,0,27021.1,0
10233,7088,2001-09,3986,0,27021.1,0
10233,7088,2001-10,3986,0,27021.1,0
10233,7088,2001-11,3986,0,27021.1,0
10233,7088,2001-12,3986,0,27021.1,0
10233,7088,2002-01,3986,0,27021.1,0
10233,7088,2002-02,3986,0,27021.1,0
10233,7088,2002-03,3986,0,27021.1,0
10233,7088,2002-04,3986,0,27021.1,0
10233,7088,2002-05,3986,0,27021.1,0
314,5039,1997-06,2785,0,34370.7,0
314,5039,1997-07,2785,0,35762.0,0
314,5039,1997-08,2785,0,34751.9,0
314,5039,1997-09,2785,0,35256.1,0
314,5039,1997-10,2785,0,31034.4,0
314,5039,1997-11,2785,0,31803.1,0
314,5039,1997-12,2785,0,38053.2,0
314,5039,1998-01,2785,0,23662.1,0
314,5039,1998-02,2785,0,20395.4,0
314,5039,1998-03,2785,0,16108.0,0
314,5039,1998-04,2785,0,15909.2,0
314,5039,1998-05,2785,0,13542.0,0
314,5039,1998-06,2785,0,25517.4,0
314,5039,1998-07,2785,0,22192.5,0
314,5039,1998-08,2785,0,22914.9,0
314,5039,1998-09,2785,0,22040.6,0
314,5039,1998-10,2785,0,25166.0,0
314,5039,1998-11,2785,0,22185.1,0
314,5039,1998-12,2785,0,25365.0,0
314,5039,1999-01,2785,0,25365.0,0
314,5039,1999-02,2785,0,25365.0,0
314,5039,1999-03,2785,0,25365.0,0
314,5039,1999-04,2785,0,25365.0,0
314,5039,1999-05,2785,0,25365.0,0
2754,5532,1997-06,6985,0,22777.8,0
2754,5532,1997-07,6985,0,17581.2,0
2754,5532,1997-08,6985,0,17673.4,0
2754,5532,1997-09,6985,0,42125.9,0
2754,5532,1997-10,6985,0,32190.0,0
2754,5532,1997-11,6985,0,27222.5,0
2754,5532,1997-12,6985,0,35428.7,0
2754,5532,1998-01,6985,0,26555.9,0
2754,5532,1998-02,6985,0,20351.1,0
2754,5532,1998-03,6985,0,18940.6,0
2754,5532,1998-04,6985,0,17716.8,0
2754,5532,1998-05,6985,0,38124.9,0
2754,5532,1998-06,6985,0,36537.1,0
2754,5532,1998-07,6985,0,24054.1,0
2754,5532,1998-08,6985,0,15123.1,0
2754,5532,1998-09,6985,0,47073.9,0
2754,5532,1998-10,6985,0,21405.5,0
2754,5532,1998-11,6985,0,53381.8,0
2754,5532,1998-12,6985,0,75483.2,0
2754,5532,1999-01,6985,0,75483.2,0
2754,5532,1999-02,6985,0,75483.2,0
2754,5532,1999-03,6985,0,75483.2,0
2754,5532,1999-04,6985,0,75483.2,0
2754,5532,1999-05,6985,0,75483.2,0
2754,5532,1999-06,6985,0,75483.2,0
2754,5532,1999-07,6985,0,75483.2,0
2754,5532,1999-08,6985,0,75483.2,0
2754,5532,1999-09,6985,0,75483.2,0
2754,5532,1999-10,6985,0,75483.2,0
2754,5532,1999-11,6985,0,75483.2,0
2754,5532,1999-12,6985,0,75483.2,0
2754,5532,2000-01,6985,0,75483.2,0
2754,5532,2000-02,6985,0,75483.2,0
2754,5532,2000-03,6985,0,75483.2,0
2754,5532,2000-04,6985,0,75483.2,0
2754,5532,2000-05,6985,0,75483.2,0
2754,5532,2000-06,6985,0,75483.2,0
2754,5532,2000-07,6985,0,75483.2,0
2754,5532,2000-08,6985,0,75483.2,0
2754,5532,2000-09,6985,0,75483.2,0
2754,5532,2000-10,6985,0,75483.2,0
2754,5532,2000-11,6985,0,75483.2,0
2754,5532,2000-12,6985,0,75483.2,0
2754,5532,2001-01,6985,0,75483.2,0
2754,5532,2001-02,6985,0,75483.2,0
2754,5532,2001-03,6985,0,75483.2,0
2754,5532,2001-04,6985,0,75483.2,0
2754,5532,2001-05,6985,0,75483.2,0
5118,6037,1997-06,1109,0,36870.1,0
5118,6037,1997-07,1109,0,38276.9,0
5118,6037,1997-08,1109,0,37286.6,0
5118,6037,1997-09,1109,0,38595.7,0
5118,6037,1997-10,1109,0,37044.4,0
5118,6037,1997-11,1109,0,37150.4,0
5118,6037,1997-12,1109,0,41388.9,0
5118,6037,1998-01,1109,0,28248.6,0
5118,6037,1998-02,1109,0,29679.9,0
5118,6037,1998-03,1109,0,33358.2,0
5118,6037,1998-04,1109,0,34447.9,0
5118,6037,1998-05,1109,0,37044.2,0
5118,6037,1998-06,1109,0,42566.4,0
5118,6037,1998-07,1109,0,44396.1,0
5118,6037,1998-08,1109,0,40315.5,0
5118,6037,1998-09,1109,0,40330.6,0
5118,6037,1998-10,1109,0,32698.9,0
5118,6037,1998-11,1109,0,29074.4,0
5118,6037,1998-12,1109,0,31797.9,0
5118,6037,1999-01,1109,0,31797.9,0
5118,6037,1999-02,1109,0,31797.9,0
5118,6037,1999-03,1109,0,31797.9,0
5118,6037,1999-04,1109,0,31797.9,0
5118,6037,1999-05,1109,0,31797.9,0
5118,6037,1999-06,1109,0,31797.9,0
5118,6037,1999-07,1109,0,31797.9,0
5118,6037,1999-08,1109,0,31797.9,0
5118,6037,1999-09,1109,0,31797.9,0
5118,6037,1999-10,1109,0,31797.9,0
5118,6037,1999-11,1109,0,31797.9,0
5118,6037,1999-12,1109,0,31797.9,0
5118,6037,2000-01,1109,0,31797.9,0
5118,6037,2000-02,1109,0,31797.9,0
5118,6037,2000-03,1109,0,31797.9,0
5118,6037,2000-04,1109,0,31797.9,0
5118,6037,2000-05,1109,0,31797.9,0
5118,6037,2000-06,1109,0,31797.9,0
5118,6037,2000-07,1109,0,31797.9,0
5118,6037,2000-08,1109,0,31797.9,0
5118,6037,2000-09,1109,0,31797.9,0
5118,6037,2000-10,1109,0,31797.9,0
5118,6037,2000-11,1109,0,31797.9,0
5118,6037,2000-12,1109,0,31797.9,0
5118,6037,2001-01,1109,0,31797.9,0
5118,6037,2001-02,1109,0,31797.9,0
5118,6037,2001-03,1109,0,31797.9,0
5118,6037,2001-04,1109,0,31797.9,0
5118,6037,2001-05,1109,0,31797.9,0
6510,6322,1997-06,3208,0,16647.9,0
6510,6322,1997-07,3208,0,13971.1,0
6510,6322,1997-08,3208,0,39295.3,0
6510,6322,1997-09,3208,0,64607.6,0
6510,6322,1997-10,3208,0,49617.4,0
6510,6322,1997-11,3208,0,31331.5,0
6510,6322,1997-12,3208,0,56242.7,0
6510,6322,1998-01,3208,0,54400.2,0
6510,6322,1998-02,3208,0,13860.3,0
6510,6322,1998-03,3208,0,8305.7,0
6510,6322,1998-04,3208,0,19246.1,0
6510,6322,1998-05,3208,0,8780.2,0
6510,6322,1998-06,3208,0,11494.4,0
6510,6322,1998-07,3208,0,24672.3,0
6510,6322,1998-08,3208,0,102912.0,0
6510,6322,1998-09,3208,0,62199.4,0
6510,6322,1998-10,3208,0,82868.0,0
6510,6322,1998-11,3208,0,57229.2,0
6510,6322,1998-12,3208,0,43706.7,0
6510,6322,1999-01,3208,0,43706.7,0
6510,6322,1999-02,3208,0,43706.7,0
6510,6322,1999-03,3208,0,43706.7,0
6510,6322,1999-04,3208,0,43706.7,0
6510,6322,1999-05,3208,0,43706.7,0
9263,6887,1997-06,3298,0,28603.4,0
9263,6887,1997-07,3298,0,22037.5,0
9263,6887,1997-08,3298,0,23455.4,0
9263,6887,1997-09,3298,0,22956.3,0
9263,6887,1997-10,3298,0,25955.2,0
9263,6887,1997-11,3298,0,24274.2,0
9263,6887,1997-12,3298,0,31946.9,0
9263,6887,1998-01,3298,0,22788.4,0
9263,6887,1998-02,3298,0,22098.8,0
9263,6887,1998-03,3298,0,25397.8,0
9263,6887,1998-04,3298,0,25110.2,0
9263,6887,1998-05,3298,0,28227.8,0
8094,6660,1997-06,6123,0,52536.4,0
8094,6660,1997-07,6123,0,35252.8,0
8094,6660,1997-08,6123,0,42862.3,0
8094,6660,1997-09,6123,0,46795.1,0
8094,6660,1997-10,6123,0,50643.7,0
8094,6660,1997-11,6123,0,41013.3,0
8094,6660,1997-12,6123,0,20674.9,0
8094,6660,1998-01,6123,0,20352.0,0
8094,6660,1998-02,6123,0,33195.6,0
8094,6660,1998-03,6123,0,37183.5,0
8094,6660,1998-04,6123,0,34865.6,0
8094,6660,1998-05,6123,0,32501.2,0
8094,6660,1998-06,6123,0,32658.1,0
8094,6660,1998-07,6123,0,45552.6,0
8094,6660,1998-08,6123,0,32363.4,0
8094,6660,1998-09,6123,0,42243.9,0
8094,6660,1998-10,6123,0,40051.4,0
8094,6660,1998-11,6123,0,45750.5,0
8094,6660,1998-12,6123,0,29600.7,0
8094,6660,1999-01,6123,0,29600.7,0
8094,6660,1999-02,6123,0,29600.7,0
8094,6660,1999-03,6123,0,29600.7,0
8094,6660,1999-04,6123,0,29600.7,0
8094,6660,1999-05,6123,0,29600.7,0
8094,6660,1999-06,6123,0,29600.7,0
8094,6660,1999-07,6123,0,29600.7,0
8094,6660,1999-08,6123,0,29600.7,0
8094,6660,1999-09,6123,0,29600.7,0
8094,6660,1999-10,6123,0,29600.7,0
8094,6660,1999-11,6123,0,29600.7,0
8094,6660,1999-12,6123,0,29600.7,0
8094,6660,2000-01,6123,0,29600.7,0
8094,6660,2000-02,6123,0,29600.7,0
8094,6660,2000-03,6123,0,29600.7,0
8094,6660,2000-04,6123,0,29600.7,0
8094,6660,2000-05,6123,0,29600.7,0
2350,5451,1997-06,3328,0,21487.2,0
2350,5451,1997-07,3328,0,18774.1,0
2350,5451,1997-08,3328,0,15650.5,0
2350,5451,1997-09,3328,0,18708.3,0
2350,5451,1997-10,3328,0,27103.8,0
2350,5451,1997-11,3328,0,34379.6,0
2350,5451,1997-12,3328,0,50629.8,0
2350,5451,1998-01,3328,0,43606.2,0
2350,5451,1998-02,3328,0,31517.8,0
2350,5451,1998-03,3328,0,52434.8,0
2350,5451,1998-04,3328,0,47291.6,0
2350,5451,1998-05,3328,0,43210.5,0
2350,5451,1998-06,3328,0,50945.6,0
2350,5451,1998-07,3328,0,41855.7,0
2350,5451,1998-08,3328,0,36977.2,0
2350,5451,1998-09,3328,0,63343.2,0
2350,5451,1998-10,3328,0,58730.8,0
2350,5451,1998-11,3328,0,43215.8,0
2350,5451,1998-12,3328,0,75894.7,0
2350,5451,1999-01,3328,0,75894.7,0
2350,5451,1999-02,3328,0,75894.7,0
2350,5451,1999-03,3328,0,75894.7,0
2350,5451,1999-04,3328,0,75894.7,0
2350,5451,1999-05,3328,0,75894.7,0
2350,5451,1999-06,3328,0,75894.7,0
2350,5451,1999-07,3328,0,75894.7,0
2350,5451,1999-08,3328,0,75894.7,0
2350,5451,1999-09,3328,0,75894.7,0
2350,5451,1999-10,3328,0,75894.7,0
2350,5451,1999-11,3328,0,75894.7,0
2350,5451,1999-12,3328,0,75894.7,0
2350,5451,2000-01,3328,0,75894.7,0
2350,5451,2000-02,3328,0,75894.7,0
2350,5451,2000-03,3328,0,75894.7,0
2350,5451,2000-04,3328,0,75894.7,0
2350,5451,2000-05,3328,0,75894.7,0
2350,5451,2000-06,3328,0,75894.7,0
2350,5451,2000-07,3328,0,75894.7,0
2350,5451,2000-08,3328,0,75894.7,0
2350,5451,2000-09,3328,0,75894.7,0
2350,5451,2000-10,3328,0,75894.7,0
2350,5451,2000-11,3328,0,75894.7,0
2350,5451,2000-12,3328,0,75894.7,0
2350,5451,2001-01,3328,0,75894.7,0
2350,5451,2001-02,3328,0,75894.7,0
2350,5451,2001-03,3328,0,75894.7,0
2350,5451,2001-04,3328,0,75894.7,0
2350,5451,2001-05,3328,0,75894.7,0
4999,6014,1997-06,4588,0,33856.5,0
4999,6014,1997-07,4588,0,19556.4,0
4999,6014,1997-08,4588,0,36281.2,0
4999,6014,1997-09,4588,0,45951.0,0
4999,6014,1997-10,4588,0,30512.8,0
4999,6014,1997-11,4588,0,48186.4,0
4999,6014,1997-12,4588,0,62284.5,0
4999,6014,1998-01,4588,0,18874.0,0
4999,6014,1998-02,4588,0,32685.2,0
4999,6014,1998-03,4588,0,25047.7,0
4999,6014,1998-04,4588,0,49622.3,0
4999,6014,1998-05,4588,0,65368.3,0
4999,6014,1998-06,4588,0,40031.2,0
4999,6014,1998-07,4588,0,46328.2,0
4999,6014,1998-08,4588,0,67372.7,0
4999,6014,1998-09,4588,0,55217.8,0
4999,6014,1998-10,4588,0,71861.5,0
4999,6014,1998-11,4588,0,82972.3,0
4999,6014,1998-12,4588,0,72645.9,0
4999,6014,1999-01,4588,0,72645.9,0
4999,6014,1999-02,4588,0,72645.9,0
4999,6014,1999-03,4588,0,72645.9,0
4999,6014,1999-04,4588,0,72645.9,0
4999,6014,1999-05,4588,0,72645.9,0
4999,6014,1999-06,4588,0,72645.9,0
4999,6014,1999-07,4588,0,72645.9,0
4999,6014,1999-08,4588,0,72645.9,0
4999,6014,1999-09,4588,0,72645.9,0
4999,6014,1999-10,4588,0,72645.9,0
4999,6014,1999-11,4588,0,72645.9,0
4999,6014,1999-12,4588,0,72645.9,0
4999,6014,2000-01,4588,0,72645.9,0
4999,6014,2000-02,4588,0,72645.9,0
4999,6014,2000-03,4588,0,72645.9,0
4999,6014,2000-04,4588,0,72645.9,0
4999,6014,2000-05,4588,0,72645.9,0
2872,5556,1997-06,4472,0,18330.2,0
2872,5556,1997-07,4472,0,12054.9,0
2872,5556,1997-08,4472,0,11069.8,0
2872,5556,1997-09,4472,0,10680.9,0
2872,5556,1997-10,4472,0,10290.2,0
2872,5556,1997-11,4472,0,9897.9,0
2872,5556,1997-12,4472,0,15598.5,0
2872,5556,1998-01,4472,0,11257.4,0
2872,5556,1998-02,4472,0,10869.4,0
2872,5556,1998-03,4472,0,10479.4,0
2872,5556,1998-04,4472,0,10087.8,0
2872,5556,1998-05,4472,0,9694.5,0
2872,5556,1998-06,4472,0,15394.0,0
2872,5556,1998-07,4472,0,15022.7,0
2872,5556,1998-08,4472,0,12485.6,0
2872,5556,1998-09,4472,0,12102.3,0
2872,5556,1998-10,4472,0,11717.2,0
2872,5556,1998-11,4472,0,11330.6,0
2872,5556,1998-12,4472,0,17036.9,0
2872,5556,1999-01,4472,0,17036.9,0
2872,5556,1999-02,4472,0,17036.9,0
2872,5556,1999-03,4472,0,17036.9,0
2872,5556,1999-04,4472,0,17036.9,0
2872,5556,1999-05,4472,0,17036.9,0
2872,5556,1999-06,4472,0,17036.9,0
2872,5556,1999-07,4472,0,17036.9,0
2872,5556,1999-08,4472,0,17036.9,0
2872,5556,1999-09,4472,0,17036.9,0
2872,5556,1999-10,4472,0,17036.9,0
2872,5556,1999-11,4472,0,17036.9,0
2872,5556,1999-12,4472,0,17036.9,0
2872,5556,2000-01,4472,0,17036.9,0
2872,5556,2000-02,4472,0,17036.9,0
2872,5556,2000-03,4472,0,17036.9,0
2872,5556,2000-04,4472,0,17036.9,0
2872,5556,2000-05,4472,0,17036.9,0
2872,5556,2000-06,4472,0,17036.9,0
2872,5556,2000-07,4472,0,17036.9,0
2872,5556,2000-08,4472,0,17036.9,0
2872,5556,2000-09,4472,0,17036.9,0
2872,5556,2000-10,4472,0,17036.9,0
2872,5556,2000-11,4472,0,17036.9,0
2872,5556,2000-12,4472,0,17036.9,0
2872,5556,2001-01,4472,0,17036.9,0
2872,5556,2001-02,4472,0,17036.9,0
2872,5556,2001-03,4472,0,17036.9,0
2872,5556,2001-04,4472,0,17036.9,0
2872,5556,2001-05,4472,0,17036.9,0
2872,5556,2001-06,4472,0,17036.9,0
2872,5556,2001-07,4472,0,17036.9,0
2872,5556,2001-08,4472,0,17036.9,0
2872,5556,2001-09,4472,0,17036.9,0
2872,5556,2001-10,4472,0,17036.9,0
2872,5556,2001-11,4472,0,17036.9,0
2872,5556,2001-12,4472,0,17036.9,0
2872,5556,2002-01,4472,0,17036.9,0
2872,5556,2002-02,4472,0,17036.9,0
2872,5556,2002-03,4472,0,17036.9,0
2872,5556,2002-04,4472,0,17036.9,0
2872,5556,2002-05,4472,0,17036.9,0
6649,6346,1997-06,1671,0,62878.1,0
6649,6346,1997-07,1671,0,54694.3,0
6649,6346,1997-08,1671,0,69817.7,0
6649,6346,1997-09,1671,0,54539.6,0
6649,6346,1997-10,1671,0,52048.1,0
6649,6346,1997-11,1671,0,47797.6,0
6649,6346,1997-12,1671,0,53660.8,0
6649,6346,1998-01,1671,0,65715.2,0
6649,6346,1998-02,1671,0,55622.7,0
6649,6346,1998-03,1671,0,54378.7,0
6649,6346,1998-04,1671,0,87528.5,0
6649,6346,1998-05,1671,0,54266.1,0
6649,6346,1998-06,1671,0,27828.4,0
6649,6346,1998-07,1671,0,44013.6,0
6649,6346,1998-08,1671,0,36799.2,0
6649,6346,1998-09,1671,0,12650.7,0
6649,6346,1998-10,1671,0,18025.0,0
6649,6346,1998-11,1671,0,64311.2,0
6649,6346,1998-12,1671,0,59578.6,0
6649,6346,1999-01,1671,0,59578.6,0
6649,6346,1999-02,1671,0,59578.6,0
6649,6346,1999-03,1671,0,59578.6,0
6649,6346,1999-04,1671,0,59578.6,0
6649,6346,1999-05,1671,0,59578.6,0
6649,6346,1999-06,1671,0,59578.6,0
6649,6346,1999-07,1671,0,59578.6,0
6649,6346,1999-08,1671,0,59578.6,0
6649,6346,1999-09,1671,0,59578.6,0
6649,6346,1999-10,1671,0,59578.6,0
6649,6346,1999-11,1671,0,59578.6,0
6649,6346,1999-12,1671,0,59578.6,0
6649,6346,2000-01,1671,0,59578.6,0
6649,6346,2000-02,1671,0,59578.6,0
6649,6346,2000-03,1671,0,59578.6,0
6649,6346,2000-04,1671,0,59578.6,0
6649,6346,2000-05,1671,0,59578.6,0
6649,6346,2000-06,1671,0,59578.6,0
6649,6346,2000-07,1671,0,59578.6,0
6649,6346,2000-08,1671,0,59578.6,0
6649,6346,2000-09,1671,0,59578.6,0
6649,6346,2000-10,1671,0,59578.6,0
6649,6346,2000-11,1671,0,59578.6,0
6649,6346,2000-12,1671,0,59578.6,0
6649,6346,2001-01,1671,0,59578.6,0
6649,6346,2001-02,1671,0,59578.6,0
6649,6346,2001-03,1671,0,59578.6,0
6649,6346,2001-04,1671,0,59578.6,0
6649,6346,2001-05,1671,0,59578.6,0
6649,6346,2001-06,1671,0,59578.6,0
6649,6346,2001-07,1671,0,59578.6,0
6649,6346,2001-08,1671,0,59578.6,0
6649,6346,2001-09,1671,0,59578.6,0
6649,6346,2001-10,1671,0,59578.6,0
6649,6346,2001-11,1671,0,59578.6,0
6649,6346,2001-12,1671,0,59578.6,0
6649,6346,2002-01,1671,0,59578.6,0
6649,6346,2002-02,1671,0,59578.6,0
6649,6346,2002-03,1671,0,59578.6,0
6649,6346,2002-04,1671,0,59578.6,0
6649,6346,2002-05,1671,0,59578.6,0
4293,5850,1997-06,4561,0,44430.6,0
4293,5850,1997-07,4561,0,51937.8,0
4293,5850,1997-08,4561,0,71869.6,0
4293,5850,1997-09,4561,0,49781.9,0
4293,5850,1997-10,4561,0,47856.1,0
4293,5850,1997-11,4561,0,61074.0,0
4293,5850,1997-12,4561,0,70009.1,0
4293,5850,1998-01,4561,0,27396.1,0
4293,5850,1998-02,4561,0,18039.2,0
4293,5850,1998-03,4561,0,30351.5,0
4293,5850,1998-04,4561,0,45910.3,0
4293,5850,1998-05,4561,0,34104.4,0
4293,5850,1998-06,4561,0,33963.7,0
4293,5850,1998-07,4561,0,18408.0,0
4293,5850,1998-08,4561,0,47876.3,0
4293,5850,1998-09,4561,0,82097.8,0
4293,5850,1998-10,4561,0,52667.2,0
4293,5850,1998-11,4561,0,51535.6,0
4293,5850,1998-12,4561,0,50935.8,0
4293,5850,1999-01,4561,0,50935.8,0
4293,5850,1999-02,4561,0,50935.8,0
4293,5850,1999-03,4561,0,50935.8,0
4293,5850,1999-04,4561,0,50935.8,0
4293,5850,1999-05,4561,0,50935.8,0
4293,5850,1999-06,4561,0,50935.8,0
4293,5850,1999-07,4561,0,50935.8,0
4293,5850,1999-08,4561,0,50935.8,0
4293,5850,1999-09,4561,0,50935.8,0
4293,5850,1999-10,4561,0,50935.8,0
4293,5850,1999-11,4561,0,50935.8,0
4293,5850,1999-12,4561,0,50935.8,0
4293,5850,2000-01,4561,0,50935.8,0
4293,5850,2000-02,4561,0,50935.8,0
4293,5850,2000-03,4561,0,50935.8,0
4293,5850,2000-04,4561,0,50935.8,0
4293,5850,2000-05,4561,0,50935.8,0
4660,5940,1997-06,4456,0,21247.9,0
4660,5940,1997-07,4456,0,24607.1,0
4660,5940,1997-08,4456,0,39540.2,0
4660,5940,1997-09,4456,0,44454.1,0
4660,5940,1997-10,4456,0,39828.6,0
4660,5940,1997-11,4456,0,36347.5,0
4660,5940,1997-12,4456,0,43604.6,0
4660,5940,1998-01,4456,0,31492.9,0
4660,5940,1998-02,4456,0,26621.7,0
4660,5940,1998-03,4456,0,17299.1,0
4660,5940,1998-04,4456,0,23510.7,0
4660,5940,1998-05,4456,0,25133.9,0
4660,5940,1998-06,4456,0,28951.8,0
4660,5940,1998-07,4456,0,23700.9,0
4660,5940,1998-08,4456,0,23928.8,0
4660,5940,1998-09,4456,0,12426.4,0
4660,5940,1998-10,4456,0,13004.4,0
4660,5940,1998-11,4456,0,7018.9,0
4660,5940,1998-12,4456,0,35159.9,0
4660,5940,1999-01,4456,0,35159.9,0
4660,5940,1999-02,4456,0,35159.9,0
4660,5940,1999-03,4456,0,35159.9,0
4660,5940,1999-04,4456,0,35159.9,0
4660,5940,1999-05,4456,0,35159.9,0
10361,7119,1997-07,7240,0,43570.6,0
10361,7119,1997-08,7240,0,40344.0,0
10361,7119,1997-09,7240,0,38903.4,0
10361,7119,1997-10,7240,0,18221.0,0
10361,7119,1997-11,7240,0,17335.0,0
10361,7119,1997-12,7240,0,20011.6,0
10361,7119,1998-01,7240,0,13971.0,0
10361,7119,1998-02,7240,0,23741.3,0
10361,7119,1998-03,7240,0,31750.3,0
10361,7119,1998-04,7240,0,30306.8,0
10361,7119,1998-05,7240,0,19726.3,0
10361,7119,1998-06,7240,0,31989.5,0
1447,5253,1997-07,2085,0,31798.8,0
1447,5253,1997-08,2085,0,27326.4,0
1447,5253,1997-09,2085,0,30548.8,0
1447,5253,1997-10,2085,0,32682.6,0
1447,5253,1997-11,2085,0,29619.7,0
1447,5253,1997-12,2085,0,20941.9,0
1447,5253,1998-01,2085,0,23837.3,0
1447,5253,1998-02,2085,0,22941.7,0
1447,5253,1998-03,2085,0,20497.1,0
1447,5253,1998-04,2085,0,26096.1,0
1447,5253,1998-05,2085,0,20454.5,0
1447,5253,1998-06,2085,0,26514.9,0
1447,5253,1998-07,2085,0,24722.7,0
1447,5253,1998-08,2085,0,27734.1,0
1447,5253,1998-09,2085,0,24023.9,0
1447,5253,1998-10,2085,0,25428.3,0
1447,5253,1998-11,2085,0,29144.6,0
1447,5253,1998-12,2085,0,19511.9,0
1447,5253,1999-01,2085,0,19511.9,0
1447,5253,1999-02,2085,0,19511.9,0
1447,5253,1999-03,2085,0,19511.9,0
1447,5253,1999-04,2085,0,19511.9,0
1447,5253,1999-05,2085,0,19511.9,0
1447,5253,1999-06,2085,0,19511.9,0
1447,5253,1999-07,2085,0,19511.9,0
1447,5253,1999-08,2085,0,19511.9,0
1447,5253,1999-09,2085,0,19511.9,0
1447,5253,1999-10,2085,0,19511.9,0
1447,5253,1999-11,2085,0,19511.9,0
1447,5253,1999-12,2085,0,19511.9,0
1447,5253,2000-01,2085,0,19511.9,0
1447,5253,2000-02,2085,0,19511.9,0
1447,5253,2000-03,2085,0,19511.9,0
1447,5253,2000-04,2085,0,19511.9,0
1447,5253,2000-05,2085,0,19511.9,0
1447,5253,2000-06,2085,0,19511.9,0
1447,5253,2000-07,2085,0,19511.9,0
1447,5253,2000-08,2085,0,19511.9,0
1447,5253,2000-09,2085,0,19511.9,0
1447,5253,2000-10,2085,0,19511.9,0
1447,5253,2000-11,2085,0,19511.9,0
1447,5253,2000-12,2085,0,19511.9,0
1447,5253,2001-01,2085,0,19511.9,0
1447,5253,2001-02,2085,0,19511.9,0
1447,5253,2001-03,2085,0,19511.9,0
1447,5253,2001-04,2085,0,19511.9,0
1447,5253,2001-05,2085,0,19511.9,0
1447,5253,2001-06,2085,0,19511.9,0
9138,6851,1997-07,4537,1,13788.3,0
9138,6851,1997-08,4537,1,15165.1,0
9138,6851,1997-09,4537,1,14766.2,0
9138,6851,1997-10,4537,1,11821.3,0
9138,6851,1997-11,4537,1,10320.4,0
9138,6851,1997-12,4537,1,7604.5,0
9138,6851,1998-01,4537,1,36301.7,0
9138,6851,1998-02,4537,1,15913.5,0
9138,6851,1998-03,4537,1,33569.4,0
9138,6851,1998-04,4537,1,31257.9,0
9138,6851,1998-05,4537,1,55273.7,0
9138,6851,1998-06,4537,1,32466.4,0
9138,6851,1998-07,4537,1,93867.4,0
9138,6851,1998-08,4537,1,93082.5,0
9138,6851,1998-09,4537,1,66941.8,0
9138,6851,1998-10,4537,1,44830.3,0
9138,6851,1998-11,4537,1,19192.5,0
9138,6851,1998-12,4537,1,24729.1,0
9138,6851,1999-01,4537,1,24729.1,0
9138,6851,1999-02,4537,1,24729.1,0
9138,6851,1999-03,4537,1,24729.1,0
9138,6851,1999-04,4537,1,24729.1,0
9138,6851,1999-05,4537,1,24729.1,0
9138,6851,1999-06,4537,1,24729.1,0
9138,6851,1999-07,4537,1,24729.1,0
9138,6851,1999-08,4537,1,24729.1,0
9138,6851,1999-09,4537,1,24729.1,0
9138,6851,1999-10,4537,1,24729.1,0
9138,6851,1999-11,4537,1,24729.1,0
9138,6851,1999-12,4537,1,24729.1,0
9138,6851,2000-01,4537,1,24729.1,0
9138,6851,2000-02,4537,1,24729.1,0
9138,6851,2000-03,4537,1,24729.1,0
9138,6851,2000-04,4537,1,24729.1,0
9138,6851,2000-05,4537,1,24729.1,0
9138,6851,2000-06,4537,1,24729.1,0
9138,6851,2000-07,4537,1,24729.1,0
9138,6851,2000-08,4537,1,24729.1,0
9138,6851,2000-09,4537,1,24729.1,0
9138,6851,2000-10,4537,1,24729.1,0
9138,6851,2000-11,4537,1,24729.1,0
9138,6851,2000-12,4537,1,24729.1,0
9138,6851,2001-01,4537,1,24729.1,0
9138,6851,2001-02,4537,1,24729.1,0
9138,6851,2001-03,4537,1,24729.1,0
9138,6851,2001-04,4537,1,24729.1,0
9138,6851,2001-05,4537,1,24729.1,0
9138,6851,2001-06,4537,1,24729.1,0
9138,6851,2001-07,4537,1,24729.1,0
9138,6851,2001-08,4537,1,24729.1,0
9138,6851,2001-09,4537,1,24729.1,0
9138,6851,2001-10,4537,1,24729.1,0
9138,6851,2001-11,4537,1,24729.1,0
9138,6851,2001-12,4537,1,24729.1,0
9138,6851,2002-01,4537,1,24729.1,0
9138,6851,2002-02,4537,1,24729.1,0
9138,6851,2002-03,4537,1,24729.1,0
9138,6851,2002-04,4537,1,24729.1,0
9138,6851,2002-05,4537,1,24729.1,0
9138,6851,2002-06,4537,1,24729.1,0
8320,6695,1997-07,5161,0,22595.6,0
8320,6695,1997-08,5161,0,22655.0,0
8320,6695,1997-09,5161,0,11752.2,0
8320,6695,1997-10,5161,0,18279.4,0
8320,6695,1997-11,5161,0,18526.9,0
8320,6695,1997-12,5161,0,20872.7,0
8320,6695,1998-01,5161,0,15658.0,0
8320,6695,1998-02,5161,0,20420.3,0
8320,6695,1998-03,5161,0,23160.9,0
8320,6695,1998-04,5161,0,30461.9,0
8320,6695,1998-05,5161,0,34029.8,0
8320,6695,1998-06,5161,0,39927.4,0
8320,6695,1998-07,5161,0,30859.4,0
8320,6695,1998-08,5161,0,32016.4,0
8320,6695,1998-09,5161,0,21424.3,0
8320,6695,1998-10,5161,0,29187.1,0
8320,6695,1998-11,5161,0,29699.4,0
8320,6695,1998-12,5161,0,36461.2,0
8320,6695,1999-01,5161,0,36461.2,0
8320,6695,1999-02,5161,0,36461.2,0
8320,6695,1999-03,5161,0,36461.2,0
8320,6695,1999-04,5161,0,36461.2,0
8320,6695,1999-05,5161,0,36461.2,0
8320,6695,1999-06,5161,0,36461.2,0
8320,6695,1999-07,5161,0,36461.2,0
8320,6695,1999-08,5161,0,36461.2,0
8320,6695,1999-09,5161,0,36461.2,0
8320,6695,1999-10,5161,0,36461.2,0
8320,6695,1999-11,5161,0,36461.2,0
8320,6695,1999-12,5161,0,36461.2,0
8320,6695,2000-01,5161,0,36461.2,0
8320,6695,2000-02,5161,0,36461.2,0
8320,6695,2000-03,5161,0,36461.2,0
8320,6695,2000-04,5161,0,36461.2,0
8320,6695,2000-05,5161,0,36461.2,0
8320,6695,2000-06,5161,0,36461.2,0
8320,6695,2000-07,5161,0,36461.2,0
8320,6695,2000-08,5161,0,36461.2,0
8320,6695,2000-09,5161,0,36461.2,0
8320,6695,2000-10,5161,0,36461.2,0
8320,6695,2000-11,5161,0,36461.2,0
8320,6695,2000-12,5161,0,36461.2,0
8320,6695,2001-01,5161,0,36461.2,0
8320,6695,2001-02,5161,0,36461.2,0
8320,6695,2001-03,5161,0,36461.2,0
8320,6695,2001-04,5161,0,36461.2,0
8320,6695,2001-05,5161,0,36461.2,0
8320,6695,2001-06,5161,0,36461.2,0
8320,6695,2001-07,5161,0,36461.2,0
8320,6695,2001-08,5161,0,36461.2,0
8320,6695,2001-09,5161,0,36461.2,0
8320,6695,2001-10,5161,0,36461.2,0
8320,6695,2001-11,5161,0,36461.2,0
8320,6695,2001-12,5161,0,36461.2,0
8320,6695,2002-01,5161,0,36461.2,0
8320,6695,2002-02,5161,0,36461.2,0
8320,6695,2002-03,5161,0,36461.2,0
8320,6695,2002-04,5161,0,36461.2,0
8320,6695,2002-05,5161,0,36461.2,0
8320,6695,2002-06,5161,0,36461.2,0
9353,6908,1997-07,7859,0,46953.8,0
9353,6908,1997-08,7859,0,45661.3,0
9353,6908,1997-09,7859,0,78476.2,0
9353,6908,1997-10,7859,0,51712.4,0
9353,6908,1997-11,7859,0,43470.8,0
9353,6908,1997-12,7859,0,52106.2,0
9353,6908,1998-01,7859,0,28122.6,0
9353,6908,1998-02,7859,0,76672.6,0
9353,6908,1998-03,7859,0,44722.9,0
9353,6908,1998-04,7859,0,29769.4,0
9353,6908,1998-05,7859,0,26013.7,0
9353,6908,1998-06,7859,0,52821.4,0
9353,6908,1998-07,7859,0,59534.7,0
9353,6908,1998-08,7859,0,33041.8,0
9353,6908,1998-09,7859,0,72703.5,0
9353,6908,1998-10,7859,0,75698.7,0
9353,6908,1998-11,7859,0,31298.5,0
9353,6908,1998-12,7859,0,31535.3,0
9353,6908,1999-01,7859,0,31535.3,0
9353,6908,1999-02,7859,0,31535.3,0
9353,6908,1999-03,7859,0,31535.3,0
9353,6908,1999-04,7859,0,31535.3,0
9353,6908,1999-05,7859,0,31535.3,0
9353,6908,1999-06,7859,0,31535.3,0
11096,7255,1997-07,3555,0,19298.4,0
11096,7255,1997-08,3555,0,22411.0,0
11096,7255,1997-09,3555,0,21825.7,0
11096,7255,1997-10,3555,0,22441.9,0
11096,7255,1997-11,3555,0,19928.3,0
11096,7255,1997-12,3555,0,26745.8,0
11096,7255,1998-01,3555,0,15780.0,0
11096,7255,1998-02,3555,0,31627.6,0
11096,7255,1998-03,3555,0,29190.2,0
11096,7255,1998-04,3555,0,40175.7,0
11096,7255,1998-05,3555,0,45887.6,0
11096,7255,1998-06,3555,0,17466.5,0
11096,7255,1998-07,3555,0,31646.8,0
11096,7255,1998-08,3555,0,35255.5,0
11096,7255,1998-09,3555,0,43355.6,0
11096,7255,1998-10,3555,0,44672.6,0
11096,7255,1998-11,3555,0,53948.0,0
11096,7255,1998-12,3555,0,64992.2,0
11096,7255,1999-01,3555,0,64992.2,0
11096,7255,1999-02,3555,0,64992.2,0
11096,7255,1999-03,3555,0,64992.2,0
11096,7255,1999-04,3555,0,64992.2,0
11096,7255,1999-05,3555,0,64992.2,0
11096,7255,1999-06,3555,0,64992.2,0
11096,7255,1999-07,3555,0,64992.2,0
11096,7255,1999-08,3555,0,64992.2,0
11096,7255,1999-09,3555,0,64992.2,0
11096,7255,1999-10,3555,0,64992.2,0
11096,7255,1999-11,3555,0,64992.2,0
11096,7255,1999-12,3555,0,64992.2,0
11096,7255,2000-01,3555,0,64992.2,0
11096,7255,2000-02,3555,0,64992.2,0
11096,7255,2000-03,3555,0,64992.2,0
11096,7255,2000-04,3555,0,64992.2,0
11096,7255,2000-05,3555,0,64992.2,0
11096,7255,2000-06,3555,0,64992.2,0
11096,7255,2000-07,3555,0,64992.2,0
11096,7255,2000-08,3555,0,64992.2,0
11096,7255,2000-09,3555,0,64992.2,0
11096,7255,2000-10,3555,0,64992.2,0
11096,7255,2000-11,3555,0,64992.2,0
11096,7255,2000-12,3555,0,64992.2,0
11096,7255,2001-01,3555,0,64992.2,0
11096,7255,2001-02,3555,0,64992.2,0
11096,7255,2001-03,3555,0,64992.2,0
11096,7255,2001-04,3555,0,64992.2,0
11096,7255,2001-05,3555,0,64992.2,0
11096,7255,2001-06,3555,0,64992.2,0
11096,7255,2001-07,3555,0,64992.2,0
11096,7255,2001-08,3555,0,64992.2,0
11096,7255,2001-09,3555,0,64992.2,0
11096,7255,2001-10,3555,0,64992.2,0
11096,7255,2001-11,3555,0,64992.2,0
11096,7255,2001-12,3555,0,64992.2,0
11096,7255,2002-01,3555,0,64992.2,0
11096,7255,2002-02,3555,0,64992.2,0
11096,7255,2002-03,3555,0,64992.2,0
11096,7255,2002-04,3555,0,64992.2,0
11096,7255,2002-05,3555,0,64992.2,0
11096,7255,2002-06,3555,0,64992.2,0
3418,5674,1997-07,4318,0,56520.7,0
3418,5674,1997-08,4318,0,64843.5,0
3418,5674,1997-09,4318,0,49945.0,0
3418,5674,1997-10,4318,0,39660.3,0
3418,5674,1997-11,4318,0,40129.6,0
3418,5674,1997-12,4318,0,30164.3,0
3418,5674,1998-01,4318,0,6076.3,0
3418,5674,1998-02,4318,0,31015.4,0
3418,5674,1998-03,4318,0,13050.4,0
3418,5674,1998-04,4318,0,33367.7,0
3418,5674,1998-05,4318,0,19073.2,0
3418,5674,1998-06,4318,0,50309.8,0
3418,5674,1998-07,4318,0,49937.7,0
3418,5674,1998-08,4318,0,24106.2,0
3418,5674,1998-09,4318,0,53349.3,0
3418,5674,1998-10,4318,0,91724.1,0
3418,5674,1998-11,4318,0,30134.2,0
3418,5674,1998-12,4318,0,27523.5,0
3418,5674,1999-01,4318,0,27523.5,0
3418,5674,1999-02,4318,0,27523.5,0
3418,5674,1999-03,4318,0,27523.5,0
3418,5674,1999-04,4318,0,27523.5,0
3418,5674,1999-05,4318,0,27523.5,0
3418,5674,1999-06,4318,0,27523.5,0
3418,5674,1999-07,4318,0,27523.5,0
3418,5674,1999-08,4318,0,27523.5,0
3418,5674,1999-09,4318,0,27523.5,0
3418,5674,1999-10,4318,0,27523.5,0
3418,5674,1999-11,4318,0,27523.5,0
3418,5674,1999-12,4318,0,27523.5,0
3418,5674,2000-01,4318,0,27523.5,0
3418,5674,2000-02,4318,0,27523.5,0
3418,5674,2000-03,4318,0,27523.5,0
3418,5674,2000-04,4318,0,27523.5,0
3418,5674,2000-05,4318,0,27523.5,0
3418,5674,2000-06,4318,0,27523.5,0
3418,5674,2000-07,4318,0,27523.5,0
3418,5674,2000-08,4318,0,27523.5,0
3418,5674,2000-09,4318,0,27523.5,0
3418,5674,2000-10,4318,0,27523.5,0
3418,5674,2000-11,4318,0,27523.5,0
3418,5674,2000-12,4318,0,27523.5,0
3418,5674,2001-01,4318,0,27523.5,0
3418,5674,2001-02,4318,0,27523.5,0
3418,5674,2001-03,4318,0,27523.5,0
3418,5674,2001-04,4318,0,27523.5,0
3418,5674,2001-05,4318,0,27523.5,0
3418,5674,2001-06,4318,0,27523.5,0
6265,6278,1997-07,3640,0,62764.4,0
6265,6278,1997-08,3640,0,41945.1,0
6265,6278,1997-09,3640,0,67571.3,0
6265,6278,1997-10,3640,0,70585.2,0
6265,6278,1997-11,3640,0,39074.1,0
6265,6278,1997-12,3640,0,28979.9,0
6265,6278,1998-01,3640,0,21328.8,0
6265,6278,1998-02,3640,0,19168.0,0
6265,6278,1998-03,3640,0,31223.0,0
6265,6278,1998-04,3640,0,33241.1,0
6265,6278,1998-05,3640,0,31994.8,0
6265,6278,1998-06,3640,0,27876.9,0
6265,6278,1998-07,3640,0,26444.8,0
6265,6278,1998-08,3640,0,69421.9,0
6265,6278,1998-09,3640,0,52946.0,0
6265,6278,1998-10,3640,0,90782.2,0
6265,6278,1998-11,3640,0,53460.5,0
6265,6278,1998-12,3640,0,34409.0,0
6265,6278,1999-01,3640,0,34409.0,0
6265,6278,1999-02,3640,0,34409.0,0
6265,6278,1999-03,3640,0,34409.0,0
6265,6278,1999-04,3640,0,34409.0,0
6265,6278,1999-05,3640,0,34409.0,0
6265,6278,1999-06,3640,0,34409.0,0
2516,5486,1997-07,9721,0,34847.0,0
2516,5486,1997-08,9721,0,42939.4,0
2516,5486,1997-09,9721,0,53061.0,0
2516,5486,1997-10,9721,0,59448.7,0
2516,5486,1997-11,9721,0,61052.9,0
2516,5486,1997-12,9721,0,65964.1,0
2516,5486,1998-01,9721,0,35872.9,0
2516,5486,1998-02,9721,0,48309.2,0
2516,5486,1998-03,9721,0,49264.5,0
2516,5486,1998-04,9721,0,51326.9,0
2516,5486,1998-05,9721,0,50589.3,0
2516,5486,1998-06,9721,0,46286.9,0
2516,5486,1998-07,9721,0,48657.8,0
2516,5486,1998-08,9721,0,50215.3,0
2516,5486,1998-09,9721,0,52280.6,0
2516,5486,1998-10,9721,0,47160.1,0
2516,5486,1998-11,9721,0,45593.3,0
2516,5486,1998-12,9721,0,47060.7,0
2516,5486,1999-01,9721,0,47060.7,0
2516,5486,1999-02,9721,0,47060.7,0
2516,5486,1999-03,9721,0,47060.7,0
2516,5486,1999-04,9721,0,47060.7,0
2516,5486,1999-05,9721,0,47060.7,0
2516,5486,1999-06,9721,0,47060.7,0
2516,5486,1999-07,9721,0,47060.7,0
2516,5486,1999-08,9721,0,47060.7,0
2516,5486,1999-09,9721,0,47060.7,0
2516,5486,1999-10,9721,0,47060.7,0
2516,5486,1999-11,9721,0,47060.7,0
2516,5486,1999-12,9721,0,47060.7,0
2516,5486,2000-01,9721,0,47060.7,0
2516,5486,2000-02,9721,0,47060.7,0
2516,5486,2000-03,9721,0,47060.7,0
2516,5486,2000-04,9721,0,47060.7,0
2516,5486,2000-05,9721,0,47060.7,0
2516,5486,2000-06,9721,0,47060.7,0
2516,5486,2000-07,9721,0,47060.7,0
2516,5486,2000-08,9721,0,47060.7,0
2516,5486,2000-09,9721,0,47060.7,0
2516,5486,2000-10,9721,0,47060.7,0
2516,5486,2000-11,9721,0,47060.7,0
2516,5486,2000-12,9721,0,47060.7,0
2516,5486,2001-01,9721,0,47060.7,0
2516,5486,2001-02,9721,0,47060.7,0
2516,5486,2001-03,9721,0,47060.7,0
2516,5486,2001-04,9721,0,47060.7,0
2516,5486,2001-05,9721,0,47060.7,0
2516,5486,2001-06,9721,0,47060.7,0
1093,5174,1997-07,8023,0,38665.9,0
1093,5174,1997-08,8023,0,31958.2,0
1093,5174,1997-09,8023,0,51808.5,0
1093,5174,1997-10,8023,0,40809.3,0
1093,5174,1997-11,8023,0,28609.8,0
1093,5174,1997-12,8023,0,50694.7,0
1093,5174,1998-01,8023,0,17278.4,0
1093,5174,1998-02,8023,0,45294.3,0
1093,5174,1998-03,8023,0,17522.9,0
1093,5174,1998-04,8023,0,33647.9,0
1093,5174,1998-05,8023,0,47980.3,0
1093,5174,1998-06,8023,0,45552.1,0
1093,5174,1998-07,8023,0,35598.1,0
1093,5174,1998-08,8023,0,48932.4,0
1093,5174,1998-09,8023,0,56684.7,0
1093,5174,1998-10,8023,0,35536.7,0
1093,5174,1998-11,8023,0,35314.1,0
1093,5174,1998-12,8023,0,39716.4,0
1093,5174,1999-01,8023,0,39716.4,0
1093,5174,1999-02,8023,0,39716.4,0
1093,5174,1999-03,8023,0,39716.4,0
1093,5174,1999-04,8023,0,39716.4,0
1093,5174,1999-05,8023,0,39716.4,0
1093,5174,1999-06,8023,0,39716.4,0
1093,5174,1999-07,8023,0,39716.4,0
1093,5174,1999-08,8023,0,39716.4,0
1093,5174,1999-09,8023,0,39716.4,0
1093,5174,1999-10,8023,0,39716.4,0
1093,5174,1999-11,8023,0,39716.4,0
1093,5174,1999-12,8023,0,39716.4,0
1093,5174,2000-01,8023,0,39716.4,0
1093,5174,2000-02,8023,0,39716.4,0
1093,5174,2000-03,8023,0,39716.4,0
1093,5174,2000-04,8023,0,39716.4,0
1093,5174,2000-05,8023,0,39716.4,0
1093,5174,2000-06,8023,0,39716.4,0
1093,5174,2000-07,8023,0,39716.4,0
1093,5174,2000-08,8023,0,39716.4,0
1093,5174,2000-09,8023,0,39716.4,0
1093,5174,2000-10,8023,0,39716.4,0
1093,5174,2000-11,8023,0,39716.4,0
1093,5174,2000-12,8023,0,39716.4,0
1093,5174,2001-01,8023,0,39716.4,0
1093,5174,2001-02,8023,0,39716.4,0
1093,5174,2001-03,8023,0,39716.4,0
1093,5174,2001-04,8023,0,39716.4,0
1093,5174,2001-05,8023,0,39716.4,0
1093,5174,2001-06,8023,0,39716.4,0
7957,6621,1997-07,3575,0,57559.0,0
7957,6621,1997-08,3575,0,58331.8,0
7957,6621,1997-09,3575,0,79166.0,0
7957,6621,1997-10,3575,0,45595.2,0
7957,6621,1997-11,3575,0,39513.7,0
7957,6621,1997-12,3575,0,45277.2,0
7957,6621,1998-01,3575,0,67769.8,0
7957,6621,1998-02,3575,0,39016.8,0
7957,6621,1998-03,3575,0,41593.8,0
7957,6621,1998-04,3575,0,30813.4,0
7957,6621,1998-05,3575,0,25293.7,0
7957,6621,1998-06,3575,0,37694.3,0
6461,6313,1997-07,4192,0,50151.9,0
6461,6313,1997-08,4192,0,44521.0,0
6461,6313,1997-09,4192,0,43596.7,0
6461,6313,1997-10,4192,0,41164.5,0
6461,6313,1997-11,4192,0,45240.3,0
6461,6313,1997-12,4192,0,52640.7,0
6461,6313,1998-01,4192,0,67162.2,0
6461,6313,1998-02,4192,0,104485.5,0
6461,6313,1998-03,4192,0,32122.4,0
6461,6313,1998-04,4192,0,32485.0,0
6461,6313,1998-05,4192,0,56281.6,0
6461,6313,1998-06,4192,0,65831.4,0
6461,6313,1998-07,4192,0,43151.4,0
6461,6313,1998-08,4192,0,37007.5,0
6461,6313,1998-09,4192,0,92293.7,0
6461,6313,1998-10,4192,0,67955.1,0
6461,6313,1998-11,4192,0,73240.8,0
6461,6313,1998-12,4192,0,25535.0,0
6461,6313,1999-01,4192,0,25535.0,0
6461,6313,1999-02,4192,0,25535.0,0
6461,6313,1999-03,4192,0,25535.0,0
6461,6313,1999-04,4192,0,25535.0,0
6461,6313,1999-05,4192,0,25535.0,0
6461,6313,1999-06,4192,0,25535.0,0
6461,6313,1999-07,4192,0,25535.0,0
6461,6313,1999-08,4192,0,25535.0,0
6461,6313,1999-09,4192,0,25535.0,0
6461,6313,1999-10,4192,0,25535.0,0
6461,6313,1999-11,4192,0,25535.0,0
6461,6313,1999-12,4192,0,25535.0,0
6461,6313,2000-01,4192,0,25535.0,0
6461,6313,2000-02,4192,0,25535.0,0
6461,6313,2000-03,4192,0,25535.0,0
6461,6313,2000-04,4192,0,25535.0,0
6461,6313,2000-05,4192,0,25535.0,0
6461,6313,2000-06,4192,0,25535.0,0
7045,6435,1997-07,6015,0,55807.2,0
7045,6435,1997-08,6015,0,57848.5,0
7045,6435,1997-09,6015,0,55135.3,0
7045,6435,1997-10,6015,0,52966.2,0
7045,6435,1997-11,6015,0,54154.4,0
7045,6435,1997-12,6015,0,70594.1,0
7045,6435,1998-01,6015,0,40324.6,0
7045,6435,1998-02,6015,0,49176.3,0
7045,6435,1998-03,6015,0,57291.0,0
7045,6435,1998-04,6015,0,51928.0,0
7045,6435,1998-05,6015,0,41435.5,0
7045,6435,1998-06,6015,0,55751.8,0
7045,6435,1998-07,6015,0,57276.2,0
7045,6435,1998-08,6015,0,49219.8,0
7045,6435,1998-09,6015,0,38614.5,0
7045,6435,1998-10,6015,0,46071.5,0
7045,6435,1998-11,6015,0,50703.1,0
7045,6435,1998-12,6015,0,47276.3,0
7045,6435,1999-01,6015,0,47276.3,0
7045,6435,1999-02,6015,0,47276.3,0
7045,6435,1999-03,6015,0,47276.3,0
7045,6435,1999-04,6015,0,47276.3,0
7045,6435,1999-05,6015,0,47276.3,0
7045,6435,1999-06,6015,0,47276.3,0
7045,6435,1999-07,6015,0,47276.3,0
7045,6435,1999-08,6015,0,47276.3,0
7045,6435,1999-09,6015,0,47276.3,0
7045,6435,1999-10,6015,0,47276.3,0
7045,6435,1999-11,6015,0,47276.3,0
7045,6435,1999-12,6015,0,47276.3,0
7045,6435,2000-01,6015,0,47276.3,0
7045,6435,2000-02,6015,0,47276.3,0
7045,6435,2000-03,6015,0,47276.3,0
7045,6435,2000-04,6015,0,47276.3,0
7045,6435,2000-05,6015,0,47276.3,0
7045,6435,2000-06,6015,0,47276.3,0
7045,6435,2000-07,6015,0,47276.3,0
7045,6435,2000-08,6015,0,47276.3,0
7045,6435,2000-09,6015,0,47276.3,0
7045,6435,2000-10,6015,0,47276.3,0
7045,6435,2000-11,6015,0,47276.3,0
7045,6435,2000-12,6015,0,47276.3,0
7045,6435,2001-01,6015,0,47276.3,0
7045,6435,2001-02,6015,0,47276.3,0
7045,6435,2001-03,6015,0,47276.3,0
7045,6435,2001-04,6015,0,47276.3,0
7045,6435,2001-05,6015,0,47276.3,0
7045,6435,2001-06,6015,0,47276.3,0
9677,6970,1997-07,527,0,23825.8,0
9677,6970,1997-08,527,0,23770.3,0
9677,6970,1997-09,527,0,30454.1,0
9677,6970,1997-10,527,0,32227.2,0
9677,6970,1997-11,527,0,31702.6,0
9677,6970,1997-12,527,0,39010.1,0
9677,6970,1998-01,527,0,32992.2,0
9677,6970,1998-02,527,0,36179.6,0
9677,6970,1998-03,527,0,38478.0,0
9677,6970,1998-04,527,0,36272.3,0
9677,6970,1998-05,527,0,41881.2,0
9677,6970,1998-06,527,0,49130.9,0
9677,6970,1998-07,527,0,43458.4,0
9677,6970,1998-08,527,0,36056.9,0
9677,6970,1998-09,527,0,31132.5,0
9677,6970,1998-10,527,0,29998.0,0
9677,6970,1998-11,527,0,29366.2,0
9677,6970,1998-12,527,0,37363.1,0
9677,6970,1999-01,527,0,37363.1,0
9677,6970,1999-02,527,0,37363.1,0
9677,6970,1999-03,527,0,37363.1,0
9677,6970,1999-04,527,0,37363.1,0
9677,6970,1999-05,527,0,37363.1,0
9677,6970,1999-06,527,0,37363.1,0
9677,6970,1999-07,527,0,37363.1,0
9677,6970,1999-08,527,0,37363.1,0
9677,6970,1999-09,527,0,37363.1,0
9677,6970,1999-10,527,0,37363.1,0
9677,6970,1999-11,527,0,37363.1,0
9677,6970,1999-12,527,0,37363.1,0
9677,6970,2000-01,527,0,37363.1,0
9677,6970,2000-02,527,0,37363.1,0
9677,6970,2000-03,527,0,37363.1,0
9677,6970,2000-04,527,0,37363.1,0
9677,6970,2000-05,527,0,37363.1,0
9677,6970,2000-06,527,0,37363.1,0
9677,6970,2000-07,527,0,37363.1,0
9677,6970,2000-08,527,0,37363.1,0
9677,6970,2000-09,527,0,37363.1,0
9677,6970,2000-10,527,0,37363.1,0
9677,6970,2000-11,527,0,37363.1,0
9677,6970,2000-12,527,0,37363.1,0
9677,6970,2001-01,527,0,37363.1,0
9677,6970,2001-02,527,0,37363.1,0
9677,6970,2001-03,527,0,37363.1,0
9677,6970,2001-04,527,0,37363.1,0
9677,6970,2001-05,527,0,37363.1,0
9677,6970,2001-06,527,0,37363.1,0
9677,6970,2001-07,527,0,37363.1,0
9677,6970,2001-08,527,0,37363.1,0
9677,6970,2001-09,527,0,37363.1,0
9677,6970,2001-10,527,0,37363.1,0
9677,6970,2001-11,527,0,37363.1,0
9677,6970,2001-12,527,0,37363.1,0
9677,6970,2002-01,527,0,37363.1,0
9677,6970,2002-02,527,0,37363.1,0
9677,6970,2002-03,527,0,37363.1,0
9677,6970,2002-04,527,0,37363.1,0
9677,6970,2002-05,527,0,37363.1,0
9677,6970,2002-06,527,0,37363.1,0
6440,6310,1997-07,2881,0,38454.6,0
6440,6310,1997-08,2881,0,66963.7,0
6440,6310,1997-09,2881,0,32886.6,0
6440,6310,1997-10,2881,0,56642.6,0
6440,6310,1997-11,2881,0,59321.9,0
6440,6310,1997-12,2881,0,42063.8,0
6440,6310,1998-01,2881,0,26091.9,0
6440,6310,1998-02,2881,0,33978.0,0
6440,6310,1998-03,2881,0,24803.1,0
6440,6310,1998-04,2881,0,47197.8,0
6440,6310,1998-05,2881,0,39377.0,0
6440,6310,1998-06,2881,0,28617.5,0
4626,5932,1997-07,2779,0,8432.4,0
4626,5932,1997-08,2779,0,5673.6,0
4626,5932,1997-09,2779,0,15928.4,0
4626,5932,1997-10,2779,0,15438.8,0
4626,5932,1997-11,2779,0,22288.5,0
4626,5932,1997-12,2779,0,69744.9,0
4626,5932,1998-01,2779,0,80263.2,0
4626,5932,1998-02,2779,0,93478.7,0
4626,5932,1998-03,2779,0,71448.8,0
4626,5932,1998-04,2779,0,80164.6,0
4626,5932,1998-05,2779,0,23267.2,0
4626,5932,1998-06,2779,0,41484.8,0
9241,6877,1997-07,4754,0,36031.0,0
9241,6877,1997-08,4754,0,35789.7,0
9241,6877,1997-09,4754,0,25048.8,0
9241,6877,1997-10,4754,0,30068.6,0
9241,6877,1997-11,4754,0,37579.0,0
9241,6877,1997-12,4754,0,25033.0,0
9241,6877,1998-01,4754,0,25702.6,0
9241,6877,1998-02,4754,0,32594.4,0
9241,6877,1998-03,4754,0,35309.4,0
9241,6877,1998-04,4754,0,42638.4,0
9241,6877,1998-05,4754,0,42953.1,0
9241,6877,1998-06,4754,0,28069.5,0
9241,6877,1998-07,4754,0,35667.5,0
9241,6877,1998-08,4754,0,29639.4,0
9241,6877,1998-09,4754,0,29189.8,0
9241,6877,1998-10,4754,0,27189.5,0
9241,6877,1998-11,4754,0,21877.9,0
9241,6877,1998-12,4754,0,27213.1,0
9241,6877,1999-01,4754,0,27213.1,0
9241,6877,1999-02,4754,0,27213.1,0
9241,6877,1999-03,4754,0,27213.1,0
9241,6877,1999-04,4754,0,27213.1,0
9241,6877,1999-05,4754,0,27213.1,0
9241,6877,1999-06,4754,0,27213.1,0
9241,6877,1999-07,4754,0,27213.1,0
9241,6877,1999-08,4754,0,27213.1,0
9241,6877,1999-09,4754,0,27213.1,0
9241,6877,1999-10,4754,0,27213.1,0
9241,6877,1999-11,4754,0,27213.1,0
9241,6877,1999-12,4754,0,27213.1,0
9241,6877,2000-01,4754,0,27213.1,0
9241,6877,2000-02,4754,0,27213.1,0
9241,6877,2000-03,4754,0,27213.1,0
9241,6877,2000-04,4754,0,27213.1,0
9241,6877,2000-05,4754,0,27213.1,0
9241,6877,2000-06,4754,0,27213.1,0
9241,6877,2000-07,4754,0,27213.1,0
9241,6877,2000-08,4754,0,27213.1,0
9241,6877,2000-09,4754,0,27213.1,0
9241,6877,2000-10,4754,0,27213.1,0
9241,6877,2000-11,4754,0,27213.1,0
9241,6877,2000-12,4754,0,27213.1,0
9241,6877,2001-01,4754,0,27213.1,0
9241,6877,2001-02,4754,0,27213.1,0
9241,6877,2001-03,4754,0,27213.1,0
9241,6877,2001-04,4754,0,27213.1,0
9241,6877,2001-05,4754,0,27213.1,0
9241,6877,2001-06,4754,0,27213.1,0
9241,6877,2001-07,4754,0,27213.1,0
9241,6877,2001-08,4754,0,27213.1,0
9241,6877,2001-09,4754,0,27213.1,0
9241,6877,2001-10,4754,0,27213.1,0
9241,6877,2001-11,4754,0,27213.1,0
9241,6877,2001-12,4754,0,27213.1,0
9241,6877,2002-01,4754,0,27213.1,0
9241,6877,2002-02,4754,0,27213.1,0
9241,6877,2002-03,4754,0,27213.1,0
9241,6877,2002-04,4754,0,27213.1,0
9241,6877,2002-05,4754,0,27213.1,0
9241,6877,2002-06,4754,0,27213.1,0
8772,6763,1997-07,1839,0,9001.7,0
8772,6763,1997-08,1839,0,10939.2,0
8772,6763,1997-09,1839,0,5284.1,0
8772,6763,1997-10,1839,0,7182.2,0
8772,6763,1997-11,1839,0,9039.6,0
8772,6763,1997-12,1839,0,16522.6,0
8772,6763,1998-01,1839,0,5309.6,0
8772,6763,1998-02,1839,0,7158.4,0
8772,6763,1998-03,1839,0,9038.9,0
8772,6763,1998-04,1839,0,10934.9,0
8772,6763,1998-05,1839,0,12893.3,0
8772,6763,1998-06,1839,0,7111.1,0
8772,6763,1998-07,1839,0,8987.5,0
8772,6763,1998-08,1839,0,10876.4,0
8772,6763,1998-09,1839,0,12731.1,0
8772,6763,1998-10,1839,0,14637.1,0
8772,6763,1998-11,1839,0,16557.1,0
8772,6763,1998-12,1839,0,16597.4,0
8772,6763,1999-01,1839,0,16597.4,0
8772,6763,1999-02,1839,0,16597.4,0
8772,6763,1999-03,1839,0,16597.4,0
8772,6763,1999-04,1839,0,16597.4,0
8772,6763,1999-05,1839,0,16597.4,0
8772,6763,1999-06,1839,0,16597.4,0
8772,6763,1999-07,1839,0,16597.4,0
8772,6763,1999-08,1839,0,16597.4,0
8772,6763,1999-09,1839,0,16597.4,0
8772,6763,1999-10,1839,0,16597.4,0
8772,6763,1999-11,1839,0,16597.4,0
8772,6763,1999-12,1839,0,16597.4,0
8772,6763,2000-01,1839,0,16597.4,0
8772,6763,2000-02,1839,0,16597.4,0
8772,6763,2000-03,1839,0,16597.4,0
8772,6763,2000-04,1839,0,16597.4,0
8772,6763,2000-05,1839,0,16597.4,0
8772,6763,2000-06,1839,0,16597.4,0
8772,6763,2000-07,1839,0,16597.4,0
8772,6763,2000-08,1839,0,16597.4,0
8772,6763,2000-09,1839,0,16597.4,0
8772,6763,2000-10,1839,0,16597.4,0
8772,6763,2000-11,1839,0,16597.4,0
8772,6763,2000-12,1839,0,16597.4,0
8772,6763,2001-01,1839,0,16597.4,0
8772,6763,2001-02,1839,0,16597.4,0
8772,6763,2001-03,1839,0,16597.4,0
8772,6763,2001-04,1839,0,16597.4,0
8772,6763,2001-05,1839,0,16597.4,0
8772,6763,2001-06,1839,0,16597.4,0
10202,7085,1997-07,6363,0,30693.9,0
10202,7085,1997-08,6363,0,41006.8,0
10202,7085,1997-09,6363,0,16252.8,0
10202,7085,1997-10,6363,0,14384.4,0
10202,7085,1997-11,6363,0,19882.8,0
10202,7085,1997-12,6363,0,33784.0,0
10202,7085,1998-01,6363,0,25926.2,0
10202,7085,1998-02,6363,0,54816.1,0
10202,7085,1998-03,6363,0,47920.4,0
10202,7085,1998-04,6363,0,42638.1,0
10202,7085,1998-05,6363,0,38543.1,0
10202,7085,1998-06,6363,0,37532.9,0
10202,7085,1998-07,6363,0,35518.7,0
10202,7085,1998-08,6363,0,55423.5,0
10202,7085,1998-09,6363,0,53841.1,0
10202,7085,1998-10,6363,0,34478.3,0
10202,7085,1998-11,6363,0,37843.2,0
10202,7085,1998-12,6363,0,33737.6,0
10202,7085,1999-01,6363,0,33737.6,0
10202,7085,1999-02,6363,0,33737.6,0
10202,7085,1999-03,6363,0,33737.6,0
10202,7085,1999-04,6363,0,33737.6,0
10202,7085,1999-05,6363,0,33737.6,0
10202,7085,1999-06,6363,0,33737.6,0
10202,7085,1999-07,6363,0,33737.6,0
10202,7085,1999-08,6363,0,33737.6,0
10202,7085,1999-09,6363,0,33737.6,0
10202,7085,1999-10,6363,0,33737.6,0
10202,7085,1999-11,6363,0,33737.6,0
10202,7085,1999-12,6363,0,33737.6,0
10202,7085,2000-01,6363,0,33737.6,0
10202,7085,2000-02,6363,0,33737.6,0
10202,7085,2000-03,6363,0,33737.6,0
10202,7085,2000-04,6363,0,33737.6,0
10202,7085,2000-05,6363,0,33737.6,0
10202,7085,2000-06,6363,0,33737.6,0
10202,7085,2000-07,6363,0,33737.6,0
10202,7085,2000-08,6363,0,33737.6,0
10202,7085,2000-09,6363,0,33737.6,0
10202,7085,2000-10,6363,0,33737.6,0
10202,7085,2000-11,6363,0,33737.6,0
10202,7085,2000-12,6363,0,33737.6,0
10202,7085,2001-01,6363,0,33737.6,0
10202,7085,2001-02,6363,0,33737.6,0
10202,7085,2001-03,6363,0,33737.6,0
10202,7085,2001-04,6363,0,33737.6,0
10202,7085,2001-05,6363,0,33737.6,0
10202,7085,2001-06,6363,0,33737.6,0
10063,7049,1997-07,6484,0,28696.0,0
10063,7049,1997-08,6484,0,31768.9,0
10063,7049,1997-09,6484,0,35054.4,0
10063,7049,1997-10,6484,0,18792.7,0
10063,7049,1997-11,6484,0,29144.5,0
10063,7049,1997-12,6484,0,21783.7,0
10063,7049,1998-01,6484,0,19104.9,0
10063,7049,1998-02,6484,0,44407.8,0
10063,7049,1998-03,6484,0,29388.5,0
10063,7049,1998-04,6484,0,14942.7,0
10063,7049,1998-05,6484,0,20660.6,0
10063,7049,1998-06,6484,0,55073.4,0
10063,7049,1998-07,6484,0,51199.7,0
10063,7049,1998-08,6484,0,26708.7,0
10063,7049,1998-09,6484,0,25901.7,0
10063,7049,1998-10,6484,0,45413.0,0
10063,7049,1998-11,6484,0,47618.7,0
10063,7049,1998-12,6484,0,50284.1,0
10063,7049,1999-01,6484,0,50284.1,0
10063,7049,1999-02,6484,0,50284.1,0
10063,7049,1999-03,6484,0,50284.1,0
10063,7049,1999-04,6484,0,50284.1,0
10063,7049,1999-05,6484,0,50284.1,0
10063,7049,1999-06,6484,0,50284.1,0
10063,7049,1999-07,6484,0,50284.1,0
10063,7049,1999-08,6484,0,50284.1,0
10063,7049,1999-09,6484,0,50284.1,0
10063,7049,1999-10,6484,0,50284.1,0
10063,7049,1999-11,6484,0,50284.1,0
10063,7049,1999-12,6484,0,50284.1,0
10063,7049,2000-01,6484,0,50284.1,0
10063,7049,2000-02,6484,0,50284.1,0
10063,7049,2000-03,6484,0,50284.1,0
10063,7049,2000-04,6484,0,50284.1,0
10063,7049,2000-05,6484,0,50284.1,0
10063,7049,2000-06,6484,0,50284.1,0
9633,6959,1997-07,2477,1,81989.9,0
9633,6959,1997-08,2477,1,37520.9,0
9633,6959,1997-09,2477,1,35722.7,0
9633,6959,1997-10,2477,1,36909.0,0
9633,6959,1997-11,2477,1,21442.3,0
9633,6959,1997-12,2477,1,56153.1,0
9633,6959,1998-01,2477,1,70624.2,0
9633,6959,1998-02,2477,1,48172.2,0
9633,6959,1998-03,2477,1,30769.5,0
9633,6959,1998-04,2477,1,50045.4,0
9633,6959,1998-05,2477,1,41365.6,0
9633,6959,1998-06,2477,1,35010.5,0
9633,6959,1998-07,2477,1,54716.6,0
9633,6959,1998-08,2477,1,56815.9,0
9633,6959,1998-09,2477,1,114697.5,0
9633,6959,1998-10,2477,1,45376.3,0
9633,6959,1998-11,2477,1,40068.9,0
9633,6959,1998-12,2477,1,6865.8,0
9633,6959,1999-01,2477,1,6865.8,0
9633,6959,1999-02,2477,1,6865.8,0
9633,6959,1999-03,2477,1,6865.8,0
9633,6959,1999-04,2477,1,6865.8,0
9633,6959,1999-05,2477,1,6865.8,0
9633,6959,1999-06,2477,1,6865.8,0
1270,5214,1997-07,2077,0,34038.8,0
1270,5214,1997-08,2077,0,28886.2,0
1270,5214,1997-09,2077,0,30021.3,0
1270,5214,1997-10,2077,0,22351.2,0
1270,5214,1997-11,2077,0,22780.9,0
1270,5214,1997-12,2077,0,25356.2,0
1270,5214,1998-01,2077,0,20076.6,0
1270,5214,1998-02,2077,0,20595.1,0
1270,5214,1998-03,2077,0,19915.9,0
1270,5214,1998-04,2077,0,25135.3,0
1270,5214,1998-05,2077,0,18961.2,0
1270,5214,1998-06,2077,0,25820.6,0
1270,5214,1998-07,2077,0,20871.3,0
1270,5214,1998-08,2077,0,20291.0,0
1270,5214,1998-09,2077,0,22208.5,0
1270,5214,1998-10,2077,0,13124.2,0
1270,5214,1998-11,2077,0,15511.6,0
1270,5214,1998-12,2077,0,27961.3,0
1270,5214,1999-01,2077,0,27961.3,0
1270,5214,1999-02,2077,0,27961.3,0
1270,5214,1999-03,2077,0,27961.3,0
1270,5214,1999-04,2077,0,27961.3,0
1270,5214,1999-05,2077,0,27961.3,0
1270,5214,1999-06,2077,0,27961.3,0
1270,5214,1999-07,2077,0,27961.3,0
1270,5214,1999-08,2077,0,27961.3,0
1270,5214,1999-09,2077,0,27961.3,0
1270,5214,1999-10,2077,0,27961.3,0
1270,5214,1999-11,2077,0,27961.3,0
1270,5214,1999-12,2077,0,27961.3,0
1270,5214,2000-01,2077,0,27961.3,0
1270,5214,2000-02,2077,0,27961.3,0
1270,5214,2000-03,2077,0,27961.3,0
1270,5214,2000-04,2077,0,27961.3,0
1270,5214,2000-05,2077,0,27961.3,0
1270,5214,2000-06,2077,0,27961.3,0
1270,5214,2000-07,2077,0,27961.3,0
6678,6350,1997-08,6133,0,58327.2,0
6678,6350,1997-09,6133,0,41300.6,0
6678,6350,1997-10,6133,0,94536.9,0
6678,6350,1997-11,6133,0,52553.1,0
6678,6350,1997-12,6133,0,66261.6,0
6678,6350,1998-01,6133,0,55151.0,0
6678,6350,1998-02,6133,0,47355.8,0
6678,6350,1998-03,6133,0,73185.3,0
6678,6350,1998-04,6133,0,48302.5,0
6678,6350,1998-05,6133,0,58748.5,0
6678,6350,1998-06,6133,0,44253.1,0
6678,6350,1998-07,6133,0,35336.1,0
6678,6350,1998-08,6133,0,61102.3,0
6678,6350,1998-09,6133,0,66716.0,0
6678,6350,1998-10,6133,0,37373.7,0
6678,6350,1998-11,6133,0,70732.0,0
6678,6350,1998-12,6133,0,25588.1,0
6678,6350,1999-01,6133,0,25588.1,0
6678,6350,1999-02,6133,0,25588.1,0
6678,6350,1999-03,6133,0,25588.1,0
6678,6350,1999-04,6133,0,25588.1,0
6678,6350,1999-05,6133,0,25588.1,0
6678,6350,1999-06,6133,0,25588.1,0
6678,6350,1999-07,6133,0,25588.1,0
6678,6350,1999-08,6133,0,25588.1,0
6678,6350,1999-09,6133,0,25588.1,0
6678,6350,1999-10,6133,0,25588.1,0
6678,6350,1999-11,6133,0,25588.1,0
6678,6350,1999-12,6133,0,25588.1,0
6678,6350,2000-01,6133,0,25588.1,0
6678,6350,2000-02,6133,0,25588.1,0
6678,6350,2000-03,6133,0,25588.1,0
6678,6350,2000-04,6133,0,25588.1,0
6678,6350,2000-05,6133,0,25588.1,0
6678,6350,2000-06,6133,0,25588.1,0
6678,6350,2000-07,6133,0,25588.1,0
6678,6350,2000-08,6133,0,25588.1,0
6678,6350,2000-09,6133,0,25588.1,0
6678,6350,2000-10,6133,0,25588.1,0
6678,6350,2000-11,6133,0,25588.1,0
6678,6350,2000-12,6133,0,25588.1,0
6678,6350,2001-01,6133,0,25588.1,0
6678,6350,2001-02,6133,0,25588.1,0
6678,6350,2001-03,6133,0,25588.1,0
6678,6350,2001-04,6133,0,25588.1,0
6678,6350,2001-05,6133,0,25588.1,0
6678,6350,2001-06,6133,0,25588.1,0
6678,6350,2001-07,6133,0,25588.1,0
442,5063,1997-08,7455,1,40174.0,0
442,5063,1997-09,7455,1,31884.4,0
442,5063,1997-10,7455,1,18616.6,0
442,5063,1997-11,7455,1,16948.7,0
442,5063,1997-12,7455,1,16780.9,0
442,5063,1998-01,7455,1,35149.6,0
442,5063,1998-02,7455,1,21695.5,0
442,5063,1998-03,7455,1,12641.4,0
442,5063,1998-04,7455,1,15958.6,0
442,5063,1998-05,7455,1,26825.1,0
442,5063,1998-06,7455,1,25691.6,0
442,5063,1998-07,7455,1,20032.9,0
442,5063,1998-08,7455,1,23197.8,0
442,5063,1998-09,7455,1,47305.0,0
442,5063,1998-10,7455,1,16996.5,0
442,5063,1998-11,7455,1,14601.0,0
442,5063,1998-12,7455,1,54376.5,0
442,5063,1999-01,7455,1,54376.5,0
442,5063,1999-02,7455,1,54376.5,0
442,5063,1999-03,7455,1,54376.5,0
442,5063,1999-04,7455,1,54376.5,0
442,5063,1999-05,7455,1,54376.5,0
442,5063,1999-06,7455,1,54376.5,0
442,5063,1999-07,7455,1,54376.5,0
442,5063,1999-08,7455,1,54376.5,0
442,5063,1999-09,7455,1,54376.5,0
442,5063,1999-10,7455,1,54376.5,0
442,5063,1999-11,7455,1,54376.5,0
442,5063,1999-12,7455,1,54376.5,0
442,5063,2000-01,7455,1,54376.5,0
442,5063,2000-02,7455,1,54376.5,0
442,5063,2000-03,7455,1,54376.5,0
442,5063,2000-04,7455,1,54376.5,0
442,5063,2000-05,7455,1,54376.5,0
442,5063,2000-06,7455,1,54376.5,0
442,5063,2000-07,7455,1,54376.5,0
442,5063,2000-08,7455,1,54376.5,0
442,5063,2000-09,7455,1,54376.5,0
442,5063,2000-10,7455,1,54376.5,0
442,5063,2000-11,7455,1,54376.5,0
442,5063,2000-12,7455,1,54376.5,0
442,5063,2001-01,7455,1,54376.5,0
442,5063,2001-02,7455,1,54376.5,0
442,5063,2001-03,7455,1,54376.5,0
442,5063,2001-04,7455,1,54376.5,0
442,5063,2001-05,7455,1,54376.5,0
442,5063,2001-06,7455,1,54376.5,0
442,5063,2001-07,7455,1,54376.5,0
319,5041,1997-08,6150,0,42866.8,0
319,5041,1997-09,6150,0,64031.5,0
319,5041,1997-10,6150,0,73037.2,0
319,5041,1997-11,6150,0,93366.4,0
319,5041,1997-12,6150,0,66216.0,0
319,5041,1998-01,6150,0,42899.2,0
319,5041,1998-02,6150,0,105828.7,0
319,5041,1998-03,6150,0,56491.9,0
319,5041,1998-04,6150,0,28548.4,0
319,5041,1998-05,6150,0,61806.4,0
319,5041,1998-06,6150,0,59282.9,0
319,5041,1998-07,6150,0,36497.7,0
319,5041,1998-08,6150,0,81750.0,0
319,5041,1998-09,6150,0,91778.9,0
319,5041,1998-10,6150,0,116316.1,0
319,5041,1998-11,6150,0,105865.1,0
319,5041,1998-12,6150,0,78773.2,0
319,5041,1999-01,6150,0,78773.2,0
319,5041,1999-02,6150,0,78773.2,0
319,5041,1999-03,6150,0,78773.2,0
319,5041,1999-04,6150,0,78773.2,0
319,5041,1999-05,6150,0,78773.2,0
319,5041,1999-06,6150,0,78773.2,0
319,5041,1999-07,6150,0,78773.2,0
319,5041,1999-08,6150,0,78773.2,0
319,5041,1999-09,6150,0,78773.2,0
319,5041,1999-10,6150,0,78773.2,0
319,5041,1999-11,6150,0,78773.2,0
319,5041,1999-12,6150,0,78773.2,0
319,5041,2000-01,6150,0,78773.2,0
319,5041,2000-02,6150,0,78773.2,0
319,5041,2000-03,6150,0,78773.2,0
319,5041,2000-04,6150,0,78773.2,0
319,5041,2000-05,6150,0,78773.2,0
319,5041,2000-06,6150,0,78773.2,0
319,5041,2000-07,6150,0,78773.2,0
319,5041,2000-08,6150,0,78773.2,0
319,5041,2000-09,6150,0,78773.2,0
319,5041,2000-10,6150,0,78773.2,0
319,5041,2000-11,6150,0,78773.2,0
319,5041,2000-12,6150,0,78773.2,0
319,5041,2001-01,6150,0,78773.2,0
319,5041,2001-02,6150,0,78773.2,0
319,5041,2001-03,6150,0,78773.2,0
319,5041,2001-04,6150,0,78773.2,0
319,5041,2001-05,6150,0,78773.2,0
319,5041,2001-06,6150,0,78773.2,0
319,5041,2001-07,6150,0,78773.2,0
319,5041,2001-08,6150,0,78773.2,0
319,5041,2001-09,6150,0,78773.2,0
319,5041,2001-10,6150,0,78773.2,0
319,5041,2001-11,6150,0,78773.2,0
319,5041,2001-12,6150,0,78773.2,0
319,5041,2002-01,6150,0,78773.2,0
319,5041,2002-02,6150,0,78773.2,0
319,5041,2002-03,6150,0,78773.2,0
319,5041,2002-04,6150,0,78773.2,0
319,5041,2002-05,6150,0,78773.2,0
319,5041,2002-06,6150,0,78773.2,0
319,5041,2002-07,6150,0,78773.2,0
525,5086,1997-08,4383,0,34290.5,0
525,5086,1997-09,4383,0,14728.7,0
525,5086,1997-10,4383,0,12844.4,0
525,5086,1997-11,4383,0,38933.1,0
525,5086,1997-12,4383,0,86338.4,0
525,5086,1998-01,4383,0,28492.9,0
525,5086,1998-02,4383,0,55099.8,0
525,5086,1998-03,4383,0,60778.1,0
525,5086,1998-04,4383,0,34525.4,0
525,5086,1998-05,4383,0,21682.0,0
525,5086,1998-06,4383,0,42538.1,0
525,5086,1998-07,4383,0,20909.5,0
525,5086,1998-08,4383,0,81431.6,0
525,5086,1998-09,4383,0,60959.9,0
525,5086,1998-10,4383,0,38812.1,0
525,5086,1998-11,4383,0,26752.6,0
525,5086,1998-12,4383,0,98722.9,0
525,5086,1999-01,4383,0,98722.9,0
525,5086,1999-02,4383,0,98722.9,0
525,5086,1999-03,4383,0,98722.9,0
525,5086,1999-04,4383,0,98722.9,0
525,5086,1999-05,4383,0,98722.9,0
525,5086,1999-06,4383,0,98722.9,0
525,5086,1999-07,4383,0,98722.9,0
525,5086,1999-08,4383,0,98722.9,0
525,5086,1999-09,4383,0,98722.9,0
525,5086,1999-10,4383,0,98722.9,0
525,5086,1999-11,4383,0,98722.9,0
525,5086,1999-12,4383,0,98722.9,0
525,5086,2000-01,4383,0,98722.9,0
525,5086,2000-02,4383,0,98722.9,0
525,5086,2000-03,4383,0,98722.9,0
525,5086,2000-04,4383,0,98722.9,0
525,5086,2000-05,4383,0,98722.9,0
525,5086,2000-06,4383,0,98722.9,0
525,5086,2000-07,4383,0,98722.9,0
525,5086,2000-08,4383,0,98722.9,0
525,5086,2000-09,4383,0,98722.9,0
525,5086,2000-10,4383,0,98722.9,0
525,5086,2000-11,4383,0,98722.9,0
525,5086,2000-12,4383,0,98722.9,0
525,5086,2001-01,4383,0,98722.9,0
525,5086,2001-02,4383,0,98722.9,0
525,5086,2001-03,4383,0,98722.9,0
525,5086,2001-04,4383,0,98722.9,0
525,5086,2001-05,4383,0,98722.9,0
525,5086,2001-06,4383,0,98722.9,0
525,5086,2001-07,4383,0,98722.9,0
9513,6942,1997-08,1527,0,27306.1,0
9513,6942,1997-09,1527,0,26679.4,0
9513,6942,1997-10,1527,0,24554.9,0
9513,6942,1997-11,1527,0,35165.2,0
9513,6942,1997-12,1527,0,36979.0,0
9513,6942,1998-01,1527,0,20497.3,0
9513,6942,1998-02,1527,0,31088.0,0
9513,6942,1998-03,1527,0,41707.3,0
9513,6942,1998-04,1527,0,31633.6,0
9513,6942,1998-05,1527,0,18261.5,0
9513,6942,1998-06,1527,0,29263.0,0
9513,6942,1998-07,1527,0,34706.8,0
1528,5270,1997-08,3981,0,26750.1,0
1528,5270,1997-09,3981,0,25722.5,0
1528,5270,1997-10,3981,0,28394.6,0
1528,5270,1997-11,3981,0,29692.9,0
1528,5270,1997-12,3981,0,30133.4,0
1528,5270,1998-01,3981,0,26346.5,0
1528,5270,1998-02,3981,0,31945.6,0
1528,5270,1998-03,3981,0,28440.2,0
1528,5270,1998-04,3981,0,36144.4,0
1528,5270,1998-05,3981,0,38773.6,0
1528,5270,1998-06,3981,0,29303.6,0
1528,5270,1998-07,3981,0,36815.0,0
1528,5270,1998-08,3981,0,39960.3,0
1528,5270,1998-09,3981,0,45314.1,0
1528,5270,1998-10,3981,0,47389.9,0
1528,5270,1998-11,3981,0,50270.2,0
1528,5270,1998-12,3981,0,63328.9,0
1528,5270,1999-01,3981,0,63328.9,0
1528,5270,1999-02,3981,0,63328.9,0
1528,5270,1999-03,3981,0,63328.9,0
1528,5270,1999-04,3981,0,63328.9,0
1528,5270,1999-05,3981,0,63328.9,0
1528,5270,1999-06,3981,0,63328.9,0
1528,5270,1999-07,3981,0,63328.9,0
1528,5270,1999-08,3981,0,63328.9,0
1528,5270,1999-09,3981,0,63328.9,0
1528,5270,1999-10,3981,0,63328.9,0
1528,5270,1999-11,3981,0,63328.9,0
1528,5270,1999-12,3981,0,63328.9,0
1528,5270,2000-01,3981,0,63328.9,0
1528,5270,2000-02,3981,0,63328.9,0
1528,5270,2000-03,3981,0,63328.9,0
1528,5270,2000-04,3981,0,63328.9,0
1528,5270,2000-05,3981,0,63328.9,0
1528,5270,2000-06,3981,0,63328.9,0
1528,5270,2000-07,3981,0,63328.9,0
1528,5270,2000-08,3981,0,63328.9,0
1528,5270,2000-09,3981,0,63328.9,0
1528,5270,2000-10,3981,0,63328.9,0
1528,5270,2000-11,3981,0,63328.9,0
1528,5270,2000-12,3981,0,63328.9,0
1528,5270,2001-01,3981,0,63328.9,0
1528,5270,2001-02,3981,0,63328.9,0
1528,5270,2001-03,3981,0,63328.9,0
1528,5270,2001-04,3981,0,63328.9,0
1528,5270,2001-05,3981,0,63328.9,0
1528,5270,2001-06,3981,0,63328.9,0
1528,5270,2001-07,3981,0,63328.9,0
8381,6705,1997-08,6951,1,42433.7,0
8381,6705,1997-09,6951,1,40189.7,0
8381,6705,1997-10,6951,1,35577.0,0
8381,6705,1997-11,6951,1,62669.1,0
8381,6705,1997-12,6951,1,67178.1,0
8381,6705,1998-01,6951,1,7838.2,0
8381,6705,1998-02,6951,1,2127.7,1
8381,6705,1998-03,6951,1,1375.1,1
8381,6705,1998-04,6951,1,8202.6,0
8381,6705,1998-05,6951,1,-1059.0,1
8381,6705,1998-06,6951,1,47826.8,0
8381,6705,1998-07,6951,1,84300.6,0
8381,6705,1998-08,6951,1,144253.0,0
8381,6705,1998-09,6951,1,58783.1,0
8381,6705,1998-10,6951,1,39526.5,0
8381,6705,1998-11,6951,1,30146.6,0
8381,6705,1998-12,6951,1,11054.7,0
8381,6705,1999-01,6951,1,11054.7,0
8381,6705,1999-02,6951,1,11054.7,0
8381,6705,1999-03,6951,1,11054.7,0
8381,6705,1999-04,6951,1,11054.7,0
8381,6705,1999-05,6951,1,11054.7,0
8381,6705,1999-06,6951,1,11054.7,0
8381,6705,1999-07,6951,1,11054.7,0
8381,6705,1999-08,6951,1,11054.7,0
8381,6705,1999-09,6951,1,11054.7,0
8381,6705,1999-10,6951,1,11054.7,0
8381,6705,1999-11,6951,1,11054.7,0
8381,6705,1999-12,6951,1,11054.7,0
8381,6705,2000-01,6951,1,11054.7,0
8381,6705,2000-02,6951,1,11054.7,0
8381,6705,2000-03,6951,1,11054.7,0
8381,6705,2000-04,6951,1,11054.7,0
8381,6705,2000-05,6951,1,11054.7,0
8381,6705,2000-06,6951,1,11054.7,0
8381,6705,2000-07,6951,1,11054.7,0
8381,6705,2000-08,6951,1,11054.7,0
8381,6705,2000-09,6951,1,11054.7,0
8381,6705,2000-10,6951,1,11054.7,0
8381,6705,2000-11,6951,1,11054.7,0
8381,6705,2000-12,6951,1,11054.7,0
8381,6705,2001-01,6951,1,11054.7,0
8381,6705,2001-02,6951,1,11054.7,0
8381,6705,2001-03,6951,1,11054.7,0
8381,6705,2001-04,6951,1,11054.7,0
8381,6705,2001-05,6951,1,11054.7,0
8381,6705,2001-06,6951,1,11054.7,0
8381,6705,2001-07,6951,1,11054.7,0
10068,7051,1997-08,6484,0,64663.9,0
10068,7051,1997-09,6484,0,54733.8,0
10068,7051,1997-10,6484,0,58160.0,0
10068,7051,1997-11,6484,0,39606.0,0
10068,7051,1997-12,6484,0,43379.1,0
10068,7051,1998-01,6484,0,46803.1,0
10068,7051,1998-02,6484,0,18758.1,0
10068,7051,1998-03,6484,0,14339.7,0
10068,7051,1998-04,6484,0,26566.3,0
10068,7051,1998-05,6484,0,20273.6,0
10068,7051,1998-06,6484,0,13858.0,0
10068,7051,1998-07,6484,0,50543.3,0
8742,6758,1997-08,2762,0,30440.1,0
8742,6758,1997-09,2762,0,27782.3,0
8742,6758,1997-10,2762,0,26107.1,0
8742,6758,1997-11,2762,0,27150.9,0
8742,6758,1997-12,2762,0,27742.7,0
8742,6758,1998-01,2762,0,15964.0,0
8742,6758,1998-02,2762,0,20718.7,0
8742,6758,1998-03,2762,0,22967.2,0
8742,6758,1998-04,2762,0,25444.6,0
8742,6758,1998-05,2762,0,20755.7,0
8742,6758,1998-06,2762,0,18434.3,0
8742,6758,1998-07,2762,0,21086.7,0
6138,6249,1997-08,2817,0,12792.6,0
6138,6249,1997-09,2817,0,16057.5,0
6138,6249,1997-10,2817,0,19343.3,0
6138,6249,1997-11,2817,0,22642.5,0
6138,6249,1997-12,2817,0,14467.4,0
6138,6249,1998-01,2817,0,17739.3,0
6138,6249,1998-02,2817,0,21024.4,0
6138,6249,1998-03,2817,0,24323.6,0
6138,6249,1998-04,2817,0,27636.4,0
6138,6249,1998-05,2817,0,30970.3,0
6138,6249,1998-06,2817,0,15930.8,0
6138,6249,1998-07,2817,0,19208.6,0
6138,6249,1998-08,2817,0,22500.1,0
6138,6249,1998-09,2817,0,25805.2,0
6138,6249,1998-10,2817,0,29131.3,0
6138,6249,1998-11,2817,0,30070.6,0
6138,6249,1998-12,2817,0,38275.7,0
6138,6249,1999-01,2817,0,38275.7,0
6138,6249,1999-02,2817,0,38275.7,0
6138,6249,1999-03,2817,0,38275.7,0
6138,6249,1999-04,2817,0,38275.7,0
6138,6249,1999-05,2817,0,38275.7,0
6138,6249,1999-06,2817,0,38275.7,0
6138,6249,1999-07,2817,0,38275.7,0
4099,5808,1997-08,872,0,36343.6,0
4099,5808,1997-09,872,0,32229.4,0
4099,5808,1997-10,872,0,27715.5,0
4099,5808,1997-11,872,0,27069.6,0
4099,5808,1997-12,872,0,31549.8,0
4099,5808,1998-01,872,0,16152.8,0
4099,5808,1998-02,872,0,29284.0,0
4099,5808,1998-03,872,0,36659.8,0
4099,5808,1998-04,872,0,37952.8,0
4099,5808,1998-05,872,0,41095.6,0
4099,5808,1998-06,872,0,36765.2,0
4099,5808,1998-07,872,0,40664.7,0
4099,5808,1998-08,872,0,41473.3,0
4099,5808,1998-09,872,0,42784.8,0
4099,5808,1998-10,872,0,44498.3,0
4099,5808,1998-11,872,0,46317.7,0
4099,5808,1998-12,872,0,51533.6,0
4099,5808,1999-01,872,0,51533.6,0
4099,5808,1999-02,872,0,51533.6,0
4099,5808,1999-03,872,0,51533.6,0
4099,5808,1999-04,872,0,51533.6,0
4099,5808,1999-05,872,0,51533.6,0
4099,5808,1999-06,872,0,51533.6,0
4099,5808,1999-07,872,0,51533.6,0
4099,5808,1999-08,872,0,51533.6,0
4099,5808,1999-09,872,0,51533.6,0
4099,5808,1999-10,872,0,51533.6,0
4099,5808,1999-11,872,0,51533.6,0
4099,5808,1999-12,872,0,51533.6,0
4099,5808,2000-01,872,0,51533.6,0
4099,5808,2000-02,872,0,51533.6,0
4099,5808,2000-03,872,0,51533.6,0
4099,5808,2000-04,872,0,51533.6,0
4099,5808,2000-05,872,0,51533.6,0
4099,5808,2000-06,872,0,51533.6,0
4099,5808,2000-07,872,0,51533.6,0
4099,5808,2000-08,872,0,51533.6,0
4099,5808,2000-09,872,0,51533.6,0
4099,5808,2000-10,872,0,51533.6,0
4099,5808,2000-11,872,0,51533.6,0
4099,5808,2000-12,872,0,51533.6,0
4099,5808,2001-01,872,0,51533.6,0
4099,5808,2001-02,872,0,51533.6,0
4099,5808,2001-03,872,0,51533.6,0
4099,5808,2001-04,872,0,51533.6,0
4099,5808,2001-05,872,0,51533.6,0
4099,5808,2001-06,872,0,51533.6,0
4099,5808,2001-07,872,0,51533.6,0
2116,5377,1997-09,7700,0,52563.8,0
2116,5377,1997-10,7700,0,42922.9,0
2116,5377,1997-11,7700,0,55228.0,0
2116,5377,1997-12,7700,0,38880.3,0
2116,5377,1998-01,7700,0,31085.5,0
2116,5377,1998-02,7700,0,27364.3,0
2116,5377,1998-03,7700,0,45718.9,0
2116,5377,1998-04,7700,0,35049.2,0
2116,5377,1998-05,7700,0,27538.7,0
2116,5377,1998-06,7700,0,41267.2,0
2116,5377,1998-07,7700,0,49555.6,0
2116,5377,1998-08,7700,0,38511.3,0
2334,5446,1997-09,2013,0,34085.5,0
2334,5446,1997-10,2013,0,29556.3,0
2334,5446,1997-11,2013,0,29960.7,0
2334,5446,1997-12,2013,0,29570.3,0
2334,5446,1998-01,2013,0,19420.1,0
2334,5446,1998-02,2013,0,18779.9,0
2334,5446,1998-03,2013,0,29334.8,0
2334,5446,1998-04,2013,0,30705.5,0
2334,5446,1998-05,2013,0,30777.7,0
2334,5446,1998-06,2013,0,32374.9,0
2334,5446,1998-07,2013,0,29541.9,0
2334,5446,1998-08,2013,0,27001.9,0
2334,5446,1998-09,2013,0,30171.7,0
2334,5446,1998-10,2013,0,27990.8,0
2334,5446,1998-11,2013,0,34364.2,0
2334,5446,1998-12,2013,0,45832.9,0
2334,5446,1999-01,2013,0,45832.9,0
2334,5446,1999-02,2013,0,45832.9,0
2334,5446,1999-03,2013,0,45832.9,0
2334,5446,1999-04,2013,0,45832.9,0
2334,5446,1999-05,2013,0,45832.9,0
2334,5446,1999-06,2013,0,45832.9,0
2334,5446,1999-07,2013,0,45832.9,0
2334,5446,1999-08,2013,0,45832.9,0
4320,5856,1997-09,4280,1,20366.6,0
4320,5856,1997-10,4280,1,10366.5,0
4320,5856,1997-11,4280,1,5203.9,0
4320,5856,1997-12,4280,1,18686.9,0
4320,5856,1998-01,4280,1,-1494.6,1
4320,5856,1998-02,4280,1,26212.5,0
4320,5856,1998-03,4280,1,80066.9,0
4320,5856,1998-04,4280,1,67924.7,0
4320,5856,1998-05,4280,1,38022.5,0
4320,5856,1998-06,4280,1,28159.4,0
4320,5856,1998-07,4280,1,48505.5,0
4320,5856,1998-08,4280,1,12139.4,0
97,4986,1997-09,8573,0,42270.9,0
97,4986,1997-10,8573,0,44830.0,0
97,4986,1997-11,8573,0,45602.0,0
97,4986,1997-12,8573,0,46383.4,0
97,4986,1998-01,8573,0,34594.6,0
97,4986,1998-02,8573,0,37920.4,0
97,4986,1998-03,8573,0,43563.0,0
97,4986,1998-04,8573,0,45925.9,0
97,4986,1998-05,8573,0,45996.5,0
97,4986,1998-06,8573,0,49802.7,0
97,4986,1998-07,8573,0,48990.8,0
97,4986,1998-08,8573,0,40446.8,0
9859,7001,1997-09,5010,0,31235.7,0
9859,7001,1997-10,5010,0,40310.0,0
9859,7001,1997-11,5010,0,52405.7,0
9859,7001,1997-12,5010,0,39557.5,0
9859,7001,1998-01,5010,0,31139.9,0
9859,7001,1998-02,5010,0,33653.5,0
9859,7001,1998-03,5010,0,32804.0,0
9859,7001,1998-04,5010,0,42197.5,0
9859,7001,1998-05,5010,0,46527.0,0
9859,7001,1998-06,5010,0,43916.5,0
9859,7001,1998-07,5010,0,41925.7,0
9859,7001,1998-08,5010,0,41722.1,0
9859,7001,1998-09,5010,0,35496.7,0
9859,7001,1998-10,5010,0,40891.5,0
9859,7001,1998-11,5010,0,41388.1,0
9859,7001,1998-12,5010,0,49075.4,0
9859,7001,1999-01,5010,0,49075.4,0
9859,7001,1999-02,5010,0,49075.4,0
9859,7001,1999-03,5010,0,49075.4,0
9859,7001,1999-04,5010,0,49075.4,0
9859,7001,1999-05,5010,0,49075.4,0
9859,7001,1999-06,5010,0,49075.4,0
9859,7001,1999-07,5010,0,49075.4,0
9859,7001,1999-08,5010,0,49075.4,0
9859,7001,1999-09,5010,0,49075.4,0
9859,7001,1999-10,5010,0,49075.4,0
9859,7001,1999-11,5010,0,49075.4,0
9859,7001,1999-12,5010,0,49075.4,0
9859,7001,2000-01,5010,0,49075.4,0
9859,7001,2000-02,5010,0,49075.4,0
9859,7001,2000-03,5010,0,49075.4,0
9859,7001,2000-04,5010,0,49075.4,0
9859,7001,2000-05,5010,0,49075.4,0
9859,7001,2000-06,5010,0,49075.4,0
9859,7001,2000-07,5010,0,49075.4,0
9859,7001,2000-08,5010,0,49075.4,0
9859,7001,2000-09,5010,0,49075.4,0
9859,7001,2000-10,5010,0,49075.4,0
9859,7001,2000-11,5010,0,49075.4,0
9859,7001,2000-12,5010,0,49075.4,0
9859,7001,2001-01,5010,0,49075.4,0
9859,7001,2001-02,5010,0,49075.4,0
9859,7001,2001-03,5010,0,49075.4,0
9859,7001,2001-04,5010,0,49075.4,0
9859,7001,2001-05,5010,0,49075.4,0
9859,7001,2001-06,5010,0,49075.4,0
9859,7001,2001-07,5010,0,49075.4,0
9859,7001,2001-08,5010,0,49075.4,0
9859,7001,2001-09,5010,0,49075.4,0
9859,7001,2001-10,5010,0,49075.4,0
9859,7001,2001-11,5010,0,49075.4,0
9859,7001,2001-12,5010,0,49075.4,0
9859,7001,2002-01,5010,0,49075.4,0
9859,7001,2002-02,5010,0,49075.4,0
9859,7001,2002-03,5010,0,49075.4,0
9859,7001,2002-04,5010,0,49075.4,0
9859,7001,2002-05,5010,0,49075.4,0
9859,7001,2002-06,5010,0,49075.4,0
9859,7001,2002-07,5010,0,49075.4,0
9859,7001,2002-08,5010,0,49075.4,0
8169,6677,1997-09,1633,0,15173.3,0
8169,6677,1997-10,1633,0,19181.6,0
8169,6677,1997-11,1633,0,17495.1,0
8169,6677,1997-12,1633,0,22924.0,0
8169,6677,1998-01,1633,0,15155.9,0
8169,6677,1998-02,1633,0,18962.3,0
8169,6677,1998-03,1633,0,20781.7,0
8169,6677,1998-04,1633,0,19601.8,0
8169,6677,1998-05,1633,0,21824.4,0
8169,6677,1998-06,1633,0,18933.6,0
8169,6677,1998-07,1633,0,16241.9,0
8169,6677,1998-08,1633,0,13752.6,0
8169,6677,1998-09,1633,0,16132.9,0
8169,6677,1998-10,1633,0,19843.9,0
8169,6677,1998-11,1633,0,23569.8,0
8169,6677,1998-12,1633,0,30328.7,0
8169,6677,1999-01,1633,0,30328.7,0
8169,6677,1999-02,1633,0,30328.7,0
8169,6677,1999-03,1633,0,30328.7,0
8169,6677,1999-04,1633,0,30328.7,0
8169,6677,1999-05,1633,0,30328.7,0
8169,6677,1999-06,1633,0,30328.7,0
8169,6677,1999-07,1633,0,30328.7,0
8169,6677,1999-08,1633,0,30328.7,0
8169,6677,1999-09,1633,0,30328.7,0
8169,6677,1999-10,1633,0,30328.7,0
8169,6677,1999-11,1633,0,30328.7,0
8169,6677,1999-12,1633,0,30328.7,0
8169,6677,2000-01,1633,0,30328.7,0
8169,6677,2000-02,1633,0,30328.7,0
8169,6677,2000-03,1633,0,30328.7,0
8169,6677,2000-04,1633,0,30328.7,0
8169,6677,2000-05,1633,0,30328.7,0
8169,6677,2000-06,1633,0,30328.7,0
8169,6677,2000-07,1633,0,30328.7,0
8169,6677,2000-08,1633,0,30328.7,0
8169,6677,2000-09,1633,0,30328.7,0
8169,6677,2000-10,1633,0,30328.7,0
8169,6677,2000-11,1633,0,30328.7,0
8169,6677,2000-12,1633,0,30328.7,0
8169,6677,2001-01,1633,0,30328.7,0
8169,6677,2001-02,1633,0,30328.7,0
8169,6677,2001-03,1633,0,30328.7,0
8169,6677,2001-04,1633,0,30328.7,0
8169,6677,2001-05,1633,0,30328.7,0
8169,6677,2001-06,1633,0,30328.7,0
8169,6677,2001-07,1633,0,30328.7,0
8169,6677,2001-08,1633,0,30328.7,0
8169,6677,2001-09,1633,0,30328.7,0
8169,6677,2001-10,1633,0,30328.7,0
8169,6677,2001-11,1633,0,30328.7,0
8169,6677,2001-12,1633,0,30328.7,0
8169,6677,2002-01,1633,0,30328.7,0
8169,6677,2002-02,1633,0,30328.7,0
8169,6677,2002-03,1633,0,30328.7,0
8169,6677,2002-04,1633,0,30328.7,0
8169,6677,2002-05,1633,0,30328.7,0
8169,6677,2002-06,1633,0,30328.7,0
8169,6677,2002-07,1633,0,30328.7,0
8169,6677,2002-08,1633,0,30328.7,0
8114,6665,1997-09,1655,0,32271.6,0
8114,6665,1997-10,1655,0,29452.0,0
8114,6665,1997-11,1655,0,34113.9,0
8114,6665,1997-12,1655,0,36262.2,0
8114,6665,1998-01,1655,0,28543.9,0
8114,6665,1998-02,1655,0,26872.0,0
8114,6665,1998-03,1655,0,27809.4,0
8114,6665,1998-04,1655,0,24836.5,0
8114,6665,1998-05,1655,0,35500.2,0
8114,6665,1998-06,1655,0,34915.9,0
8114,6665,1998-07,1655,0,20571.4,0
8114,6665,1998-08,1655,0,16611.3,0
8114,6665,1998-09,1655,0,27240.3,0
8114,6665,1998-10,1655,0,19003.3,0
8114,6665,1998-11,1655,0,29642.0,0
8114,6665,1998-12,1655,0,47755.1,0
8114,6665,1999-01,1655,0,47755.1,0
8114,6665,1999-02,1655,0,47755.1,0
8114,6665,1999-03,1655,0,47755.1,0
8114,6665,1999-04,1655,0,47755.1,0
8114,6665,1999-05,1655,0,47755.1,0
8114,6665,1999-06,1655,0,47755.1,0
8114,6665,1999-07,1655,0,47755.1,0
8114,6665,1999-08,1655,0,47755.1,0
8114,6665,1999-09,1655,0,47755.1,0
8114,6665,1999-10,1655,0,47755.1,0
8114,6665,1999-11,1655,0,47755.1,0
8114,6665,1999-12,1655,0,47755.1,0
8114,6665,2000-01,1655,0,47755.1,0
8114,6665,2000-02,1655,0,47755.1,0
8114,6665,2000-03,1655,0,47755.1,0
8114,6665,2000-04,1655,0,47755.1,0
8114,6665,2000-05,1655,0,47755.1,0
8114,6665,2000-06,1655,0,47755.1,0
8114,6665,2000-07,1655,0,47755.1,0
8114,6665,2000-08,1655,0,47755.1,0
8114,6665,2000-09,1655,0,47755.1,0
8114,6665,2000-10,1655,0,47755.1,0
8114,6665,2000-11,1655,0,47755.1,0
8114,6665,2000-12,1655,0,47755.1,0
8114,6665,2001-01,1655,0,47755.1,0
8114,6665,2001-02,1655,0,47755.1,0
8114,6665,2001-03,1655,0,47755.1,0
8114,6665,2001-04,1655,0,47755.1,0
8114,6665,2001-05,1655,0,47755.1,0
8114,6665,2001-06,1655,0,47755.1,0
8114,6665,2001-07,1655,0,47755.1,0
8114,6665,2001-08,1655,0,47755.1,0
8114,6665,2001-09,1655,0,47755.1,0
8114,6665,2001-10,1655,0,47755.1,0
8114,6665,2001-11,1655,0,47755.1,0
8114,6665,2001-12,1655,0,47755.1,0
8114,6665,2002-01,1655,0,47755.1,0
8114,6665,2002-02,1655,0,47755.1,0
8114,6665,2002-03,1655,0,47755.1,0
8114,6665,2002-04,1655,0,47755.1,0
8114,6665,2002-05,1655,0,47755.1,0
8114,6665,2002-06,1655,0,47755.1,0
8114,6665,2002-07,1655,0,47755.1,0
8114,6665,2002-08,1655,0,47755.1,0
4127,5817,1997-09,4200,1,-1924.8,1
4127,5817,1997-10,4200,1,-2251.6,1
4127,5817,1997-11,4200,1,-2581.8,1
4127,5817,1997-12,4200,1,-2915.3,1
4127,5817,1998-01,4200,1,-2929.9,1
4127,5817,1998-02,4200,1,11961.9,0
4127,5817,1998-03,4200,1,25265.3,0
4127,5817,1998-04,4200,1,18057.0,0
4127,5817,1998-05,4200,1,2482.7,1
4127,5817,1998-06,4200,1,2186.7,1
4127,5817,1998-07,4200,1,1889.5,1
4127,5817,1998-08,4200,1,1591.1,1
4127,5817,1998-09,4200,1,1291.4,1
4127,5817,1998-10,4200,1,990.3,1
4127,5817,1998-11,4200,1,688.0,1
4127,5817,1998-12,4200,1,384.4,1
4127,5817,1999-01,4200,1,384.4,1
4127,5817,1999-02,4200,1,384.4,1
4127,5817,1999-03,4200,1,384.4,1
4127,5817,1999-04,4200,1,384.4,1
4127,5817,1999-05,4200,1,384.4,1
4127,5817,1999-06,4200,1,384.4,1
4127,5817,1999-07,4200,1,384.4,1
4127,5817,1999-08,4200,1,384.4,1
9730,6984,1997-09,1934,0,25937.4,0
9730,6984,1997-10,1934,0,21976.2,0
9730,6984,1997-11,1934,0,18098.3,0
9730,6984,1997-12,1934,0,17143.4,0
9730,6984,1998-01,1934,0,13673.0,0
9730,6984,1998-02,1934,0,16263.6,0
9730,6984,1998-03,1934,0,12260.9,0
9730,6984,1998-04,1934,0,12317.7,0
9730,6984,1998-05,1934,0,10568.0,0
9730,6984,1998-06,1934,0,19709.2,0
9730,6984,1998-07,1934,0,23525.9,0
9730,6984,1998-08,1934,0,27358.4,0
9730,6984,1998-09,1934,0,28799.8,0
9730,6984,1998-10,1934,0,32654.3,0
9730,6984,1998-11,1934,0,30749.2,0
9730,6984,1998-12,1934,0,39012.1,0
9730,6984,1999-01,1934,0,39012.1,0
9730,6984,1999-02,1934,0,39012.1,0
9730,6984,1999-03,1934,0,39012.1,0
9730,6984,1999-04,1934,0,39012.1,0
9730,6984,1999-05,1934,0,39012.1,0
9730,6984,1999-06,1934,0,39012.1,0
9730,6984,1999-07,1934,0,39012.1,0
9730,6984,1999-08,1934,0,39012.1,0
9730,6984,1999-09,1934,0,39012.1,0
9730,6984,1999-10,1934,0,39012.1,0
9730,6984,1999-11,1934,0,39012.1,0
9730,6984,1999-12,1934,0,39012.1,0
9730,6984,2000-01,1934,0,39012.1,0
9730,6984,2000-02,1934,0,39012.1,0
9730,6984,2000-03,1934,0,39012.1,0
9730,6984,2000-04,1934,0,39012.1,0
9730,6984,2000-05,1934,0,39012.1,0
9730,6984,2000-06,1934,0,39012.1,0
9730,6984,2000-07,1934,0,39012.1,0
9730,6984,2000-08,1934,0,39012.1,0
9730,6984,2000-09,1934,0,39012.1,0
9730,6984,2000-10,1934,0,39012.1,0
9730,6984,2000-11,1934,0,39012.1,0
9730,6984,2000-12,1934,0,39012.1,0
9730,6984,2001-01,1934,0,39012.1,0
9730,6984,2001-02,1934,0,39012.1,0
9730,6984,2001-03,1934,0,39012.1,0
9730,6984,2001-04,1934,0,39012.1,0
9730,6984,2001-05,1934,0,39012.1,0
9730,6984,2001-06,1934,0,39012.1,0
9730,6984,2001-07,1934,0,39012.1,0
9730,6984,2001-08,1934,0,39012.1,0
9730,6984,2001-09,1934,0,39012.1,0
9730,6984,2001-10,1934,0,39012.1,0
9730,6984,2001-11,1934,0,39012.1,0
9730,6984,2001-12,1934,0,39012.1,0
9730,6984,2002-01,1934,0,39012.1,0
9730,6984,2002-02,1934,0,39012.1,0
9730,6984,2002-03,1934,0,39012.1,0
9730,6984,2002-04,1934,0,39012.1,0
9730,6984,2002-05,1934,0,39012.1,0
9730,6984,2002-06,1934,0,39012.1,0
9730,6984,2002-07,1934,0,39012.1,0
9730,6984,2002-08,1934,0,39012.1,0
7565,6541,1997-09,3198,0,16638.9,0
7565,6541,1997-10,3198,0,17836.8,0
7565,6541,1997-11,3198,0,15423.9,0
7565,6541,1997-12,3198,0,18709.2,0
7565,6541,1998-01,3198,0,24000.2,0
7565,6541,1998-02,3198,0,19107.1,0
7565,6541,1998-03,3198,0,28307.5,0
7565,6541,1998-04,3198,0,24743.4,0
7565,6541,1998-05,3198,0,20557.9,0
7565,6541,1998-06,3198,0,19066.0,0
7565,6541,1998-07,3198,0,28273.8,0
7565,6541,1998-08,3198,0,22587.6,0
7565,6541,1998-09,3198,0,18682.6,0
7565,6541,1998-10,3198,0,27888.4,0
7565,6541,1998-11,3198,0,37148.6,0
7565,6541,1998-12,3198,0,23779.0,0
7565,6541,1999-01,3198,0,23779.0,0
7565,6541,1999-02,3198,0,23779.0,0
7565,6541,1999-03,3198,0,23779.0,0
7565,6541,1999-04,3198,0,23779.0,0
7565,6541,1999-05,3198,0,23779.0,0
7565,6541,1999-06,3198,0,23779.0,0
7565,6541,1999-07,3198,0,23779.0,0
7565,6541,1999-08,3198,0,23779.0,0
7565,6541,1999-09,3198,0,23779.0,0
7565,6541,1999-10,3198,0,23779.0,0
7565,6541,1999-11,3198,0,23779.0,0
7565,6541,1999-12,3198,0,23779.0,0
7565,6541,2000-01,3198,0,23779.0,0
7565,6541,2000-02,3198,0,23779.0,0
7565,6541,2000-03,3198,0,23779.0,0
7565,6541,2000-04,3198,0,23779.0,0
7565,6541,2000-05,3198,0,23779.0,0
7565,6541,2000-06,3198,0,23779.0,0
7565,6541,2000-07,3198,0,23779.0,0
7565,6541,2000-08,3198,0,23779.0,0
7565,6541,2000-09,3198,0,23779.0,0
7565,6541,2000-10,3198,0,23779.0,0
7565,6541,2000-11,3198,0,23779.0,0
7565,6541,2000-12,3198,0,23779.0,0
7565,6541,2001-01,3198,0,23779.0,0
7565,6541,2001-02,3198,0,23779.0,0
7565,6541,2001-03,3198,0,23779.0,0
7565,6541,2001-04,3198,0,23779.0,0
7565,6541,2001-05,3198,0,23779.0,0
7565,6541,2001-06,3198,0,23779.0,0
7565,6541,2001-07,3198,0,23779.0,0
7565,6541,2001-08,3198,0,23779.0,0
718,5117,1997-09,6412,0,66574.0,0
718,5117,1997-10,6412,0,21706.4,0
718,5117,1997-11,6412,0,22616.5,0
718,5117,1997-12,6412,0,24875.4,0
718,5117,1998-01,6412,0,21520.2,0
718,5117,1998-02,6412,0,88868.7,0
718,5117,1998-03,6412,0,53857.4,0
718,5117,1998-04,6412,0,87301.1,0
718,5117,1998-05,6412,0,27702.1,0
718,5117,1998-06,6412,0,60557.4,0
718,5117,1998-07,6412,0,67070.7,0
718,5117,1998-08,6412,0,40204.7,0
5362,6097,1997-09,4226,0,39112.8,0
5362,6097,1997-10,4226,0,40807.1,0
5362,6097,1997-11,4226,0,42315.2,0
5362,6097,1997-12,4226,0,17405.9,0
5362,6097,1998-01,4226,0,14213.8,0
5362,6097,1998-02,4226,0,21023.3,0
5362,6097,1998-03,4226,0,11549.8,0
5362,6097,1998-04,4226,0,12047.4,0
5362,6097,1998-05,4226,0,12461.1,0
5362,6097,1998-06,4226,0,20277.1,0
5362,6097,1998-07,4226,0,16921.1,0
5362,6097,1998-08,4226,0,13749.0,0
5362,6097,1998-09,4226,0,11050.8,0
5362,6097,1998-10,4226,0,17847.9,0
5362,6097,1998-11,4226,0,23179.9,0
5362,6097,1998-12,4226,0,27713.2,0
5362,6097,1999-01,4226,0,27713.2,0
5362,6097,1999-02,4226,0,27713.2,0
5362,6097,1999-03,4226,0,27713.2,0
5362,6097,1999-04,4226,0,27713.2,0
5362,6097,1999-05,4226,0,27713.2,0
5362,6097,1999-06,4226,0,27713.2,0
5362,6097,1999-07,4226,0,27713.2,0
5362,6097,1999-08,4226,0,27713.2,0
5362,6097,1999-09,4226,0,27713.2,0
5362,6097,1999-10,4226,0,27713.2,0
5362,6097,1999-11,4226,0,27713.2,0
5362,6097,1999-12,4226,0,27713.2,0
5362,6097,2000-01,4226,0,27713.2,0
5362,6097,2000-02,4226,0,27713.2,0
5362,6097,2000-03,4226,0,27713.2,0
5362,6097,2000-04,4226,0,27713.2,0
5362,6097,2000-05,4226,0,27713.2,0
5362,6097,2000-06,4226,0,27713.2,0
5362,6097,2000-07,4226,0,27713.2,0
5362,6097,2000-08,4226,0,27713.2,0
5362,6097,2000-09,4226,0,27713.2,0
5362,6097,2000-10,4226,0,27713.2,0
5362,6097,2000-11,4226,0,27713.2,0
5362,6097,2000-12,4226,0,27713.2,0
5362,6097,2001-01,4226,0,27713.2,0
5362,6097,2001-02,4226,0,27713.2,0
5362,6097,2001-03,4226,0,27713.2,0
5362,6097,2001-04,4226,0,27713.2,0
5362,6097,2001-05,4226,0,27713.2,0
5362,6097,2001-06,4226,0,27713.2,0
5362,6097,2001-07,4226,0,27713.2,0
5362,6097,2001-08,4226,0,27713.2,0
2165,5389,1997-09,3275,0,28043.2,0
2165,5389,1997-10,3275,0,24617.9,0
2165,5389,1997-11,3275,0,31796.4,0
2165,5389,1997-12,3275,0,46650.8,0
2165,5389,1998-01,3275,0,25051.1,0
2165,5389,1998-02,3275,0,21093.0,0
2165,5389,1998-03,3275,0,29862.8,0
2165,5389,1998-04,3275,0,30742.0,0
2165,5389,1998-05,3275,0,32127.1,0
2165,5389,1998-06,3275,0,34852.4,0
2165,5389,1998-07,3275,0,26363.0,0
2165,5389,1998-08,3275,0,32044.2,0
2165,5389,1998-09,3275,0,23162.9,0
2165,5389,1998-10,3275,0,33358.0,0
2165,5389,1998-11,3275,0,28768.2,0
2165,5389,1998-12,3275,0,38703.1,0
2165,5389,1999-01,3275,0,38703.1,0
2165,5389,1999-02,3275,0,38703.1,0
2165,5389,1999-03,3275,0,38703.1,0
2165,5389,1999-04,3275,0,38703.1,0
2165,5389,1999-05,3275,0,38703.1,0
2165,5389,1999-06,3275,0,38703.1,0
2165,5389,1999-07,3275,0,38703.1,0
2165,5389,1999-08,3275,0,38703.1,0
10905,7219,1997-09,1190,0,40858.8,0
10905,7219,1997-10,1190,0,41763.1,0
10905,7219,1997-11,1190,0,45477.0,0
10905,7219,1997-12,1190,0,46720.7,0
10905,7219,1998-01,1190,0,38494.4,0
10905,7219,1998-02,1190,0,49116.3,0
10905,7219,1998-03,1190,0,45304.6,0
10905,7219,1998-04,1190,0,47730.1,0
10905,7219,1998-05,1190,0,42294.4,0
10905,7219,1998-06,1190,0,26951.6,0
10905,7219,1998-07,1190,0,44742.7,0
10905,7219,1998-08,1190,0,52979.8,0
10905,7219,1998-09,1190,0,52231.3,0
10905,7219,1998-10,1190,0,57390.7,0
10905,7219,1998-11,1190,0,60766.3,0
10905,7219,1998-12,1190,0,64537.5,0
10905,7219,1999-01,1190,0,64537.5,0
10905,7219,1999-02,1190,0,64537.5,0
10905,7219,1999-03,1190,0,64537.5,0
10905,7219,1999-04,1190,0,64537.5,0
10905,7219,1999-05,1190,0,64537.5,0
10905,7219,1999-06,1190,0,64537.5,0
10905,7219,1999-07,1190,0,64537.5,0
10905,7219,1999-08,1190,0,64537.5,0
10905,7219,1999-09,1190,0,64537.5,0
10905,7219,1999-10,1190,0,64537.5,0
10905,7219,1999-11,1190,0,64537.5,0
10905,7219,1999-12,1190,0,64537.5,0
10905,7219,2000-01,1190,0,64537.5,0
10905,7219,2000-02,1190,0,64537.5,0
10905,7219,2000-03,1190,0,64537.5,0
10905,7219,2000-04,1190,0,64537.5,0
10905,7219,2000-05,1190,0,64537.5,0
10905,7219,2000-06,1190,0,64537.5,0
10905,7219,2000-07,1190,0,64537.5,0
10905,7219,2000-08,1190,0,64537.5,0
10905,7219,2000-09,1190,0,64537.5,0
10905,7219,2000-10,1190,0,64537.5,0
10905,7219,2000-11,1190,0,64537.5,0
10905,7219,2000-12,1190,0,64537.5,0
10905,7219,2001-01,1190,0,64537.5,0
10905,7219,2001-02,1190,0,64537.5,0
10905,7219,2001-03,1190,0,64537.5,0
10905,7219,2001-04,1190,0,64537.5,0
10905,7219,2001-05,1190,0,64537.5,0
10905,7219,2001-06,1190,0,64537.5,0
10905,7219,2001-07,1190,0,64537.5,0
10905,7219,2001-08,1190,0,64537.5,0
6592,6338,1997-09,6511,0,100823.2,0
6592,6338,1997-10,6511,0,97719.1,0
6592,6338,1997-11,6511,0,72068.6,0
6592,6338,1997-12,6511,0,70646.2,0
6592,6338,1998-01,6511,0,29216.9,0
6592,6338,1998-02,6511,0,32481.5,0
6592,6338,1998-03,6511,0,52889.9,0
6592,6338,1998-04,6511,0,63979.1,0
6592,6338,1998-05,6511,0,54231.5,0
6592,6338,1998-06,6511,0,51384.9,0
6592,6338,1998-07,6511,0,83134.6,0
6592,6338,1998-08,6511,0,68938.6,0
6592,6338,1998-09,6511,0,75780.0,0
6592,6338,1998-10,6511,0,106586.2,0
6592,6338,1998-11,6511,0,62292.6,0
6592,6338,1998-12,6511,0,87956.2,0
6592,6338,1999-01,6511,0,87956.2,0
6592,6338,1999-02,6511,0,87956.2,0
6592,6338,1999-03,6511,0,87956.2,0
6592,6338,1999-04,6511,0,87956.2,0
6592,6338,1999-05,6511,0,87956.2,0
6592,6338,1999-06,6511,0,87956.2,0
6592,6338,1999-07,6511,0,87956.2,0
6592,6338,1999-08,6511,0,87956.2,0
6592,6338,1999-09,6511,0,87956.2,0
6592,6338,1999-10,6511,0,87956.2,0
6592,6338,1999-11,6511,0,87956.2,0
6592,6338,1999-12,6511,0,87956.2,0
6592,6338,2000-01,6511,0,87956.2,0
6592,6338,2000-02,6511,0,87956.2,0
6592,6338,2000-03,6511,0,87956.2,0
6592,6338,2000-04,6511,0,87956.2,0
6592,6338,2000-05,6511,0,87956.2,0
6592,6338,2000-06,6511,0,87956.2,0
6592,6338,2000-07,6511,0,87956.2,0
6592,6338,2000-08,6511,0,87956.2,0
6592,6338,2000-09,6511,0,87956.2,0
6592,6338,2000-10,6511,0,87956.2,0
6592,6338,2000-11,6511,0,87956.2,0
6592,6338,2000-12,6511,0,87956.2,0
6592,6338,2001-01,6511,0,87956.2,0
6592,6338,2001-02,6511,0,87956.2,0
6592,6338,2001-03,6511,0,87956.2,0
6592,6338,2001-04,6511,0,87956.2,0
6592,6338,2001-05,6511,0,87956.2,0
6592,6338,2001-06,6511,0,87956.2,0
6592,6338,2001-07,6511,0,87956.2,0
6592,6338,2001-08,6511,0,87956.2,0
6592,6338,2001-09,6511,0,87956.2,0
6592,6338,2001-10,6511,0,87956.2,0
6592,6338,2001-11,6511,0,87956.2,0
6592,6338,2001-12,6511,0,87956.2,0
6592,6338,2002-01,6511,0,87956.2,0
6592,6338,2002-02,6511,0,87956.2,0
6592,6338,2002-03,6511,0,87956.2,0
6592,6338,2002-04,6511,0,87956.2,0
6592,6338,2002-05,6511,0,87956.2,0
6592,6338,2002-06,6511,0,87956.2,0
6592,6338,2002-07,6511,0,87956.2,0
6592,6338,2002-08,6511,0,87956.2,0
9424,6922,1997-09,2323,0,23956.1,0
9424,6922,1997-10,2323,0,20216.7,0
9424,6922,1997-11,2323,0,13170.8,0
9424,6922,1997-12,2323,0,22531.7,0
9424,6922,1998-01,2323,0,12219.8,0
9424,6922,1998-02,2323,0,11921.1,0
9424,6922,1998-03,2323,0,20397.5,0
9424,6922,1998-04,2323,0,23103.0,0
9424,6922,1998-05,2323,0,18715.9,0
9424,6922,1998-06,2323,0,23494.0,0
9424,6922,1998-07,2323,0,20704.1,0
9424,6922,1998-08,2323,0,18442.1,0
9424,6922,1998-09,2323,0,19233.0,0
9424,6922,1998-10,2323,0,22229.9,0
9424,6922,1998-11,2323,0,25124.8,0
9424,6922,1998-12,2323,0,40314.3,0
9424,6922,1999-01,2323,0,40314.3,0
9424,6922,1999-02,2323,0,40314.3,0
9424,6922,1999-03,2323,0,40314.3,0
9424,6922,1999-04,2323,0,40314.3,0
9424,6922,1999-05,2323,0,40314.3,0
9424,6922,1999-06,2323,0,40314.3,0
9424,6922,1999-07,2323,0,40314.3,0
9424,6922,1999-08,2323,0,40314.3,0
9424,6922,1999-09,2323,0,40314.3,0
9424,6922,1999-10,2323,0,40314.3,0
9424,6922,1999-11,2323,0,40314.3,0
9424,6922,1999-12,2323,0,40314.3,0
9424,6922,2000-01,2323,0,40314.3,0
9424,6922,2000-02,2323,0,40314.3,0
9424,6922,2000-03,2323,0,40314.3,0
9424,6922,2000-04,2323,0,40314.3,0
9424,6922,2000-05,2323,0,40314.3,0
9424,6922,2000-06,2323,0,40314.3,0
9424,6922,2000-07,2323,0,40314.3,0
9424,6922,2000-08,2323,0,40314.3,0
2064,5367,1997-09,2323,0,24549.9,0
2064,5367,1997-10,2323,0,20813.0,0
2064,5367,1997-11,2323,0,13769.6,0
2064,5367,1997-12,2323,0,23133.0,0
2064,5367,1998-01,2323,0,12822.0,0
2064,5367,1998-02,2323,0,12525.8,0
2064,5367,1998-03,2323,0,21004.7,0
2064,5367,1998-04,2323,0,23712.7,0
2064,5367,1998-05,2323,0,19328.0,0
2064,5367,1998-06,2323,0,24108.6,0
2064,5367,1998-07,2323,0,21321.2,0
2064,5367,1998-08,2323,0,19061.7,0
2064,5367,1998-09,2323,0,19855.0,0
2064,5367,1998-10,2323,0,22854.4,0
2064,5367,1998-11,2323,0,25751.8,0
2064,5367,1998-12,2323,0,40943.8,0
2064,5367,1999-01,2323,0,40943.8,0
2064,5367,1999-02,2323,0,40943.8,0
2064,5367,1999-03,2323,0,40943.8,0
2064,5367,1999-04,2323,0,40943.8,0
2064,5367,1999-05,2323,0,40943.8,0
2064,5367,1999-06,2323,0,40943.8,0
2064,5367,1999-07,2323,0,40943.8,0
2064,5367,1999-08,2323,0,40943.8,0
2064,5367,1999-09,2323,0,40943.8,0
2064,5367,1999-10,2323,0,40943.8,0
2064,5367,1999-11,2323,0,40943.8,0
2064,5367,1999-12,2323,0,40943.8,0
2064,5367,2000-01,2323,0,40943.8,0
2064,5367,2000-02,2323,0,40943.8,0
2064,5367,2000-03,2323,0,40943.8,0
2064,5367,2000-04,2323,0,40943.8,0
2064,5367,2000-05,2323,0,40943.8,0
2064,5367,2000-06,2323,0,40943.8,0
2064,5367,2000-07,2323,0,40943.8,0
2064,5367,2000-08,2323,0,40943.8,0
3249,5638,1997-09,5677,0,19369.4,0
3249,5638,1997-10,5677,0,22345.8,0
3249,5638,1997-11,5677,0,36975.1,0
3249,5638,1997-12,5677,0,46707.1,0
3249,5638,1998-01,5677,0,33207.7,0
3249,5638,1998-02,5677,0,39554.0,0
3249,5638,1998-03,5677,0,36055.5,0
3249,5638,1998-04,5677,0,34655.0,0
3249,5638,1998-05,5677,0,34385.5,0
3249,5638,1998-06,5677,0,49898.5,0
3249,5638,1998-07,5677,0,45174.3,0
3249,5638,1998-08,5677,0,41333.5,0
4190,5830,1997-09,6763,0,42589.5,0
4190,5830,1997-10,6763,0,39880.6,0
4190,5830,1997-11,6763,0,41564.3,0
4190,5830,1997-12,6763,0,35641.8,0
4190,5830,1998-01,6763,0,19337.4,0
4190,5830,1998-02,6763,0,21335.0,0
4190,5830,1998-03,6763,0,21939.7,0
4190,5830,1998-04,6763,0,23247.0,0
4190,5830,1998-05,6763,0,19192.7,0
4190,5830,1998-06,6763,0,28129.1,0
4190,5830,1998-07,6763,0,26558.4,0
4190,5830,1998-08,6763,0,27485.3,0
4190,5830,1998-09,6763,0,25527.7,0
4190,5830,1998-10,6763,0,22399.4,0
4190,5830,1998-11,6763,0,21605.7,0
4190,5830,1998-12,6763,0,22073.7,0
4190,5830,1999-01,6763,0,22073.7,0
4190,5830,1999-02,6763,0,22073.7,0
4190,5830,1999-03,6763,0,22073.7,0
4190,5830,1999-04,6763,0,22073.7,0
4190,5830,1999-05,6763,0,22073.7,0
4190,5830,1999-06,6763,0,22073.7,0
4190,5830,1999-07,6763,0,22073.7,0
4190,5830,1999-08,6763,0,22073.7,0
4190,5830,1999-09,6763,0,22073.7,0
4190,5830,1999-10,6763,0,22073.7,0
4190,5830,1999-11,6763,0,22073.7,0
4190,5830,1999-12,6763,0,22073.7,0
4190,5830,2000-01,6763,0,22073.7,0
4190,5830,2000-02,6763,0,22073.7,0
4190,5830,2000-03,6763,0,22073.7,0
4190,5830,2000-04,6763,0,22073.7,0
4190,5830,2000-05,6763,0,22073.7,0
4190,5830,2000-06,6763,0,22073.7,0
4190,5830,2000-07,6763,0,22073.7,0
4190,5830,2000-08,6763,0,22073.7,0
4190,5830,2000-09,6763,0,22073.7,0
4190,5830,2000-10,6763,0,22073.7,0
4190,5830,2000-11,6763,0,22073.7,0
4190,5830,2000-12,6763,0,22073.7,0
4190,5830,2001-01,6763,0,22073.7,0
4190,5830,2001-02,6763,0,22073.7,0
4190,5830,2001-03,6763,0,22073.7,0
4190,5830,2001-04,6763,0,22073.7,0
4190,5830,2001-05,6763,0,22073.7,0
4190,5830,2001-06,6763,0,22073.7,0
4190,5830,2001-07,6763,0,22073.7,0
4190,5830,2001-08,6763,0,22073.7,0
4190,5830,2001-09,6763,0,22073.7,0
4190,5830,2001-10,6763,0,22073.7,0
4190,5830,2001-11,6763,0,22073.7,0
4190,5830,2001-12,6763,0,22073.7,0
4190,5830,2002-01,6763,0,22073.7,0
4190,5830,2002-02,6763,0,22073.7,0
4190,5830,2002-03,6763,0,22073.7,0
4190,5830,2002-04,6763,0,22073.7,0
4190,5830,2002-05,6763,0,22073.7,0
4190,5830,2002-06,6763,0,22073.7,0
4190,5830,2002-07,6763,0,22073.7,0
4190,5830,2002-08,6763,0,22073.7,0
1888,5338,1997-09,4780,1,21943.8,0
1888,5338,1997-10,4780,1,24958.5,0
1888,5338,1997-11,4780,1,26302.1,0
1888,5338,1997-12,4780,1,28856.0,0
1888,5338,1998-01,4780,1,-2423.7,1
1888,5338,1998-02,4780,1,10140.9,0
1888,5338,1998-03,4780,1,13911.2,0
1888,5338,1998-04,4780,1,17442.1,0
1888,5338,1998-05,4780,1,18137.3,0
1888,5338,1998-06,4780,1,4450.6,1
1888,5338,1998-07,4780,1,11767.8,0
1888,5338,1998-08,4780,1,13810.6,0
4949,6007,1997-09,6040,0,57104.2,0
4949,6007,1997-10,6040,0,56027.8,0
4949,6007,1997-11,6040,0,44549.2,0
4949,6007,1997-12,6040,0,39680.5,0
4949,6007,1998-01,6040,0,13553.9,0
4949,6007,1998-02,6040,0,54830.8,0
4949,6007,1998-03,6040,0,64275.3,0
4949,6007,1998-04,6040,0,81118.2,0
4949,6007,1998-05,6040,0,67506.0,0
4949,6007,1998-06,6040,0,48676.3,0
4949,6007,1998-07,6040,0,71204.2,0
4949,6007,1998-08,6040,0,63445.4,0
4949,6007,1998-09,6040,0,83157.2,0
4949,6007,1998-10,6040,0,97433.8,0
4949,6007,1998-11,6040,0,100734.2,0
4949,6007,1998-12,6040,0,64557.3,0
4949,6007,1999-01,6040,0,64557.3,0
4949,6007,1999-02,6040,0,64557.3,0
4949,6007,1999-03,6040,0,64557.3,0
4949,6007,1999-04,6040,0,64557.3,0
4949,6007,1999-05,6040,0,64557.3,0
4949,6007,1999-06,6040,0,64557.3,0
4949,6007,1999-07,6040,0,64557.3,0
4949,6007,1999-08,6040,0,64557.3,0
4949,6007,1999-09,6040,0,64557.3,0
4949,6007,1999-10,6040,0,64557.3,0
4949,6007,1999-11,6040,0,64557.3,0
4949,6007,1999-12,6040,0,64557.3,0
4949,6007,2000-01,6040,0,64557.3,0
4949,6007,2000-02,6040,0,64557.3,0
4949,6007,2000-03,6040,0,64557.3,0
4949,6007,2000-04,6040,0,64557.3,0
4949,6007,2000-05,6040,0,64557.3,0
4949,6007,2000-06,6040,0,64557.3,0
4949,6007,2000-07,6040,0,64557.3,0
4949,6007,2000-08,6040,0,64557.3,0
4949,6007,2000-09,6040,0,64557.3,0
4949,6007,2000-10,6040,0,64557.3,0
4949,6007,2000-11,6040,0,64557.3,0
4949,6007,2000-12,6040,0,64557.3,0
4949,6007,2001-01,6040,0,64557.3,0
4949,6007,2001-02,6040,0,64557.3,0
4949,6007,2001-03,6040,0,64557.3,0
4949,6007,2001-04,6040,0,64557.3,0
4949,6007,2001-05,6040,0,64557.3,0
4949,6007,2001-06,6040,0,64557.3,0
4949,6007,2001-07,6040,0,64557.3,0
4949,6007,2001-08,6040,0,64557.3,0
7907,6612,1997-09,8116,0,22336.3,0
7907,6612,1997-10,8116,0,20752.6,0
7907,6612,1997-11,8116,0,23871.4,0
7907,6612,1997-12,8116,0,37049.2,0
7907,6612,1998-01,8116,0,98379.1,0
7907,6612,1998-02,8116,0,88818.7,0
7907,6612,1998-03,8116,0,97593.8,0
7907,6612,1998-04,8116,0,82285.4,0
7907,6612,1998-05,8116,0,72973.4,0
7907,6612,1998-06,8116,0,86470.3,0
7907,6612,1998-07,8116,0,54944.8,0
7907,6612,1998-08,8116,0,89948.0,0
3637,5718,1997-09,1169,0,52622.3,0
3637,5718,1997-10,1169,0,56855.0,0
3637,5718,1997-11,1169,0,60202.5,0
3637,5718,1997-12,1169,0,57668.6,0
3637,5718,1998-01,1169,0,47732.6,0
3637,5718,1998-02,1169,0,53545.6,0
3637,5718,1998-03,1169,0,55597.2,0
3637,5718,1998-04,1169,0,61042.7,0
3637,5718,1998-05,1169,0,64305.7,0
3637,5718,1998-06,1169,0,55754.9,0
3637,5718,1998-07,1169,0,57992.3,0
3637,5718,1998-08,1169,0,59235.4,0
3637,5718,1998-09,1169,0,61071.3,0
5395,6104,1997-10,4394,0,27206.3,0
5395,6104,1997-11,4394,0,51040.3,0
5395,6104,1997-12,4394,0,32501.4,0
5395,6104,1998-01,4394,0,33132.1,0
5395,6104,1998-02,4394,0,103143.9,0
5395,6104,1998-03,4394,0,69604.4,0
5395,6104,1998-04,4394,0,52347.6,0
5395,6104,1998-05,4394,0,30048.8,0
5395,6104,1998-06,4394,0,70928.3,0
5395,6104,1998-07,4394,0,75774.4,0
5395,6104,1998-08,4394,0,44307.0,0
5395,6104,1998-09,4394,0,77884.0,0
5395,6104,1998-10,4394,0,76453.1,0
5395,6104,1998-11,4394,0,38962.8,0
5395,6104,1998-12,4394,0,37970.1,0
5395,6104,1999-01,4394,0,37970.1,0
5395,6104,1999-02,4394,0,37970.1,0
5395,6104,1999-03,4394,0,37970.1,0
5395,6104,1999-04,4394,0,37970.1,0
5395,6104,1999-05,4394,0,37970.1,0
5395,6104,1999-06,4394,0,37970.1,0
5395,6104,1999-07,4394,0,37970.1,0
5395,6104,1999-08,4394,0,37970.1,0
5395,6104,1999-09,4394,0,37970.1,0
5395,6104,1999-10,4394,0,37970.1,0
5395,6104,1999-11,4394,0,37970.1,0
5395,6104,1999-12,4394,0,37970.1,0
5395,6104,2000-01,4394,0,37970.1,0
5395,6104,2000-02,4394,0,37970.1,0
5395,6104,2000-03,4394,0,37970.1,0
5395,6104,2000-04,4394,0,37970.1,0
5395,6104,2000-05,4394,0,37970.1,0
5395,6104,2000-06,4394,0,37970.1,0
5395,6104,2000-07,4394,0,37970.1,0
5395,6104,2000-08,4394,0,37970.1,0
5395,6104,2000-09,4394,0,37970.1,0
1329,5229,1997-10,1960,0,13423.9,0
1329,5229,1997-11,1960,0,11314.1,0
1329,5229,1997-12,1960,0,14996.6,0
1329,5229,1998-01,1960,0,15099.4,0
1329,5229,1998-02,1960,0,19818.7,0
1329,5229,1998-03,1960,0,19441.7,0
1329,5229,1998-04,1960,0,16655.7,0
1329,5229,1998-05,1960,0,14860.9,0
1329,5229,1998-06,1960,0,18559.0,0
1329,5229,1998-07,1960,0,13561.8,0
1329,5229,1998-08,1960,0,10247.5,0
1329,5229,1998-09,1960,0,8488.0,0
7966,6625,1997-10,7888,1,36477.9,0
7966,6625,1997-11,7888,1,24709.3,0
7966,6625,1997-12,7888,1,12298.2,0
7966,6625,1998-01,7888,1,101415.9,0
7966,6625,1998-02,7888,1,56677.4,0
7966,6625,1998-03,7888,1,27844.2,0
7966,6625,1998-04,7888,1,84279.9,0
7966,6625,1998-05,7888,1,37754.2,0
7966,6625,1998-06,7888,1,28383.4,0
7966,6625,1998-07,7888,1,26394.4,0
7966,6625,1998-08,7888,1,14571.1,0
7966,6625,1998-09,7888,1,39001.3,0
7966,6625,1998-10,7888,1,9862.2,0
7966,6625,1998-11,7888,1,27300.5,0
7966,6625,1998-12,7888,1,27502.5,0
7966,6625,1999-01,7888,1,27502.5,0
7966,6625,1999-02,7888,1,27502.5,0
7966,6625,1999-03,7888,1,27502.5,0
7966,6625,1999-04,7888,1,27502.5,0
7966,6625,1999-05,7888,1,27502.5,0
7966,6625,1999-06,7888,1,27502.5,0
7966,6625,1999-07,7888,1,27502.5,0
7966,6625,1999-08,7888,1,27502.5,0
7966,6625,1999-09,7888,1,27502.5,0
7966,6625,1999-10,7888,1,27502.5,0
7966,6625,1999-11,7888,1,27502.5,0
7966,6625,1999-12,7888,1,27502.5,0
7966,6625,2000-01,7888,1,27502.5,0
7966,6625,2000-02,7888,1,27502.5,0
7966,6625,2000-03,7888,1,27502.5,0
7966,6625,2000-04,7888,1,27502.5,0
7966,6625,2000-05,7888,1,27502.5,0
7966,6625,2000-06,7888,1,27502.5,0
7966,6625,2000-07,7888,1,27502.5,0
7966,6625,2000-08,7888,1,27502.5,0
7966,6625,2000-09,7888,1,27502.5,0
7966,6625,2000-10,7888,1,27502.5,0
7966,6625,2000-11,7888,1,27502.5,0
7966,6625,2000-12,7888,1,27502.5,0
7966,6625,2001-01,7888,1,27502.5,0
7966,6625,2001-02,7888,1,27502.5,0
7966,6625,2001-03,7888,1,27502.5,0
7966,6625,2001-04,7888,1,27502.5,0
7966,6625,2001-05,7888,1,27502.5,0
7966,6625,2001-06,7888,1,27502.5,0
7966,6625,2001-07,7888,1,27502.5,0
7966,6625,2001-08,7888,1,27502.5,0
7966,6625,2001-09,7888,1,27502.5,0
7966,6625,2001-10,7888,1,27502.5,0
7966,6625,2001-11,7888,1,27502.5,0
7966,6625,2001-12,7888,1,27502.5,0
7966,6625,2002-01,7888,1,27502.5,0
7966,6625,2002-02,7888,1,27502.5,0
7966,6625,2002-03,7888,1,27502.5,0
7966,6625,2002-04,7888,1,27502.5,0
7966,6625,2002-05,7888,1,27502.5,0
7966,6625,2002-06,7888,1,27502.5,0
7966,6625,2002-07,7888,1,27502.5,0
7966,6625,2002-08,7888,1,27502.5,0
7966,6625,2002-09,7888,1,27502.5,0
1242,5206,1997-10,5356,0,41901.2,0
1242,5206,1997-11,5356,0,61528.2,0
1242,5206,1997-12,5356,0,36911.9,0
1242,5206,1998-01,5356,0,53859.3,0
1242,5206,1998-02,5356,0,39225.9,0
1242,5206,1998-03,5356,0,62696.3,0
1242,5206,1998-04,5356,0,78703.7,0
1242,5206,1998-05,5356,0,98170.6,0
1242,5206,1998-06,5356,0,55555.0,0
1242,5206,1998-07,5356,0,59129.1,0
1242,5206,1998-08,5356,0,91611.5,0
1242,5206,1998-09,5356,0,72036.7,0
1242,5206,1998-10,5356,0,56295.2,0
1242,5206,1998-11,5356,0,46206.3,0
1242,5206,1998-12,5356,0,32271.1,0
1242,5206,1999-01,5356,0,32271.1,0
1242,5206,1999-02,5356,0,32271.1,0
1242,5206,1999-03,5356,0,32271.1,0
1242,5206,1999-04,5356,0,32271.1,0
1242,5206,1999-05,5356,0,32271.1,0
1242,5206,1999-06,5356,0,32271.1,0
1242,5206,1999-07,5356,0,32271.1,0
1242,5206,1999-08,5356,0,32271.1,0
1242,5206,1999-09,5356,0,32271.1,0
4746,5963,1997-10,3413,0,87980.1,0
4746,5963,1997-11,3413,0,101376.8,0
4746,5963,1997-12,3413,0,99880.5,0
4746,5963,1998-01,3413,0,39360.5,0
4746,5963,1998-02,3413,0,35567.8,0
4746,5963,1998-03,3413,0,48122.5,0
4746,5963,1998-04,3413,0,28955.1,0
4746,5963,1998-05,3413,0,31624.8,0
4746,5963,1998-06,3413,0,25615.8,0
4746,5963,1998-07,3413,0,39398.1,0
4746,5963,1998-08,3413,0,93652.2,0
4746,5963,1998-09,3413,0,91363.2,0
4746,5963,1998-10,3413,0,46222.6,0
4746,5963,1998-11,3413,0,61102.0,0
4746,5963,1998-12,3413,0,60710.8,0
4746,5963,1999-01,3413,0,60710.8,0
4746,5963,1999-02,3413,0,60710.8,0
4746,5963,1999-03,3413,0,60710.8,0
4746,5963,1999-04,3413,0,60710.8,0
4746,5963,1999-05,3413,0,60710.8,0
4746,5963,1999-06,3413,0,60710.8,0
4746,5963,1999-07,3413,0,60710.8,0
4746,5963,1999-08,3413,0,60710.8,0
4746,5963,1999-09,3413,0,60710.8,0
4746,5963,1999-10,3413,0,60710.8,0
4746,5963,1999-11,3413,0,60710.8,0
4746,5963,1999-12,3413,0,60710.8,0
4746,5963,2000-01,3413,0,60710.8,0
4746,5963,2000-02,3413,0,60710.8,0
4746,5963,2000-03,3413,0,60710.8,0
4746,5963,2000-04,3413,0,60710.8,0
4746,5963,2000-05,3413,0,60710.8,0
4746,5963,2000-06,3413,0,60710.8,0
4746,5963,2000-07,3413,0,60710.8,0
4746,5963,2000-08,3413,0,60710.8,0
4746,5963,2000-09,3413,0,60710.8,0
4746,5963,2000-10,3413,0,60710.8,0
4746,5963,2000-11,3413,0,60710.8,0
4746,5963,2000-12,3413,0,60710.8,0
4746,5963,2001-01,3413,0,60710.8,0
4746,5963,2001-02,3413,0,60710.8,0
4746,5963,2001-03,3413,0,60710.8,0
4746,5963,2001-04,3413,0,60710.8,0
4746,5963,2001-05,3413,0,60710.8,0
4746,5963,2001-06,3413,0,60710.8,0
4746,5963,2001-07,3413,0,60710.8,0
4746,5963,2001-08,3413,0,60710.8,0
4746,5963,2001-09,3413,0,60710.8,0
4746,5963,2001-10,3413,0,60710.8,0
4746,5963,2001-11,3413,0,60710.8,0
4746,5963,2001-12,3413,0,60710.8,0
4746,5963,2002-01,3413,0,60710.8,0
4746,5963,2002-02,3413,0,60710.8,0
4746,5963,2002-03,3413,0,60710.8,0
4746,5963,2002-04,3413,0,60710.8,0
4746,5963,2002-05,3413,0,60710.8,0
4746,5963,2002-06,3413,0,60710.8,0
4746,5963,2002-07,3413,0,60710.8,0
4746,5963,2002-08,3413,0,60710.8,0
4746,5963,2002-09,3413,0,60710.8,0
110,4990,1997-10,4516,0,54855.5,0
110,4990,1997-11,4516,0,49956.8,0
110,4990,1997-12,4516,0,65874.3,0
110,4990,1998-01,4516,0,45152.6,0
110,4990,1998-02,4516,0,53107.3,0
110,4990,1998-03,4516,0,55280.1,0
110,4990,1998-04,4516,0,56257.5,0
110,4990,1998-05,4516,0,52525.1,0
110,4990,1998-06,4516,0,23616.7,0
110,4990,1998-07,4516,0,42729.0,0
110,4990,1998-08,4516,0,49212.9,0
110,4990,1998-09,4516,0,55176.7,0
110,4990,1998-10,4516,0,58055.2,0
110,4990,1998-11,4516,0,58237.4,0
110,4990,1998-12,4516,0,73880.9,0
110,4990,1999-01,4516,0,73880.9,0
110,4990,1999-02,4516,0,73880.9,0
110,4990,1999-03,4516,0,73880.9,0
110,4990,1999-04,4516,0,73880.9,0
110,4990,1999-05,4516,0,73880.9,0
110,4990,1999-06,4516,0,73880.9,0
110,4990,1999-07,4516,0,73880.9,0
110,4990,1999-08,4516,0,73880.9,0
110,4990,1999-09,4516,0,73880.9,0
110,4990,1999-10,4516,0,73880.9,0
110,4990,1999-11,4516,0,73880.9,0
110,4990,1999-12,4516,0,73880.9,0
110,4990,2000-01,4516,0,73880.9,0
110,4990,2000-02,4516,0,73880.9,0
110,4990,2000-03,4516,0,73880.9,0
110,4990,2000-04,4516,0,73880.9,0
110,4990,2000-05,4516,0,73880.9,0
110,4990,2000-06,4516,0,73880.9,0
110,4990,2000-07,4516,0,73880.9,0
110,4990,2000-08,4516,0,73880.9,0
110,4990,2000-09,4516,0,73880.9,0
8026,6641,1997-10,3563,0,51153.4,0
8026,6641,1997-11,3563,0,51348.9,0
8026,6641,1997-12,3563,0,59042.6,0
8026,6641,1998-01,3563,0,51971.0,0
8026,6641,1998-02,3563,0,56373.0,0
8026,6641,1998-03,3563,0,57091.0,0
8026,6641,1998-04,3563,0,63219.7,0
8026,6641,1998-05,3563,0,57549.2,0
8026,6641,1998-06,3563,0,47335.8,0
8026,6641,1998-07,3563,0,56328.6,0
8026,6641,1998-08,3563,0,67361.1,0
8026,6641,1998-09,3563,0,69316.2,0
8026,6641,1998-10,3563,0,74787.8,0
8026,6641,1998-11,3563,0,74766.1,0
8026,6641,1998-12,3563,0,72510.9,0
8026,6641,1999-01,3563,0,72510.9,0
8026,6641,1999-02,3563,0,72510.9,0
8026,6641,1999-03,3563,0,72510.9,0
8026,6641,1999-04,3563,0,72510.9,0
8026,6641,1999-05,3563,0,72510.9,0
8026,6641,1999-06,3563,0,72510.9,0
8026,6641,1999-07,3563,0,72510.9,0
8026,6641,1999-08,3563,0,72510.9,0
8026,6641,1999-09,3563,0,72510.9,0
8026,6641,1999-10,3563,0,72510.9,0
8026,6641,1999-11,3563,0,72510.9,0
8026,6641,1999-12,3563,0,72510.9,0
8026,6641,2000-01,3563,0,72510.9,0
8026,6641,2000-02,3563,0,72510.9,0
8026,6641,2000-03,3563,0,72510.9,0
8026,6641,2000-04,3563,0,72510.9,0
8026,6641,2000-05,3563,0,72510.9,0
8026,6641,2000-06,3563,0,72510.9,0
8026,6641,2000-07,3563,0,72510.9,0
8026,6641,2000-08,3563,0,72510.9,0
8026,6641,2000-09,3563,0,72510.9,0
2080,5369,1997-10,5961,0,52494.9,0
2080,5369,1997-11,5961,0,56104.8,0
2080,5369,1997-12,5961,0,54904.9,0
2080,5369,1998-01,5961,0,43092.2,0
2080,5369,1998-02,5961,0,44909.9,0
2080,5369,1998-03,5961,0,49965.0,0
2080,5369,1998-04,5961,0,53636.3,0
2080,5369,1998-05,5961,0,42785.8,0
2080,5369,1998-06,5961,0,44301.6,0
2080,5369,1998-07,5961,0,22918.8,0
2080,5369,1998-08,5961,0,42601.4,0
2080,5369,1998-09,5961,0,44040.7,0
2080,5369,1998-10,5961,0,44077.8,0
2080,5369,1998-11,5961,0,32027.0,0
2080,5369,1998-12,5961,0,86688.2,0
2080,5369,1999-01,5961,0,86688.2,0
2080,5369,1999-02,5961,0,86688.2,0
2080,5369,1999-03,5961,0,86688.2,0
2080,5369,1999-04,5961,0,86688.2,0
2080,5369,1999-05,5961,0,86688.2,0
2080,5369,1999-06,5961,0,86688.2,0
2080,5369,1999-07,5961,0,86688.2,0
2080,5369,1999-08,5961,0,86688.2,0
2080,5369,1999-09,5961,0,86688.2,0
2080,5369,1999-10,5961,0,86688.2,0
2080,5369,1999-11,5961,0,86688.2,0
2080,5369,1999-12,5961,0,86688.2,0
2080,5369,2000-01,5961,0,86688.2,0
2080,5369,2000-02,5961,0,86688.2,0
2080,5369,2000-03,5961,0,86688.2,0
2080,5369,2000-04,5961,0,86688.2,0
2080,5369,2000-05,5961,0,86688.2,0
2080,5369,2000-06,5961,0,86688.2,0
2080,5369,2000-07,5961,0,86688.2,0
2080,5369,2000-08,5961,0,86688.2,0
2080,5369,2000-09,5961,0,86688.2,0
5837,6196,1997-10,4939,0,38057.8,0
5837,6196,1997-11,4939,0,24813.4,0
5837,6196,1997-12,4939,0,21255.1,0
5837,6196,1998-01,4939,0,26102.1,0
5837,6196,1998-02,4939,0,34978.5,0
5837,6196,1998-03,4939,0,46018.0,0
5837,6196,1998-04,4939,0,47759.4,0
5837,6196,1998-05,4939,0,50310.2,0
5837,6196,1998-06,4939,0,72908.9,0
5837,6196,1998-07,4939,0,85227.0,0
5837,6196,1998-08,4939,0,92621.5,0
5837,6196,1998-09,4939,0,69992.2,0
5837,6196,1998-10,4939,0,58096.5,0
5837,6196,1998-11,4939,0,49560.6,0
5837,6196,1998-12,4939,0,32882.0,0
5837,6196,1999-01,4939,0,32882.0,0
5837,6196,1999-02,4939,0,32882.0,0
5837,6196,1999-03,4939,0,32882.0,0
5837,6196,1999-04,4939,0,32882.0,0
5837,6196,1999-05,4939,0,32882.0,0
5837,6196,1999-06,4939,0,32882.0,0
5837,6196,1999-07,4939,0,32882.0,0
5837,6196,1999-08,4939,0,32882.0,0
5837,6196,1999-09,4939,0,32882.0,0
5837,6196,1999-10,4939,0,32882.0,0
5837,6196,1999-11,4939,0,32882.0,0
5837,6196,1999-12,4939,0,32882.0,0
5837,6196,2000-01,4939,0,32882.0,0
5837,6196,2000-02,4939,0,32882.0,0
5837,6196,2000-03,4939,0,32882.0,0
5837,6196,2000-04,4939,0,32882.0,0
5837,6196,2000-05,4939,0,32882.0,0
5837,6196,2000-06,4939,0,32882.0,0
5837,6196,2000-07,4939,0,32882.0,0
5837,6196,2000-08,4939,0,32882.0,0
5837,6196,2000-09,4939,0,32882.0,0
1374,5236,1997-10,8107,0,29812.2,0
1374,5236,1997-11,8107,0,48832.9,0
1374,5236,1997-12,8107,0,33257.8,0
1374,5236,1998-01,8107,0,41262.2,0
1374,5236,1998-02,8107,0,54365.6,0
1374,5236,1998-03,8107,0,57773.0,0
1374,5236,1998-04,8107,0,34200.1,0
1374,5236,1998-05,8107,0,45936.6,0
1374,5236,1998-06,8107,0,14505.6,0
1374,5236,1998-07,8107,0,30536.6,0
1374,5236,1998-08,8107,0,47548.6,0
1374,5236,1998-09,8107,0,21281.0,0
1374,5236,1998-10,8107,0,33637.5,0
1374,5236,1998-11,8107,0,34083.8,0
1374,5236,1998-12,8107,0,37248.0,0
1374,5236,1999-01,8107,0,37248.0,0
1374,5236,1999-02,8107,0,37248.0,0
1374,5236,1999-03,8107,0,37248.0,0
1374,5236,1999-04,8107,0,37248.0,0
1374,5236,1999-05,8107,0,37248.0,0
1374,5236,1999-06,8107,0,37248.0,0
1374,5236,1999-07,8107,0,37248.0,0
1374,5236,1999-08,8107,0,37248.0,0
1374,5236,1999-09,8107,0,37248.0,0
1374,5236,1999-10,8107,0,37248.0,0
1374,5236,1999-11,8107,0,37248.0,0
1374,5236,1999-12,8107,0,37248.0,0
1374,5236,2000-01,8107,0,37248.0,0
1374,5236,2000-02,8107,0,37248.0,0
1374,5236,2000-03,8107,0,37248.0,0
1374,5236,2000-04,8107,0,37248.0,0
1374,5236,2000-05,8107,0,37248.0,0
1374,5236,2000-06,8107,0,37248.0,0
1374,5236,2000-07,8107,0,37248.0,0
1374,5236,2000-08,8107,0,37248.0,0
1374,5236,2000-09,8107,0,37248.0,0
1374,5236,2000-10,8107,0,37248.0,0
1374,5236,2000-11,8107,0,37248.0,0
1374,5236,2000-12,8107,0,37248.0,0
1374,5236,2001-01,8107,0,37248.0,0
1374,5236,2001-02,8107,0,37248.0,0
1374,5236,2001-03,8107,0,37248.0,0
1374,5236,2001-04,8107,0,37248.0,0
1374,5236,2001-05,8107,0,37248.0,0
1374,5236,2001-06,8107,0,37248.0,0
1374,5236,2001-07,8107,0,37248.0,0
1374,5236,2001-08,8107,0,37248.0,0
1374,5236,2001-09,8107,0,37248.0,0
3664,5719,1997-10,5658,0,72822.4,0
3664,5719,1997-11,5658,0,91293.3,0
3664,5719,1997-12,5658,0,96322.3,0
3664,5719,1998-01,5658,0,80629.5,0
3664,5719,1998-02,5658,0,54273.6,0
3664,5719,1998-03,5658,0,89474.4,0
3664,5719,1998-04,5658,0,68400.3,0
3664,5719,1998-05,5658,0,63229.3,0
3664,5719,1998-06,5658,0,38172.4,0
3664,5719,1998-07,5658,0,39813.0,0
3664,5719,1998-08,5658,0,83346.3,0
3664,5719,1998-09,5658,0,89893.7,0
3664,5719,1998-10,5658,0,60502.9,0
3664,5719,1998-11,5658,0,42643.2,0
3664,5719,1998-12,5658,0,73355.4,0
3664,5719,1999-01,5658,0,73355.4,0
3664,5719,1999-02,5658,0,73355.4,0
3664,5719,1999-03,5658,0,73355.4,0
3664,5719,1999-04,5658,0,73355.4,0
3664,5719,1999-05,5658,0,73355.4,0
3664,5719,1999-06,5658,0,73355.4,0
3664,5719,1999-07,5658,0,73355.4,0
3664,5719,1999-08,5658,0,73355.4,0
3664,5719,1999-09,5658,0,73355.4,0
3664,5719,1999-10,5658,0,73355.4,0
3664,5719,1999-11,5658,0,73355.4,0
3664,5719,1999-12,5658,0,73355.4,0
3664,5719,2000-01,5658,0,73355.4,0
3664,5719,2000-02,5658,0,73355.4,0
3664,5719,2000-03,5658,0,73355.4,0
3664,5719,2000-04,5658,0,73355.4,0
3664,5719,2000-05,5658,0,73355.4,0
3664,5719,2000-06,5658,0,73355.4,0
3664,5719,2000-07,5658,0,73355.4,0
3664,5719,2000-08,5658,0,73355.4,0
3664,5719,2000-09,5658,0,73355.4,0
3664,5719,2000-10,5658,0,73355.4,0
3664,5719,2000-11,5658,0,73355.4,0
3664,5719,2000-12,5658,0,73355.4,0
3664,5719,2001-01,5658,0,73355.4,0
3664,5719,2001-02,5658,0,73355.4,0
3664,5719,2001-03,5658,0,73355.4,0
3664,5719,2001-04,5658,0,73355.4,0
3664,5719,2001-05,5658,0,73355.4,0
3664,5719,2001-06,5658,0,73355.4,0
3664,5719,2001-07,5658,0,73355.4,0
3664,5719,2001-08,5658,0,73355.4,0
3664,5719,2001-09,5658,0,73355.4,0
3273,5643,1997-10,7876,1,22459.8,0
3273,5643,1997-11,7876,1,26370.2,0
3273,5643,1997-12,7876,1,-3317.4,1
3273,5643,1998-01,7876,1,-5510.2,1
3273,5643,1998-02,7876,1,6473.9,1
3273,5643,1998-03,7876,1,12297.2,0
3273,5643,1998-04,7876,1,15408.6,0
3273,5643,1998-05,7876,1,16355.4,0
3273,5643,1998-06,7876,1,-1508.2,1
3273,5643,1998-07,7876,1,5066.0,1
3273,5643,1998-08,7876,1,2874.5,1
3273,5643,1998-09,7876,1,-5654.4,1
10065,7050,1997-10,6484,0,60248.1,0
10065,7050,1997-11,6484,0,83713.7,0
10065,7050,1997-12,6484,0,49911.3,0
10065,7050,1998-01,6484,0,100588.4,0
10065,7050,1998-02,6484,0,62498.2,0
10065,7050,1998-03,6484,0,38473.0,0
10065,7050,1998-04,6484,0,64536.2,0
10065,7050,1998-05,6484,0,79414.2,0
10065,7050,1998-06,6484,0,67277.1,0
10065,7050,1998-07,6484,0,51735.8,0
10065,7050,1998-08,6484,0,42218.7,0
10065,7050,1998-09,6484,0,87498.6,0
10065,7050,1998-10,6484,0,62715.2,0
10065,7050,1998-11,6484,0,76665.6,0
10065,7050,1998-12,6484,0,93433.2,0
10065,7050,1999-01,6484,0,93433.2,0
10065,7050,1999-02,6484,0,93433.2,0
10065,7050,1999-03,6484,0,93433.2,0
10065,7050,1999-04,6484,0,93433.2,0
10065,7050,1999-05,6484,0,93433.2,0
10065,7050,1999-06,6484,0,93433.2,0
10065,7050,1999-07,6484,0,93433.2,0
10065,7050,1999-08,6484,0,93433.2,0
10065,7050,1999-09,6484,0,93433.2,0
10065,7050,1999-10,6484,0,93433.2,0
10065,7050,1999-11,6484,0,93433.2,0
10065,7050,1999-12,6484,0,93433.2,0
10065,7050,2000-01,6484,0,93433.2,0
10065,7050,2000-02,6484,0,93433.2,0
10065,7050,2000-03,6484,0,93433.2,0
10065,7050,2000-04,6484,0,93433.2,0
10065,7050,2000-05,6484,0,93433.2,0
10065,7050,2000-06,6484,0,93433.2,0
10065,7050,2000-07,6484,0,93433.2,0
10065,7050,2000-08,6484,0,93433.2,0
10065,7050,2000-09,6484,0,93433.2,0
10065,7050,2000-10,6484,0,93433.2,0
10065,7050,2000-11,6484,0,93433.2,0
10065,7050,2000-12,6484,0,93433.2,0
10065,7050,2001-01,6484,0,93433.2,0
10065,7050,2001-02,6484,0,93433.2,0
10065,7050,2001-03,6484,0,93433.2,0
10065,7050,2001-04,6484,0,93433.2,0
10065,7050,2001-05,6484,0,93433.2,0
10065,7050,2001-06,6484,0,93433.2,0
10065,7050,2001-07,6484,0,93433.2,0
10065,7050,2001-08,6484,0,93433.2,0
10065,7050,2001-09,6484,0,93433.2,0
6699,6355,1997-10,2650,0,39328.9,0
6699,6355,1997-11,2650,0,47646.3,0
6699,6355,1997-12,2650,0,49946.9,0
6699,6355,1998-01,2650,0,42344.1,0
6699,6355,1998-02,2650,0,48357.3,0
6699,6355,1998-03,2650,0,44407.5,0
6699,6355,1998-04,2650,0,38678.9,0
6699,6355,1998-05,2650,0,43956.6,0
6699,6355,1998-06,2650,0,53051.6,0
6699,6355,1998-07,2650,0,45454.3,0
6699,6355,1998-08,2650,0,45764.5,0
6699,6355,1998-09,2650,0,45577.3,0
6699,6355,1998-10,2650,0,55809.5,0
6699,6355,1998-11,2650,0,60980.5,0
6699,6355,1998-12,2650,0,37531.4,0
6699,6355,1999-01,2650,0,37531.4,0
6699,6355,1999-02,2650,0,37531.4,0
6699,6355,1999-03,2650,0,37531.4,0
6699,6355,1999-04,2650,0,37531.4,0
6699,6355,1999-05,2650,0,37531.4,0
6699,6355,1999-06,2650,0,37531.4,0
6699,6355,1999-07,2650,0,37531.4,0
6699,6355,1999-08,2650,0,37531.4,0
6699,6355,1999-09,2650,0,37531.4,0
6699,6355,1999-10,2650,0,37531.4,0
6699,6355,1999-11,2650,0,37531.4,0
6699,6355,1999-12,2650,0,37531.4,0
6699,6355,2000-01,2650,0,37531.4,0
6699,6355,2000-02,2650,0,37531.4,0
6699,6355,2000-03,2650,0,37531.4,0
6699,6355,2000-04,2650,0,37531.4,0
6699,6355,2000-05,2650,0,37531.4,0
6699,6355,2000-06,2650,0,37531.4,0
6699,6355,2000-07,2650,0,37531.4,0
6699,6355,2000-08,2650,0,37531.4,0
6699,6355,2000-09,2650,0,37531.4,0
6699,6355,2000-10,2650,0,37531.4,0
6699,6355,2000-11,2650,0,37531.4,0
6699,6355,2000-12,2650,0,37531.4,0
6699,6355,2001-01,2650,0,37531.4,0
6699,6355,2001-02,2650,0,37531.4,0
6699,6355,2001-03,2650,0,37531.4,0
6699,6355,2001-04,2650,0,37531.4,0
6699,6355,2001-05,2650,0,37531.4,0
6699,6355,2001-06,2650,0,37531.4,0
6699,6355,2001-07,2650,0,37531.4,0
6699,6355,2001-08,2650,0,37531.4,0
6699,6355,2001-09,2650,0,37531.4,0
8268,6688,1997-10,359,0,29660.8,0
8268,6688,1997-11,359,0,32297.3,0
8268,6688,1997-12,359,0,36506.4,0
8268,6688,1998-01,359,0,29778.9,0
8268,6688,1998-02,359,0,42248.7,0
8268,6688,1998-03,359,0,48459.1,0
8268,6688,1998-04,359,0,57970.1,0
8268,6688,1998-05,359,0,62308.3,0
8268,6688,1998-06,359,0,50027.6,0
8268,6688,1998-07,359,0,60167.1,0
8268,6688,1998-08,359,0,59805.7,0
8268,6688,1998-09,359,0,55493.2,0
8268,6688,1998-10,359,0,62120.0,0
8268,6688,1998-11,359,0,65705.6,0
8268,6688,1998-12,359,0,72583.4,0
8268,6688,1999-01,359,0,72583.4,0
8268,6688,1999-02,359,0,72583.4,0
8268,6688,1999-03,359,0,72583.4,0
8268,6688,1999-04,359,0,72583.4,0
8268,6688,1999-05,359,0,72583.4,0
8268,6688,1999-06,359,0,72583.4,0
8268,6688,1999-07,359,0,72583.4,0
8268,6688,1999-08,359,0,72583.4,0
8268,6688,1999-09,359,0,72583.4,0
6083,6239,1997-10,7518,1,91765.6,0
6083,6239,1997-11,7518,1,71912.7,0
6083,6239,1997-12,7518,1,96988.1,0
6083,6239,1998-01,7518,1,22619.5,0
6083,6239,1998-02,7518,1,31520.8,0
6083,6239,1998-03,7518,1,107978.8,0
6083,6239,1998-04,7518,1,40144.8,0
6083,6239,1998-05,7518,1,17340.1,0
6083,6239,1998-06,7518,1,4409.7,1
6083,6239,1998-07,7518,1,-1587.0,1
6083,6239,1998-08,7518,1,-5980.3,1
6083,6239,1998-09,7518,1,-8482.9,1
6083,6239,1998-10,7518,1,-1092.7,1
6083,6239,1998-11,7518,1,-2106.6,1
6083,6239,1998-12,7518,1,5181.5,1
6083,6239,1999-01,7518,1,5181.5,1
6083,6239,1999-02,7518,1,5181.5,1
6083,6239,1999-03,7518,1,5181.5,1
6083,6239,1999-04,7518,1,5181.5,1
6083,6239,1999-05,7518,1,5181.5,1
6083,6239,1999-06,7518,1,5181.5,1
6083,6239,1999-07,7518,1,5181.5,1
6083,6239,1999-08,7518,1,5181.5,1
6083,6239,1999-09,7518,1,5181.5,1
6083,6239,1999-10,7518,1,5181.5,1
6083,6239,1999-11,7518,1,5181.5,1
6083,6239,1999-12,7518,1,5181.5,1
6083,6239,2000-01,7518,1,5181.5,1
6083,6239,2000-02,7518,1,5181.5,1
6083,6239,2000-03,7518,1,5181.5,1
6083,6239,2000-04,7518,1,5181.5,1
6083,6239,2000-05,7518,1,5181.5,1
6083,6239,2000-06,7518,1,5181.5,1
6083,6239,2000-07,7518,1,5181.5,1
6083,6239,2000-08,7518,1,5181.5,1
6083,6239,2000-09,7518,1,5181.5,1
6083,6239,2000-10,7518,1,5181.5,1
6083,6239,2000-11,7518,1,5181.5,1
6083,6239,2000-12,7518,1,5181.5,1
6083,6239,2001-01,7518,1,5181.5,1
6083,6239,2001-02,7518,1,5181.5,1
6083,6239,2001-03,7518,1,5181.5,1
6083,6239,2001-04,7518,1,5181.5,1
6083,6239,2001-05,7518,1,5181.5,1
6083,6239,2001-06,7518,1,5181.5,1
6083,6239,2001-07,7518,1,5181.5,1
6083,6239,2001-08,7518,1,5181.5,1
6083,6239,2001-09,7518,1,5181.5,1
2753,5531,1997-10,2768,0,15061.5,0
2753,5531,1997-11,2768,0,24933.1,0
2753,5531,1997-12,2768,0,25299.1,0
2753,5531,1998-01,2768,0,19336.5,0
2753,5531,1998-02,2768,0,29727.4,0
2753,5531,1998-03,2768,0,37451.9,0
2753,5531,1998-04,2768,0,32073.7,0
2753,5531,1998-05,2768,0,36295.1,0
2753,5531,1998-06,2768,0,49477.3,0
2753,5531,1998-07,2768,0,31412.7,0
2753,5531,1998-08,2768,0,39744.3,0
2753,5531,1998-09,2768,0,30673.3,0
2753,5531,1998-10,2768,0,17936.9,0
2753,5531,1998-11,2768,0,26721.9,0
2753,5531,1998-12,2768,0,32257.4,0
2753,5531,1999-01,2768,0,32257.4,0
2753,5531,1999-02,2768,0,32257.4,0
2753,5531,1999-03,2768,0,32257.4,0
2753,5531,1999-04,2768,0,32257.4,0
2753,5531,1999-05,2768,0,32257.4,0
2753,5531,1999-06,2768,0,32257.4,0
2753,5531,1999-07,2768,0,32257.4,0
2753,5531,1999-08,2768,0,32257.4,0
2753,5531,1999-09,2768,0,32257.4,0
5445,6113,1997-10,2186,0,27667.3,0
5445,6113,1997-11,2186,0,32203.6,0
5445,6113,1997-12,2186,0,36425.2,0
5445,6113,1998-01,2186,0,20056.6,0
5445,6113,1998-02,2186,0,32177.4,0
5445,6113,1998-03,2186,0,30718.0,0
5445,6113,1998-04,2186,0,36369.6,0
5445,6113,1998-05,2186,0,26518.3,0
5445,6113,1998-06,2186,0,25789.1,0
5445,6113,1998-07,2186,0,27622.8,0
5445,6113,1998-08,2186,0,23235.4,0
5445,6113,1998-09,2186,0,33065.7,0
5445,6113,1998-10,2186,0,39528.4,0
5445,6113,1998-11,2186,0,31456.6,0
5445,6113,1998-12,2186,0,22118.2,0
5445,6113,1999-01,2186,0,22118.2,0
5445,6113,1999-02,2186,0,22118.2,0
5445,6113,1999-03,2186,0,22118.2,0
5445,6113,1999-04,2186,0,22118.2,0
5445,6113,1999-05,2186,0,22118.2,0
5445,6113,1999-06,2186,0,22118.2,0
5445,6113,1999-07,2186,0,22118.2,0
5445,6113,1999-08,2186,0,22118.2,0
5445,6113,1999-09,2186,0,22118.2,0
5445,6113,1999-10,2186,0,22118.2,0
5445,6113,1999-11,2186,0,22118.2,0
5445,6113,1999-12,2186,0,22118.2,0
5445,6113,2000-01,2186,0,22118.2,0
5445,6113,2000-02,2186,0,22118.2,0
5445,6113,2000-03,2186,0,22118.2,0
5445,6113,2000-04,2186,0,22118.2,0
5445,6113,2000-05,2186,0,22118.2,0
5445,6113,2000-06,2186,0,22118.2,0
5445,6113,2000-07,2186,0,22118.2,0
5445,6113,2000-08,2186,0,22118.2,0
5445,6113,2000-09,2186,0,22118.2,0
5445,6113,2000-10,2186,0,22118.2,0
10679,7181,1997-11,8242,0,60824.0,0
10679,7181,1997-12,8242,0,36825.5,0
10679,7181,1998-01,8242,0,51288.9,0
10679,7181,1998-02,8242,0,59306.5,0
10679,7181,1998-03,8242,0,38767.5,0
10679,7181,1998-04,8242,0,50637.5,0
10679,7181,1998-05,8242,0,58654.8,0
10679,7181,1998-06,8242,0,41351.3,0
10679,7181,1998-07,8242,0,51817.7,0
10679,7181,1998-08,8242,0,59117.3,0
10679,7181,1998-09,8242,0,60920.6,0
10679,7181,1998-10,8242,0,60844.5,0
10679,7181,1998-11,8242,0,42196.9,0
10679,7181,1998-12,8242,0,51971.2,0
10679,7181,1999-01,8242,0,51971.2,0
10679,7181,1999-02,8242,0,51971.2,0
10679,7181,1999-03,8242,0,51971.2,0
10679,7181,1999-04,8242,0,51971.2,0
10679,7181,1999-05,8242,0,51971.2,0
10679,7181,1999-06,8242,0,51971.2,0
10679,7181,1999-07,8242,0,51971.2,0
10679,7181,1999-08,8242,0,51971.2,0
10679,7181,1999-09,8242,0,51971.2,0
10679,7181,1999-10,8242,0,51971.2,0
5477,6118,1997-11,7279,0,104241.8,0
5477,6118,1997-12,7279,0,63661.1,0
5477,6118,1998-01,7279,0,35942.0,0
5477,6118,1998-02,7279,0,65096.4,0
5477,6118,1998-03,7279,0,63979.2,0
5477,6118,1998-04,7279,0,109023.1,0
5477,6118,1998-05,7279,0,96026.0,0
5477,6118,1998-06,7279,0,94875.2,0
5477,6118,1998-07,7279,0,51100.6,0
5477,6118,1998-08,7279,0,80716.1,0
5477,6118,1998-09,7279,0,69144.7,0
5477,6118,1998-10,7279,0,77912.6,0
5477,6118,1998-11,7279,0,106839.8,0
5477,6118,1998-12,7279,0,95112.6,0
5477,6118,1999-01,7279,0,95112.6,0
5477,6118,1999-02,7279,0,95112.6,0
5477,6118,1999-03,7279,0,95112.6,0
5477,6118,1999-04,7279,0,95112.6,0
5477,6118,1999-05,7279,0,95112.6,0
5477,6118,1999-06,7279,0,95112.6,0
5477,6118,1999-07,7279,0,95112.6,0
5477,6118,1999-08,7279,0,95112.6,0
5477,6118,1999-09,7279,0,95112.6,0
5477,6118,1999-10,7279,0,95112.6,0
5477,6118,1999-11,7279,0,95112.6,0
5477,6118,1999-12,7279,0,95112.6,0
5477,6118,2000-01,7279,0,95112.6,0
5477,6118,2000-02,7279,0,95112.6,0
5477,6118,2000-03,7279,0,95112.6,0
5477,6118,2000-04,7279,0,95112.6,0
5477,6118,2000-05,7279,0,95112.6,0
5477,6118,2000-06,7279,0,95112.6,0
5477,6118,2000-07,7279,0,95112.6,0
5477,6118,2000-08,7279,0,95112.6,0
5477,6118,2000-09,7279,0,95112.6,0
5477,6118,2000-10,7279,0,95112.6,0
5477,6118,2000-11,7279,0,95112.6,0
5477,6118,2000-12,7279,0,95112.6,0
5477,6118,2001-01,7279,0,95112.6,0
5477,6118,2001-02,7279,0,95112.6,0
5477,6118,2001-03,7279,0,95112.6,0
5477,6118,2001-04,7279,0,95112.6,0
5477,6118,2001-05,7279,0,95112.6,0
5477,6118,2001-06,7279,0,95112.6,0
5477,6118,2001-07,7279,0,95112.6,0
5477,6118,2001-08,7279,0,95112.6,0
5477,6118,2001-09,7279,0,95112.6,0
5477,6118,2001-10,7279,0,95112.6,0
11141,7264,1997-11,3745,0,85061.9,0
11141,7264,1997-12,3745,0,34637.2,0
11141,7264,1998-01,3745,0,51168.2,0
11141,7264,1998-02,3745,0,89481.1,0
11141,7264,1998-03,3745,0,66416.2,0
11141,7264,1998-04,3745,0,51589.8,0
11141,7264,1998-05,3745,0,36271.1,0
11141,7264,1998-06,3745,0,45186.4,0
11141,7264,1998-07,3745,0,71179.8,0
11141,7264,1998-08,3745,0,60070.7,0
11141,7264,1998-09,3745,0,36580.6,0
11141,7264,1998-10,3745,0,50014.3,0
1906,5343,1997-11,1873,0,69889.2,0
1906,5343,1997-12,1873,0,46095.7,0
1906,5343,1998-01,1873,0,22334.0,0
1906,5343,1998-02,1873,0,30620.4,0
1906,5343,1998-03,1873,0,42104.6,0
1906,5343,1998-04,1873,0,79185.2,0
1906,5343,1998-05,1873,0,43014.2,0
1906,5343,1998-06,1873,0,38451.9,0
1906,5343,1998-07,1873,0,54685.8,0
1906,5343,1998-08,1873,0,59907.6,0
1906,5343,1998-09,1873,0,52660.0,0
1906,5343,1998-10,1873,0,38448.4,0
1906,5343,1998-11,1873,0,43819.0,0
1906,5343,1998-12,1873,0,38787.1,0
1906,5343,1999-01,1873,0,38787.1,0
1906,5343,1999-02,1873,0,38787.1,0
1906,5343,1999-03,1873,0,38787.1,0
1906,5343,1999-04,1873,0,38787.1,0
1906,5343,1999-05,1873,0,38787.1,0
1906,5343,1999-06,1873,0,38787.1,0
1906,5343,1999-07,1873,0,38787.1,0
1906,5343,1999-08,1873,0,38787.1,0
1906,5343,1999-09,1873,0,38787.1,0
1906,5343,1999-10,1873,0,38787.1,0
378,5051,1997-11,3840,0,42470.0,0
378,5051,1997-12,3840,0,95527.7,0
378,5051,1998-01,3840,0,49025.7,0
378,5051,1998-02,3840,0,34298.2,0
378,5051,1998-03,3840,0,54832.3,0
378,5051,1998-04,3840,0,86560.0,0
378,5051,1998-05,3840,0,65230.6,0
378,5051,1998-06,3840,0,67331.7,0
378,5051,1998-07,3840,0,80734.1,0
378,5051,1998-08,3840,0,46205.4,0
378,5051,1998-09,3840,0,89920.3,0
378,5051,1998-10,3840,0,38293.0,0
378,5051,1998-11,3840,0,61136.2,0
378,5051,1998-12,3840,0,38964.8,0
378,5051,1999-01,3840,0,38964.8,0
378,5051,1999-02,3840,0,38964.8,0
378,5051,1999-03,3840,0,38964.8,0
378,5051,1999-04,3840,0,38964.8,0
378,5051,1999-05,3840,0,38964.8,0
378,5051,1999-06,3840,0,38964.8,0
378,5051,1999-07,3840,0,38964.8,0
378,5051,1999-08,3840,0,38964.8,0
378,5051,1999-09,3840,0,38964.8,0
378,5051,1999-10,3840,0,38964.8,0
378,5051,1999-11,3840,0,38964.8,0
378,5051,1999-12,3840,0,38964.8,0
378,5051,2000-01,3840,0,38964.8,0
378,5051,2000-02,3840,0,38964.8,0
378,5051,2000-03,3840,0,38964.8,0
378,5051,2000-04,3840,0,38964.8,0
378,5051,2000-05,3840,0,38964.8,0
378,5051,2000-06,3840,0,38964.8,0
378,5051,2000-07,3840,0,38964.8,0
378,5051,2000-08,3840,0,38964.8,0
378,5051,2000-09,3840,0,38964.8,0
378,5051,2000-10,3840,0,38964.8,0
378,5051,2000-11,3840,0,38964.8,0
378,5051,2000-12,3840,0,38964.8,0
378,5051,2001-01,3840,0,38964.8,0
378,5051,2001-02,3840,0,38964.8,0
378,5051,2001-03,3840,0,38964.8,0
378,5051,2001-04,3840,0,38964.8,0
378,5051,2001-05,3840,0,38964.8,0
378,5051,2001-06,3840,0,38964.8,0
378,5051,2001-07,3840,0,38964.8,0
378,5051,2001-08,3840,0,38964.8,0
378,5051,2001-09,3840,0,38964.8,0
378,5051,2001-10,3840,0,38964.8,0
378,5051,2001-11,3840,0,38964.8,0
378,5051,2001-12,3840,0,38964.8,0
378,5051,2002-01,3840,0,38964.8,0
378,5051,2002-02,3840,0,38964.8,0
378,5051,2002-03,3840,0,38964.8,0
378,5051,2002-04,3840,0,38964.8,0
378,5051,2002-05,3840,0,38964.8,0
378,5051,2002-06,3840,0,38964.8,0
378,5051,2002-07,3840,0,38964.8,0
378,5051,2002-08,3840,0,38964.8,0
378,5051,2002-09,3840,0,38964.8,0
378,5051,2002-10,3840,0,38964.8,0
3942,5779,1997-11,2982,0,58453.3,0
3942,5779,1997-12,2982,0,35254.2,0
3942,5779,1998-01,2982,0,59505.5,0
3942,5779,1998-02,2982,0,80093.6,0
3942,5779,1998-03,2982,0,40861.2,0
3942,5779,1998-04,2982,0,40558.0,0
3942,5779,1998-05,2982,0,66619.3,0
3942,5779,1998-06,2982,0,67437.1,0
3942,5779,1998-07,2982,0,36244.5,0
3942,5779,1998-08,2982,0,37057.7,0
3942,5779,1998-09,2982,0,67152.1,0
3942,5779,1998-10,2982,0,62367.9,0
3942,5779,1998-11,2982,0,44376.9,0
3942,5779,1998-12,2982,0,54474.7,0
3942,5779,1999-01,2982,0,54474.7,0
3942,5779,1999-02,2982,0,54474.7,0
3942,5779,1999-03,2982,0,54474.7,0
3942,5779,1999-04,2982,0,54474.7,0
3942,5779,1999-05,2982,0,54474.7,0
3942,5779,1999-06,2982,0,54474.7,0
3942,5779,1999-07,2982,0,54474.7,0
3942,5779,1999-08,2982,0,54474.7,0
3942,5779,1999-09,2982,0,54474.7,0
3942,5779,1999-10,2982,0,54474.7,0
3942,5779,1999-11,2982,0,54474.7,0
3942,5779,1999-12,2982,0,54474.7,0
3942,5779,2000-01,2982,0,54474.7,0
3942,5779,2000-02,2982,0,54474.7,0
3942,5779,2000-03,2982,0,54474.7,0
3942,5779,2000-04,2982,0,54474.7,0
3942,5779,2000-05,2982,0,54474.7,0
3942,5779,2000-06,2982,0,54474.7,0
3942,5779,2000-07,2982,0,54474.7,0
3942,5779,2000-08,2982,0,54474.7,0
3942,5779,2000-09,2982,0,54474.7,0
3942,5779,2000-10,2982,0,54474.7,0
7890,6605,1997-11,1653,0,27118.9,0
7890,6605,1997-12,1653,0,24242.3,0
7890,6605,1998-01,1653,0,20022.0,0
7890,6605,1998-02,1653,0,30915.1,0
7890,6605,1998-03,1653,0,32339.5,0
7890,6605,1998-04,1653,0,35968.8,0
7890,6605,1998-05,1653,0,39913.9,0
7890,6605,1998-06,1653,0,21878.7,0
7890,6605,1998-07,1653,0,33784.9,0
7890,6605,1998-08,1653,0,41528.6,0
7890,6605,1998-09,1653,0,45697.3,0
7890,6605,1998-10,1653,0,50891.6,0
7890,6605,1998-11,1653,0,54398.3,0
7890,6605,1998-12,1653,0,57445.1,0
7890,6605,1999-01,1653,0,57445.1,0
7890,6605,1999-02,1653,0,57445.1,0
7890,6605,1999-03,1653,0,57445.1,0
7890,6605,1999-04,1653,0,57445.1,0
7890,6605,1999-05,1653,0,57445.1,0
7890,6605,1999-06,1653,0,57445.1,0
7890,6605,1999-07,1653,0,57445.1,0
7890,6605,1999-08,1653,0,57445.1,0
7890,6605,1999-09,1653,0,57445.1,0
7890,6605,1999-10,1653,0,57445.1,0
7890,6605,1999-11,1653,0,57445.1,0
7890,6605,1999-12,1653,0,57445.1,0
7890,6605,2000-01,1653,0,57445.1,0
7890,6605,2000-02,1653,0,57445.1,0
7890,6605,2000-03,1653,0,57445.1,0
7890,6605,2000-04,1653,0,57445.1,0
7890,6605,2000-05,1653,0,57445.1,0
7890,6605,2000-06,1653,0,57445.1,0
7890,6605,2000-07,1653,0,57445.1,0
7890,6605,2000-08,1653,0,57445.1,0
7890,6605,2000-09,1653,0,57445.1,0
7890,6605,2000-10,1653,0,57445.1,0
7890,6605,2000-11,1653,0,57445.1,0
7890,6605,2000-12,1653,0,57445.1,0
7890,6605,2001-01,1653,0,57445.1,0
7890,6605,2001-02,1653,0,57445.1,0
7890,6605,2001-03,1653,0,57445.1,0
7890,6605,2001-04,1653,0,57445.1,0
7890,6605,2001-05,1653,0,57445.1,0
7890,6605,2001-06,1653,0,57445.1,0
7890,6605,2001-07,1653,0,57445.1,0
7890,6605,2001-08,1653,0,57445.1,0
7890,6605,2001-09,1653,0,57445.1,0
7890,6605,2001-10,1653,0,57445.1,0
8085,6655,1997-11,4340,1,25830.0,0
8085,6655,1997-12,4340,1,12234.2,0
8085,6655,1998-01,4340,1,11458.5,0
8085,6655,1998-02,4340,1,10561.8,0
8085,6655,1998-03,4340,1,22825.3,0
8085,6655,1998-04,4340,1,56718.9,0
8085,6655,1998-05,4340,1,30180.2,0
8085,6655,1998-06,4340,1,12521.5,0
8085,6655,1998-07,4340,1,26102.5,0
8085,6655,1998-08,4340,1,9927.0,0
8085,6655,1998-09,4340,1,40457.4,0
8085,6655,1998-10,4340,1,19963.6,0
8085,6655,1998-11,4340,1,38429.5,0
8085,6655,1998-12,4340,1,51133.2,0
8085,6655,1999-01,4340,1,51133.2,0
8085,6655,1999-02,4340,1,51133.2,0
8085,6655,1999-03,4340,1,51133.2,0
8085,6655,1999-04,4340,1,51133.2,0
8085,6655,1999-05,4340,1,51133.2,0
8085,6655,1999-06,4340,1,51133.2,0
8085,6655,1999-07,4340,1,51133.2,0
8085,6655,1999-08,4340,1,51133.2,0
8085,6655,1999-09,4340,1,51133.2,0
8085,6655,1999-10,4340,1,51133.2,0
8085,6655,1999-11,4340,1,51133.2,0
8085,6655,1999-12,4340,1,51133.2,0
8085,6655,2000-01,4340,1,51133.2,0
8085,6655,2000-02,4340,1,51133.2,0
8085,6655,2000-03,4340,1,51133.2,0
8085,6655,2000-04,4340,1,51133.2,0
8085,6655,2000-05,4340,1,51133.2,0
8085,6655,2000-06,4340,1,51133.2,0
8085,6655,2000-07,4340,1,51133.2,0
8085,6655,2000-08,4340,1,51133.2,0
8085,6655,2000-09,4340,1,51133.2,0
8085,6655,2000-10,4340,1,51133.2,0
8085,6655,2000-11,4340,1,51133.2,0
8085,6655,2000-12,4340,1,51133.2,0
8085,6655,2001-01,4340,1,51133.2,0
8085,6655,2001-02,4340,1,51133.2,0
8085,6655,2001-03,4340,1,51133.2,0
8085,6655,2001-04,4340,1,51133.2,0
8085,6655,2001-05,4340,1,51133.2,0
8085,6655,2001-06,4340,1,51133.2,0
8085,6655,2001-07,4340,1,51133.2,0
8085,6655,2001-08,4340,1,51133.2,0
8085,6655,2001-09,4340,1,51133.2,0
8085,6655,2001-10,4340,1,51133.2,0
8085,6655,2001-11,4340,1,51133.2,0
8085,6655,2001-12,4340,1,51133.2,0
8085,6655,2002-01,4340,1,51133.2,0
8085,6655,2002-02,4340,1,51133.2,0
8085,6655,2002-03,4340,1,51133.2,0
8085,6655,2002-04,4340,1,51133.2,0
8085,6655,2002-05,4340,1,51133.2,0
8085,6655,2002-06,4340,1,51133.2,0
8085,6655,2002-07,4340,1,51133.2,0
8085,6655,2002-08,4340,1,51133.2,0
8085,6655,2002-09,4340,1,51133.2,0
8085,6655,2002-10,4340,1,51133.2,0
7542,6534,1997-11,9847,0,36896.8,0
7542,6534,1997-12,9847,0,42780.4,0
7542,6534,1998-01,9847,0,34603.1,0
7542,6534,1998-02,9847,0,43256.9,0
7542,6534,1998-03,9847,0,48126.6,0
7542,6534,1998-04,9847,0,51212.2,0
7542,6534,1998-05,9847,0,52202.3,0
7542,6534,1998-06,9847,0,57008.9,0
7542,6534,1998-07,9847,0,60033.8,0
7542,6534,1998-08,9847,0,58352.0,0
7542,6534,1998-09,9847,0,55661.2,0
7542,6534,1998-10,9847,0,56070.1,0
7542,6534,1998-11,9847,0,57383.9,0
7542,6534,1998-12,9847,0,64726.6,0
7542,6534,1999-01,9847,0,64726.6,0
7542,6534,1999-02,9847,0,64726.6,0
7542,6534,1999-03,9847,0,64726.6,0
7542,6534,1999-04,9847,0,64726.6,0
7542,6534,1999-05,9847,0,64726.6,0
7542,6534,1999-06,9847,0,64726.6,0
7542,6534,1999-07,9847,0,64726.6,0
7542,6534,1999-08,9847,0,64726.6,0
7542,6534,1999-09,9847,0,64726.6,0
7542,6534,1999-10,9847,0,64726.6,0
7542,6534,1999-11,9847,0,64726.6,0
7542,6534,1999-12,9847,0,64726.6,0
7542,6534,2000-01,9847,0,64726.6,0
7542,6534,2000-02,9847,0,64726.6,0
7542,6534,2000-03,9847,0,64726.6,0
7542,6534,2000-04,9847,0,64726.6,0
7542,6534,2000-05,9847,0,64726.6,0
7542,6534,2000-06,9847,0,64726.6,0
7542,6534,2000-07,9847,0,64726.6,0
7542,6534,2000-08,9847,0,64726.6,0
7542,6534,2000-09,9847,0,64726.6,0
7542,6534,2000-10,9847,0,64726.6,0
7542,6534,2000-11,9847,0,64726.6,0
7542,6534,2000-12,9847,0,64726.6,0
7542,6534,2001-01,9847,0,64726.6,0
7542,6534,2001-02,9847,0,64726.6,0
7542,6534,2001-03,9847,0,64726.6,0
7542,6534,2001-04,9847,0,64726.6,0
7542,6534,2001-05,9847,0,64726.6,0
7542,6534,2001-06,9847,0,64726.6,0
7542,6534,2001-07,9847,0,64726.6,0
7542,6534,2001-08,9847,0,64726.6,0
7542,6534,2001-09,9847,0,64726.6,0
7542,6534,2001-10,9847,0,64726.6,0
7542,6534,2001-11,9847,0,64726.6,0
7542,6534,2001-12,9847,0,64726.6,0
7542,6534,2002-01,9847,0,64726.6,0
7542,6534,2002-02,9847,0,64726.6,0
7542,6534,2002-03,9847,0,64726.6,0
7542,6534,2002-04,9847,0,64726.6,0
7542,6534,2002-05,9847,0,64726.6,0
7542,6534,2002-06,9847,0,64726.6,0
7542,6534,2002-07,9847,0,64726.6,0
7542,6534,2002-08,9847,0,64726.6,0
7542,6534,2002-09,9847,0,64726.6,0
7542,6534,2002-10,9847,0,64726.6,0
3448,5681,1997-11,2861,0,22242.9,0
3448,5681,1997-12,2861,0,18741.7,0
3448,5681,1998-01,2861,0,15927.3,0
3448,5681,1998-02,2861,0,17202.1,0
3448,5681,1998-03,2861,0,84199.8,0
3448,5681,1998-04,2861,0,48191.8,0
3448,5681,1998-05,2861,0,39170.5,0
3448,5681,1998-06,2861,0,44932.3,0
3448,5681,1998-07,2861,0,37728.5,0
3448,5681,1998-08,2861,0,15772.2,0
3448,5681,1998-09,2861,0,34767.7,0
3448,5681,1998-10,2861,0,27389.4,0
3448,5681,1998-11,2861,0,24610.1,0
3448,5681,1998-12,2861,0,23916.6,0
3448,5681,1999-01,2861,0,23916.6,0
3448,5681,1999-02,2861,0,23916.6,0
3448,5681,1999-03,2861,0,23916.6,0
3448,5681,1999-04,2861,0,23916.6,0
3448,5681,1999-05,2861,0,23916.6,0
3448,5681,1999-06,2861,0,23916.6,0
3448,5681,1999-07,2861,0,23916.6,0
3448,5681,1999-08,2861,0,23916.6,0
3448,5681,1999-09,2861,0,23916.6,0
3448,5681,1999-10,2861,0,23916.6,0
7894,6607,1997-11,4254,0,46653.4,0
7894,6607,1997-12,4254,0,45733.3,0
7894,6607,1998-01,4254,0,28888.0,0
7894,6607,1998-02,4254,0,32725.7,0
7894,6607,1998-03,4254,0,44592.4,0
7894,6607,1998-04,4254,0,62003.6,0
7894,6607,1998-05,4254,0,31930.1,0
7894,6607,1998-06,4254,0,26573.5,0
7894,6607,1998-07,4254,0,40055.5,0
7894,6607,1998-08,4254,0,62377.0,0
7894,6607,1998-09,4254,0,70114.0,0
7894,6607,1998-10,4254,0,59758.2,0
7894,6607,1998-11,4254,0,57390.8,0
7894,6607,1998-12,4254,0,44600.1,0
7894,6607,1999-01,4254,0,44600.1,0
7894,6607,1999-02,4254,0,44600.1,0
7894,6607,1999-03,4254,0,44600.1,0
7894,6607,1999-04,4254,0,44600.1,0
7894,6607,1999-05,4254,0,44600.1,0
7894,6607,1999-06,4254,0,44600.1,0
7894,6607,1999-07,4254,0,44600.1,0
7894,6607,1999-08,4254,0,44600.1,0
7894,6607,1999-09,4254,0,44600.1,0
7894,6607,1999-10,4254,0,44600.1,0
7894,6607,1999-11,4254,0,44600.1,0
7894,6607,1999-12,4254,0,44600.1,0
7894,6607,2000-01,4254,0,44600.1,0
7894,6607,2000-02,4254,0,44600.1,0
7894,6607,2000-03,4254,0,44600.1,0
7894,6607,2000-04,4254,0,44600.1,0
7894,6607,2000-05,4254,0,44600.1,0
7894,6607,2000-06,4254,0,44600.1,0
7894,6607,2000-07,4254,0,44600.1,0
7894,6607,2000-08,4254,0,44600.1,0
7894,6607,2000-09,4254,0,44600.1,0
7894,6607,2000-10,4254,0,44600.1,0
6097,6242,1997-11,728,0,32275.5,0
6097,6242,1997-12,728,0,24678.5,0
6097,6242,1998-01,728,0,26804.3,0
6097,6242,1998-02,728,0,22281.7,0
6097,6242,1998-03,728,0,26101.4,0
6097,6242,1998-04,728,0,20434.6,0
6097,6242,1998-05,728,0,20637.3,0
6097,6242,1998-06,728,0,13587.7,0
6097,6242,1998-07,728,0,15567.7,0
6097,6242,1998-08,728,0,21969.3,0
6097,6242,1998-09,728,0,26834.7,0
6097,6242,1998-10,728,0,26864.3,0
6097,6242,1998-11,728,0,28398.8,0
6097,6242,1998-12,728,0,29604.2,0
6097,6242,1999-01,728,0,29604.2,0
6097,6242,1999-02,728,0,29604.2,0
6097,6242,1999-03,728,0,29604.2,0
6097,6242,1999-04,728,0,29604.2,0
6097,6242,1999-05,728,0,29604.2,0
6097,6242,1999-06,728,0,29604.2,0
6097,6242,1999-07,728,0,29604.2,0
6097,6242,1999-08,728,0,29604.2,0
6097,6242,1999-09,728,0,29604.2,0
6097,6242,1999-10,728,0,29604.2,0
6097,6242,1999-11,728,0,29604.2,0
6097,6242,1999-12,728,0,29604.2,0
6097,6242,2000-01,728,0,29604.2,0
6097,6242,2000-02,728,0,29604.2,0
6097,6242,2000-03,728,0,29604.2,0
6097,6242,2000-04,728,0,29604.2,0
6097,6242,2000-05,728,0,29604.2,0
6097,6242,2000-06,728,0,29604.2,0
6097,6242,2000-07,728,0,29604.2,0
6097,6242,2000-08,728,0,29604.2,0
6097,6242,2000-09,728,0,29604.2,0
6097,6242,2000-10,728,0,29604.2,0
11027,7242,1997-11,2004,0,39343.8,0
11027,7242,1997-12,2004,0,33195.5,0
11027,7242,1998-01,2004,0,33326.2,0
11027,7242,1998-02,2004,0,30605.7,0
11027,7242,1998-03,2004,0,22907.9,0
11027,7242,1998-04,2004,0,23308.6,0
11027,7242,1998-05,2004,0,28407.9,0
11027,7242,1998-06,2004,0,35747.2,0
11027,7242,1998-07,2004,0,33881.6,0
11027,7242,1998-08,2004,0,31724.8,0
11027,7242,1998-09,2004,0,24033.4,0
11027,7242,1998-10,2004,0,23762.8,0
11027,7242,1998-11,2004,0,44399.6,0
11027,7242,1998-12,2004,0,49770.6,0
11027,7242,1999-01,2004,0,49770.6,0
11027,7242,1999-02,2004,0,49770.6,0
11027,7242,1999-03,2004,0,49770.6,0
11027,7242,1999-04,2004,0,49770.6,0
11027,7242,1999-05,2004,0,49770.6,0
11027,7242,1999-06,2004,0,49770.6,0
11027,7242,1999-07,2004,0,49770.6,0
11027,7242,1999-08,2004,0,49770.6,0
11027,7242,1999-09,2004,0,49770.6,0
11027,7242,1999-10,2004,0,49770.6,0
11231,7277,1997-11,7440,0,57710.8,0
11231,7277,1997-12,7440,0,65809.4,0
11231,7277,1998-01,7440,0,17670.6,0
11231,7277,1998-02,7440,0,50918.5,0
11231,7277,1998-03,7440,0,47657.2,0
11231,7277,1998-04,7440,0,40160.4,0
11231,7277,1998-05,7440,0,50365.9,0
11231,7277,1998-06,7440,0,85470.2,0
11231,7277,1998-07,7440,0,46850.3,0
11231,7277,1998-08,7440,0,30592.7,0
11231,7277,1998-09,7440,0,20709.9,0
11231,7277,1998-10,7440,0,24736.8,0
8158,6675,1997-11,6631,0,81121.6,0
8158,6675,1997-12,6631,0,94987.2,0
8158,6675,1998-01,6631,0,37316.7,0
8158,6675,1998-02,6631,0,58951.0,0
8158,6675,1998-03,6631,0,65024.1,0
8158,6675,1998-04,6631,0,52680.1,0
8158,6675,1998-05,6631,0,58320.2,0
8158,6675,1998-06,6631,0,63201.0,0
8158,6675,1998-07,6631,0,58464.2,0
8158,6675,1998-08,6631,0,65947.2,0
8158,6675,1998-09,6631,0,58809.1,0
8158,6675,1998-10,6631,0,41972.2,0
8158,6675,1998-11,6631,0,54214.7,0
8158,6675,1998-12,6631,0,79297.5,0
8158,6675,1999-01,6631,0,79297.5,0
8158,6675,1999-02,6631,0,79297.5,0
8158,6675,1999-03,6631,0,79297.5,0
8158,6675,1999-04,6631,0,79297.5,0
8158,6675,1999-05,6631,0,79297.5,0
8158,6675,1999-06,6631,0,79297.5,0
8158,6675,1999-07,6631,0,79297.5,0
8158,6675,1999-08,6631,0,79297.5,0
8158,6675,1999-09,6631,0,79297.5,0
8158,6675,1999-10,6631,0,79297.5,0
8158,6675,1999-11,6631,0,79297.5,0
8158,6675,1999-12,6631,0,79297.5,0
8158,6675,2000-01,6631,0,79297.5,0
8158,6675,2000-02,6631,0,79297.5,0
8158,6675,2000-03,6631,0,79297.5,0
8158,6675,2000-04,6631,0,79297.5,0
8158,6675,2000-05,6631,0,79297.5,0
8158,6675,2000-06,6631,0,79297.5,0
8158,6675,2000-07,6631,0,79297.5,0
8158,6675,2000-08,6631,0,79297.5,0
8158,6675,2000-09,6631,0,79297.5,0
8158,6675,2000-10,6631,0,79297.5,0
8158,6675,2000-11,6631,0,79297.5,0
2187,5398,1997-12,4456,0,73163.7,0
2187,5398,1998-01,4456,0,68098.9,0
2187,5398,1998-02,4456,0,46448.2,0
2187,5398,1998-03,4456,0,43073.9,0
2187,5398,1998-04,4456,0,33841.2,0
2187,5398,1998-05,4456,0,31788.0,0
2187,5398,1998-06,4456,0,50682.7,0
2187,5398,1998-07,4456,0,72217.1,0
2187,5398,1998-08,4456,0,110311.2,0
2187,5398,1998-09,4456,0,116321.5,0
2187,5398,1998-10,4456,0,70580.7,0
2187,5398,1998-11,4456,0,96311.8,0
4725,5956,1997-12,4674,0,23096.7,0
4725,5956,1998-01,4674,0,15480.1,0
4725,5956,1998-02,4674,0,5211.3,0
4725,5956,1998-03,4674,0,9944.1,0
4725,5956,1998-04,4674,0,14395.0,0
4725,5956,1998-05,4674,0,17761.0,0
4725,5956,1998-06,4674,0,19762.6,0
4725,5956,1998-07,4674,0,7403.2,0
4725,5956,1998-08,4674,0,4725.6,0
4725,5956,1998-09,4674,0,4748.7,0
4725,5956,1998-10,4674,0,4269.7,1
4725,5956,1998-11,4674,0,14213.5,0
4725,5956,1998-12,4674,0,33453.7,0
4725,5956,1999-01,4674,0,33453.7,0
4725,5956,1999-02,4674,0,33453.7,0
4725,5956,1999-03,4674,0,33453.7,0
4725,5956,1999-04,4674,0,33453.7,0
4725,5956,1999-05,4674,0,33453.7,0
4725,5956,1999-06,4674,0,33453.7,0
4725,5956,1999-07,4674,0,33453.7,0
4725,5956,1999-08,4674,0,33453.7,0
4725,5956,1999-09,4674,0,33453.7,0
4725,5956,1999-10,4674,0,33453.7,0
4725,5956,1999-11,4674,0,33453.7,0
4725,5956,1999-12,4674,0,33453.7,0
4725,5956,2000-01,4674,0,33453.7,0
4725,5956,2000-02,4674,0,33453.7,0
4725,5956,2000-03,4674,0,33453.7,0
4725,5956,2000-04,4674,0,33453.7,0
4725,5956,2000-05,4674,0,33453.7,0
4725,5956,2000-06,4674,0,33453.7,0
4725,5956,2000-07,4674,0,33453.7,0
4725,5956,2000-08,4674,0,33453.7,0
4725,5956,2000-09,4674,0,33453.7,0
4725,5956,2000-10,4674,0,33453.7,0
4725,5956,2000-11,4674,0,33453.7,0
3711,5731,1997-12,7683,1,96130.3,0
3711,5731,1998-01,7683,1,16378.5,0
3711,5731,1998-02,7683,1,1007.7,1
3711,5731,1998-03,7683,1,-6003.6,1
3711,5731,1998-04,7683,1,-6075.5,1
3711,5731,1998-05,7683,1,-6104.7,1
3711,5731,1998-06,7683,1,-6162.0,1
3711,5731,1998-07,7683,1,-1369.1,1
3711,5731,1998-08,7683,1,8509.4,0
3711,5731,1998-09,7683,1,8503.6,0
3711,5731,1998-10,7683,1,9988.4,0
3711,5731,1998-11,7683,1,10801.2,0
3711,5731,1998-12,7683,1,-2376.9,1
3711,5731,1999-01,7683,1,-2376.9,1
3711,5731,1999-02,7683,1,-2376.9,1
3711,5731,1999-03,7683,1,-2376.9,1
3711,5731,1999-04,7683,1,-2376.9,1
3711,5731,1999-05,7683,1,-2376.9,1
3711,5731,1999-06,7683,1,-2376.9,1
3711,5731,1999-07,7683,1,-2376.9,1
3711,5731,1999-08,7683,1,-2376.9,1
3711,5731,1999-09,7683,1,-2376.9,1
3711,5731,1999-10,7683,1,-2376.9,1
3711,5731,1999-11,7683,1,-2376.9,1
3711,5731,1999-12,7683,1,-2376.9,1
3711,5731,2000-01,7683,1,-2376.9,1
3711,5731,2000-02,7683,1,-2376.9,1
3711,5731,2000-03,7683,1,-2376.9,1
3711,5731,2000-04,7683,1,-2376.9,1
3711,5731,2000-05,7683,1,-2376.9,1
3711,5731,2000-06,7683,1,-2376.9,1
3711,5731,2000-07,7683,1,-2376.9,1
3711,5731,2000-08,7683,1,-2376.9,1
3711,5731,2000-09,7683,1,-2376.9,1
3711,5731,2000-10,7683,1,-2376.9,1
3711,5731,2000-11,7683,1,-2376.9,1
3711,5731,2000-12,7683,1,-2376.9,1
3711,5731,2001-01,7683,1,-2376.9,1
3711,5731,2001-02,7683,1,-2376.9,1
3711,5731,2001-03,7683,1,-2376.9,1
3711,5731,2001-04,7683,1,-2376.9,1
3711,5731,2001-05,7683,1,-2376.9,1
3711,5731,2001-06,7683,1,-2376.9,1
3711,5731,2001-07,7683,1,-2376.9,1
3711,5731,2001-08,7683,1,-2376.9,1
3711,5731,2001-09,7683,1,-2376.9,1
3711,5731,2001-10,7683,1,-2376.9,1
3711,5731,2001-11,7683,1,-2376.9,1
3711,5731,2001-12,7683,1,-2376.9,1
3711,5731,2002-01,7683,1,-2376.9,1
3711,5731,2002-02,7683,1,-2376.9,1
3711,5731,2002-03,7683,1,-2376.9,1
3711,5731,2002-04,7683,1,-2376.9,1
3711,5731,2002-05,7683,1,-2376.9,1
3711,5731,2002-06,7683,1,-2376.9,1
3711,5731,2002-07,7683,1,-2376.9,1
3711,5731,2002-08,7683,1,-2376.9,1
3711,5731,2002-09,7683,1,-2376.9,1
3711,5731,2002-10,7683,1,-2376.9,1
3711,5731,2002-11,7683,1,-2376.9,1
9631,6956,1997-12,2477,0,15868.4,0
9631,6956,1998-01,2477,0,5490.4,0
9631,6956,1998-02,2477,0,19116.0,0
9631,6956,1998-03,2477,0,16963.7,0
9631,6956,1998-04,2477,0,22421.3,0
9631,6956,1998-05,2477,0,22891.0,0
9631,6956,1998-06,2477,0,27604.6,0
9631,6956,1998-07,2477,0,28896.0,0
9631,6956,1998-08,2477,0,25686.0,0
9631,6956,1998-09,2477,0,6843.8,0
9631,6956,1998-10,2477,0,12363.3,0
9631,6956,1998-11,2477,0,14789.5,0
9631,6956,1998-12,2477,0,13166.1,0
9631,6956,1999-01,2477,0,13166.1,0
9631,6956,1999-02,2477,0,13166.1,0
9631,6956,1999-03,2477,0,13166.1,0
9631,6956,1999-04,2477,0,13166.1,0
9631,6956,1999-05,2477,0,13166.1,0
9631,6956,1999-06,2477,0,13166.1,0
9631,6956,1999-07,2477,0,13166.1,0
9631,6956,1999-08,2477,0,13166.1,0
9631,6956,1999-09,2477,0,13166.1,0
9631,6956,1999-10,2477,0,13166.1,0
9631,6956,1999-11,2477,0,13166.1,0
7052,6437,1997-12,1777,1,31838.2,0
7052,6437,1998-01,1777,1,-1413.8,1
7052,6437,1998-02,1777,1,13475.2,0
7052,6437,1998-03,1777,1,24041.4,0
7052,6437,1998-04,1777,1,13020.0,0
7052,6437,1998-05,1777,1,21075.5,0
7052,6437,1998-06,1777,1,16504.2,0
7052,6437,1998-07,1777,1,27391.7,0
7052,6437,1998-08,1777,1,22124.0,0
7052,6437,1998-09,1777,1,13039.7,0
7052,6437,1998-10,1777,1,22570.8,0
7052,6437,1998-11,1777,1,13468.5,0
7052,6437,1998-12,1777,1,30796.5,0
7052,6437,1999-01,1777,1,30796.5,0
7052,6437,1999-02,1777,1,30796.5,0
7052,6437,1999-03,1777,1,30796.5,0
7052,6437,1999-04,1777,1,30796.5,0
7052,6437,1999-05,1777,1,30796.5,0
7052,6437,1999-06,1777,1,30796.5,0
7052,6437,1999-07,1777,1,30796.5,0
7052,6437,1999-08,1777,1,30796.5,0
7052,6437,1999-09,1777,1,30796.5,0
7052,6437,1999-10,1777,1,30796.5,0
7052,6437,1999-11,1777,1,30796.5,0
7052,6437,1999-12,1777,1,30796.5,0
7052,6437,2000-01,1777,1,30796.5,0
7052,6437,2000-02,1777,1,30796.5,0
7052,6437,2000-03,1777,1,30796.5,0
7052,6437,2000-04,1777,1,30796.5,0
7052,6437,2000-05,1777,1,30796.5,0
7052,6437,2000-06,1777,1,30796.5,0
7052,6437,2000-07,1777,1,30796.5,0
7052,6437,2000-08,1777,1,30796.5,0
7052,6437,2000-09,1777,1,30796.5,0
7052,6437,2000-10,1777,1,30796.5,0
7052,6437,2000-11,1777,1,30796.5,0
2335,5447,1997-12,9020,1,1162.4,1
2335,5447,1998-01,9020,1,843.5,1
2335,5447,1998-02,9020,1,-665.4,1
2335,5447,1998-03,9020,1,-22.9,1
2335,5447,1998-04,9020,1,-1357.7,1
2335,5447,1998-05,9020,1,-1653.0,1
2335,5447,1998-06,9020,1,-312.9,1
2335,5447,1998-07,9020,1,-660.5,1
2335,5447,1998-08,9020,1,-1019.9,1
2335,5447,1998-09,9020,1,-1364.2,1
2335,5447,1998-10,9020,1,-1693.5,1
2335,5447,1998-11,9020,1,-2055.6,1
2335,5447,1998-12,9020,1,-2802.6,1
2335,5447,1999-01,9020,1,-2802.6,1
2335,5447,1999-02,9020,1,-2802.6,1
2335,5447,1999-03,9020,1,-2802.6,1
2335,5447,1999-04,9020,1,-2802.6,1
2335,5447,1999-05,9020,1,-2802.6,1
2335,5447,1999-06,9020,1,-2802.6,1
2335,5447,1999-07,9020,1,-2802.6,1
2335,5447,1999-08,9020,1,-2802.6,1
2335,5447,1999-09,9020,1,-2802.6,1
2335,5447,1999-10,9020,1,-2802.6,1
2335,5447,1999-11,9020,1,-2802.6,1
2335,5447,1999-12,9020,1,-2802.6,1
2335,5447,2000-01,9020,1,-2802.6,1
2335,5447,2000-02,9020,1,-2802.6,1
2335,5447,2000-03,9020,1,-2802.6,1
2335,5447,2000-04,9020,1,-2802.6,1
2335,5447,2000-05,9020,1,-2802.6,1
2335,5447,2000-06,9020,1,-2802.6,1
2335,5447,2000-07,9020,1,-2802.6,1
2335,5447,2000-08,9020,1,-2802.6,1
2335,5447,2000-09,9020,1,-2802.6,1
2335,5447,2000-10,9020,1,-2802.6,1
2335,5447,2000-11,9020,1,-2802.6,1
2335,5447,2000-12,9020,1,-2802.6,1
2335,5447,2001-01,9020,1,-2802.6,1
2335,5447,2001-02,9020,1,-2802.6,1
2335,5447,2001-03,9020,1,-2802.6,1
2335,5447,2001-04,9020,1,-2802.6,1
2335,5447,2001-05,9020,1,-2802.6,1
2335,5447,2001-06,9020,1,-2802.6,1
2335,5447,2001-07,9020,1,-2802.6,1
2335,5447,2001-08,9020,1,-2802.6,1
2335,5447,2001-09,9020,1,-2802.6,1
2335,5447,2001-10,9020,1,-2802.6,1
2335,5447,2001-11,9020,1,-2802.6,1
2335,5447,2001-12,9020,1,-2802.6,1
2335,5447,2002-01,9020,1,-2802.6,1
2335,5447,2002-02,9020,1,-2802.6,1
2335,5447,2002-03,9020,1,-2802.6,1
2335,5447,2002-04,9020,1,-2802.6,1
2335,5447,2002-05,9020,1,-2802.6,1
2335,5447,2002-06,9020,1,-2802.6,1
2335,5447,2002-07,9020,1,-2802.6,1
2335,5447,2002-08,9020,1,-2802.6,1
2335,5447,2002-09,9020,1,-2802.6,1
2335,5447,2002-10,9020,1,-2802.6,1
2335,5447,2002-11,9020,1,-2802.6,1
4784,5973,1997-12,4572,0,86191.3,0
4784,5973,1998-01,4572,0,75654.0,0
4784,5973,1998-02,4572,0,74625.1,0
4784,5973,1998-03,4572,0,74093.1,0
4784,5973,1998-04,4572,0,64462.4,0
4784,5973,1998-05,4572,0,60560.8,0
4784,5973,1998-06,4572,0,80653.3,0
4784,5973,1998-07,4572,0,76335.0,0
4784,5973,1998-08,4572,0,56652.6,0
4784,5973,1998-09,4572,0,62363.9,0
4784,5973,1998-10,4572,0,63886.7,0
4784,5973,1998-11,4572,0,69126.5,0
4784,5973,1998-12,4572,0,76124.1,0
4784,5973,1999-01,4572,0,76124.1,0
4784,5973,1999-02,4572,0,76124.1,0
4784,5973,1999-03,4572,0,76124.1,0
4784,5973,1999-04,4572,0,76124.1,0
4784,5973,1999-05,4572,0,76124.1,0
4784,5973,1999-06,4572,0,76124.1,0
4784,5973,1999-07,4572,0,76124.1,0
4784,5973,1999-08,4572,0,76124.1,0
4784,5973,1999-09,4572,0,76124.1,0
4784,5973,1999-10,4572,0,76124.1,0
4784,5973,1999-11,4572,0,76124.1,0
4784,5973,1999-12,4572,0,76124.1,0
4784,5973,2000-01,4572,0,76124.1,0
4784,5973,2000-02,4572,0,76124.1,0
4784,5973,2000-03,4572,0,76124.1,0
4784,5973,2000-04,4572,0,76124.1,0
4784,5973,2000-05,4572,0,76124.1,0
4784,5973,2000-06,4572,0,76124.1,0
4784,5973,2000-07,4572,0,76124.1,0
4784,5973,2000-08,4572,0,76124.1,0
4784,5973,2000-09,4572,0,76124.1,0
4784,5973,2000-10,4572,0,76124.1,0
4784,5973,2000-11,4572,0,76124.1,0
4784,5973,2000-12,4572,0,76124.1,0
4784,5973,2001-01,4572,0,76124.1,0
4784,5973,2001-02,4572,0,76124.1,0
4784,5973,2001-03,4572,0,76124.1,0
4784,5973,2001-04,4572,0,76124.1,0
4784,5973,2001-05,4572,0,76124.1,0
4784,5973,2001-06,4572,0,76124.1,0
4784,5973,2001-07,4572,0,76124.1,0
4784,5973,2001-08,4572,0,76124.1,0
4784,5973,2001-09,4572,0,76124.1,0
4784,5973,2001-10,4572,0,76124.1,0
4784,5973,2001-11,4572,0,76124.1,0
5267,6075,1997-12,5388,1,56662.2,0
5267,6075,1998-01,5388,1,77885.3,0
5267,6075,1998-02,5388,1,39801.1,0
5267,6075,1998-03,5388,1,47951.3,0
5267,6075,1998-04,5388,1,22084.0,0
5267,6075,1998-05,5388,1,45571.6,0
5267,6075,1998-06,5388,1,65987.3,0
5267,6075,1998-07,5388,1,42795.5,0
5267,6075,1998-08,5388,1,19334.9,0
5267,6075,1998-09,5388,1,18516.1,0
5267,6075,1998-10,5388,1,12679.1,0
5267,6075,1998-11,5388,1,4423.7,1
5267,6075,1998-12,5388,1,45836.7,0
5267,6075,1999-01,5388,1,45836.7,0
5267,6075,1999-02,5388,1,45836.7,0
5267,6075,1999-03,5388,1,45836.7,0
5267,6075,1999-04,5388,1,45836.7,0
5267,6075,1999-05,5388,1,45836.7,0
5267,6075,1999-06,5388,1,45836.7,0
5267,6075,1999-07,5388,1,45836.7,0
5267,6075,1999-08,5388,1,45836.7,0
5267,6075,1999-09,5388,1,45836.7,0
5267,6075,1999-10,5388,1,45836.7,0
5267,6075,1999-11,5388,1,45836.7,0
1580,5281,1997-12,8094,0,49046.6,0
1580,5281,1998-01,8094,0,30671.0,0
1580,5281,1998-02,8094,0,35982.8,0
1580,5281,1998-03,8094,0,49818.3,0
1580,5281,1998-04,8094,0,37890.9,0
1580,5281,1998-05,8094,0,48093.9,0
1580,5281,1998-06,8094,0,50902.1,0
1580,5281,1998-07,8094,0,39193.3,0
1580,5281,1998-08,8094,0,31738.0,0
1580,5281,1998-09,8094,0,28955.8,0
1580,5281,1998-10,8094,0,25861.2,0
1580,5281,1998-11,8094,0,33231.5,0
1580,5281,1998-12,8094,0,32372.4,0
1580,5281,1999-01,8094,0,32372.4,0
1580,5281,1999-02,8094,0,32372.4,0
1580,5281,1999-03,8094,0,32372.4,0
1580,5281,1999-04,8094,0,32372.4,0
1580,5281,1999-05,8094,0,32372.4,0
1580,5281,1999-06,8094,0,32372.4,0
1580,5281,1999-07,8094,0,32372.4,0
1580,5281,1999-08,8094,0,32372.4,0
1580,5281,1999-09,8094,0,32372.4,0
1580,5281,1999-10,8094,0,32372.4,0
1580,5281,1999-11,8094,0,32372.4,0
666,5103,1997-12,1045,0,62678.4,0
666,5103,1998-01,1045,0,39005.9,0
666,5103,1998-02,1045,0,42123.3,0
666,5103,1998-03,1045,0,48551.9,0
666,5103,1998-04,1045,0,50078.0,0
666,5103,1998-05,1045,0,54319.6,0
666,5103,1998-06,1045,0,45265.2,0
666,5103,1998-07,1045,0,56510.0,0
666,5103,1998-08,1045,0,64289.9,0
666,5103,1998-09,1045,0,71800.7,0
666,5103,1998-10,1045,0,68899.3,0
666,5103,1998-11,1045,0,71309.0,0
7176,6468,1997-12,3399,0,58201.1,0
7176,6468,1998-01,3399,0,43366.8,0
7176,6468,1998-02,3399,0,44228.7,0
7176,6468,1998-03,3399,0,44657.6,0
7176,6468,1998-04,3399,0,44928.3,0
7176,6468,1998-05,3399,0,49407.1,0
7176,6468,1998-06,3399,0,26733.6,0
7176,6468,1998-07,3399,0,29460.3,0
7176,6468,1998-08,3399,0,27406.2,0
7176,6468,1998-09,3399,0,27047.0,0
7176,6468,1998-10,3399,0,30686.6,0
7176,6468,1998-11,3399,0,31239.2,0
7176,6468,1998-12,3399,0,57381.7,0
7176,6468,1999-01,3399,0,57381.7,0
7176,6468,1999-02,3399,0,57381.7,0
7176,6468,1999-03,3399,0,57381.7,0
7176,6468,1999-04,3399,0,57381.7,0
7176,6468,1999-05,3399,0,57381.7,0
7176,6468,1999-06,3399,0,57381.7,0
7176,6468,1999-07,3399,0,57381.7,0
7176,6468,1999-08,3399,0,57381.7,0
7176,6468,1999-09,3399,0,57381.7,0
7176,6468,1999-10,3399,0,57381.7,0
7176,6468,1999-11,3399,0,57381.7,0
7176,6468,1999-12,3399,0,57381.7,0
7176,6468,2000-01,3399,0,57381.7,0
7176,6468,2000-02,3399,0,57381.7,0
7176,6468,2000-03,3399,0,57381.7,0
7176,6468,2000-04,3399,0,57381.7,0
7176,6468,2000-05,3399,0,57381.7,0
7176,6468,2000-06,3399,0,57381.7,0
7176,6468,2000-07,3399,0,57381.7,0
7176,6468,2000-08,3399,0,57381.7,0
7176,6468,2000-09,3399,0,57381.7,0
7176,6468,2000-10,3399,0,57381.7,0
7176,6468,2000-11,3399,0,57381.7,0
7176,6468,2000-12,3399,0,57381.7,0
7176,6468,2001-01,3399,0,57381.7,0
7176,6468,2001-02,3399,0,57381.7,0
7176,6468,2001-03,3399,0,57381.7,0
7176,6468,2001-04,3399,0,57381.7,0
7176,6468,2001-05,3399,0,57381.7,0
7176,6468,2001-06,3399,0,57381.7,0
7176,6468,2001-07,3399,0,57381.7,0
7176,6468,2001-08,3399,0,57381.7,0
7176,6468,2001-09,3399,0,57381.7,0
7176,6468,2001-10,3399,0,57381.7,0
7176,6468,2001-11,3399,0,57381.7,0
7176,6468,2001-12,3399,0,57381.7,0
7176,6468,2002-01,3399,0,57381.7,0
7176,6468,2002-02,3399,0,57381.7,0
7176,6468,2002-03,3399,0,57381.7,0
7176,6468,2002-04,3399,0,57381.7,0
7176,6468,2002-05,3399,0,57381.7,0
7176,6468,2002-06,3399,0,57381.7,0
7176,6468,2002-07,3399,0,57381.7,0
7176,6468,2002-08,3399,0,57381.7,0
7176,6468,2002-09,3399,0,57381.7,0
7176,6468,2002-10,3399,0,57381.7,0
7176,6468,2002-11,3399,0,57381.7,0
10857,7209,1997-12,6426,1,12235.3,0
10857,7209,1998-01,6426,1,10396.3,0
10857,7209,1998-02,6426,1,13097.8,0
10857,7209,1998-03,6426,1,332.6,1
10857,7209,1998-04,6426,1,5349.7,1
10857,7209,1998-05,6426,1,9448.7,0
10857,7209,1998-06,6426,1,-1963.7,1
10857,7209,1998-07,6426,1,29466.1,0
10857,7209,1998-08,6426,1,13918.3,0
10857,7209,1998-09,6426,1,45067.7,0
10857,7209,1998-10,6426,1,64278.5,0
10857,7209,1998-11,6426,1,1138.4,1
10857,7209,1998-12,6426,1,-5302.6,1
10857,7209,1999-01,6426,1,-5302.6,1
10857,7209,1999-02,6426,1,-5302.6,1
10857,7209,1999-03,6426,1,-5302.6,1
10857,7209,1999-04,6426,1,-5302.6,1
10857,7209,1999-05,6426,1,-5302.6,1
10857,7209,1999-06,6426,1,-5302.6,1
10857,7209,1999-07,6426,1,-5302.6,1
10857,7209,1999-08,6426,1,-5302.6,1
10857,7209,1999-09,6426,1,-5302.6,1
10857,7209,1999-10,6426,1,-5302.6,1
10857,7209,1999-11,6426,1,-5302.6,1
10857,7209,1999-12,6426,1,-5302.6,1
10857,7209,2000-01,6426,1,-5302.6,1
10857,7209,2000-02,6426,1,-5302.6,1
10857,7209,2000-03,6426,1,-5302.6,1
10857,7209,2000-04,6426,1,-5302.6,1
10857,7209,2000-05,6426,1,-5302.6,1
10857,7209,2000-06,6426,1,-5302.6,1
10857,7209,2000-07,6426,1,-5302.6,1
10857,7209,2000-08,6426,1,-5302.6,1
10857,7209,2000-09,6426,1,-5302.6,1
10857,7209,2000-10,6426,1,-5302.6,1
10857,7209,2000-11,6426,1,-5302.6,1
10857,7209,2000-12,6426,1,-5302.6,1
10857,7209,2001-01,6426,1,-5302.6,1
10857,7209,2001-02,6426,1,-5302.6,1
10857,7209,2001-03,6426,1,-5302.6,1
10857,7209,2001-04,6426,1,-5302.6,1
10857,7209,2001-05,6426,1,-5302.6,1
10857,7209,2001-06,6426,1,-5302.6,1
10857,7209,2001-07,6426,1,-5302.6,1
10857,7209,2001-08,6426,1,-5302.6,1
10857,7209,2001-09,6426,1,-5302.6,1
10857,7209,2001-10,6426,1,-5302.6,1
10857,7209,2001-11,6426,1,-5302.6,1
10857,7209,2001-12,6426,1,-5302.6,1
10857,7209,2002-01,6426,1,-5302.6,1
10857,7209,2002-02,6426,1,-5302.6,1
10857,7209,2002-03,6426,1,-5302.6,1
10857,7209,2002-04,6426,1,-5302.6,1
10857,7209,2002-05,6426,1,-5302.6,1
10857,7209,2002-06,6426,1,-5302.6,1
10857,7209,2002-07,6426,1,-5302.6,1
10857,7209,2002-08,6426,1,-5302.6,1
10857,7209,2002-09,6426,1,-5302.6,1
10857,7209,2002-10,6426,1,-5302.6,1
10857,7209,2002-11,6426,1,-5302.6,1
2986,5584,1998-01,1033,0,44327.8,0
2986,5584,1998-02,1033,0,61566.4,0
2986,5584,1998-03,1033,0,44204.3,0
2986,5584,1998-04,1033,0,44537.2,0
2986,5584,1998-05,1033,0,47071.5,0
2986,5584,1998-06,1033,0,28996.3,0
2986,5584,1998-07,1033,0,39768.0,0
2986,5584,1998-08,1033,0,46783.1,0
2986,5584,1998-09,1033,0,52824.0,0
2986,5584,1998-10,1033,0,54987.9,0
2986,5584,1998-11,1033,0,56359.5,0
2986,5584,1998-12,1033,0,85306.5,0
2986,5584,1999-01,1033,0,85306.5,0
2986,5584,1999-02,1033,0,85306.5,0
2986,5584,1999-03,1033,0,85306.5,0
2986,5584,1999-04,1033,0,85306.5,0
2986,5584,1999-05,1033,0,85306.5,0
2986,5584,1999-06,1033,0,85306.5,0
2986,5584,1999-07,1033,0,85306.5,0
2986,5584,1999-08,1033,0,85306.5,0
2986,5584,1999-09,1033,0,85306.5,0
2986,5584,1999-10,1033,0,85306.5,0
2986,5584,1999-11,1033,0,85306.5,0
2986,5584,1999-12,1033,0,85306.5,0
103,4988,1998-01,7370,1,17226.2,0
103,4988,1998-02,7370,1,51433.9,0
103,4988,1998-03,7370,1,63800.7,0
103,4988,1998-04,7370,1,52935.8,0
103,4988,1998-05,7370,1,50095.8,0
103,4988,1998-06,7370,1,35207.2,0
103,4988,1998-07,7370,1,66017.8,0
103,4988,1998-08,7370,1,61356.5,0
103,4988,1998-09,7370,1,55665.0,0
103,4988,1998-10,7370,1,41275.5,0
103,4988,1998-11,7370,1,56325.6,0
103,4988,1998-12,7370,1,38023.2,0
103,4988,1999-01,7370,1,38023.2,0
103,4988,1999-02,7370,1,38023.2,0
103,4988,1999-03,7370,1,38023.2,0
103,4988,1999-04,7370,1,38023.2,0
103,4988,1999-05,7370,1,38023.2,0
103,4988,1999-06,7370,1,38023.2,0
103,4988,1999-07,7370,1,38023.2,0
103,4988,1999-08,7370,1,38023.2,0
103,4988,1999-09,7370,1,38023.2,0
103,4988,1999-10,7370,1,38023.2,0
103,4988,1999-11,7370,1,38023.2,0
103,4988,1999-12,7370,1,38023.2,0
103,4988,2000-01,7370,1,38023.2,0
103,4988,2000-02,7370,1,38023.2,0
103,4988,2000-03,7370,1,38023.2,0
103,4988,2000-04,7370,1,38023.2,0
103,4988,2000-05,7370,1,38023.2,0
103,4988,2000-06,7370,1,38023.2,0
103,4988,2000-07,7370,1,38023.2,0
103,4988,2000-08,7370,1,38023.2,0
103,4988,2000-09,7370,1,38023.2,0
103,4988,2000-10,7370,1,38023.2,0
103,4988,2000-11,7370,1,38023.2,0
103,4988,2000-12,7370,1,38023.2,0
7424,6502,1998-01,2523,0,29365.7,0
7424,6502,1998-02,2523,0,26161.9,0
7424,6502,1998-03,2523,0,15610.9,0
7424,6502,1998-04,2523,0,44428.3,0
7424,6502,1998-05,2523,0,65792.8,0
7424,6502,1998-06,2523,0,53561.5,0
7424,6502,1998-07,2523,0,52163.3,0
7424,6502,1998-08,2523,0,67619.8,0
7424,6502,1998-09,2523,0,19130.7,0
7424,6502,1998-10,2523,0,39679.4,0
7424,6502,1998-11,2523,0,45004.2,0
7424,6502,1998-12,2523,0,26029.5,0
3329,5651,1998-01,1604,0,21707.8,0
3329,5651,1998-02,1604,0,34608.2,0
3329,5651,1998-03,1604,0,33216.5,0
3329,5651,1998-04,1604,0,39803.6,0
3329,5651,1998-05,1604,0,45253.5,0
3329,5651,1998-06,1604,0,24360.9,0
3329,5651,1998-07,1604,0,32556.9,0
3329,5651,1998-08,1604,0,38377.8,0
3329,5651,1998-09,1604,0,39606.9,0
3329,5651,1998-10,1604,0,34867.3,0
3329,5651,1998-11,1604,0,32173.6,0
3329,5651,1998-12,1604,0,37235.2,0
25,4962,1998-01,2523,0,33170.2,0
25,4962,1998-02,2523,0,29981.0,0
25,4962,1998-03,2523,0,19444.6,0
25,4962,1998-04,2523,0,48276.5,0
25,4962,1998-05,2523,0,69655.6,0
25,4962,1998-06,2523,0,57438.9,0
25,4962,1998-07,2523,0,56055.3,0
25,4962,1998-08,2523,0,71526.4,0
25,4962,1998-09,2523,0,23051.9,0
25,4962,1998-10,2523,0,43615.2,0
25,4962,1998-11,2523,0,48954.6,0
25,4962,1998-12,2523,0,30199.4,0
4342,5862,1998-01,4172,0,53935.1,0
4342,5862,1998-02,4172,0,52919.3,0
4342,5862,1998-03,4172,0,82660.2,0
4342,5862,1998-04,4172,0,104136.9,0
4342,5862,1998-05,4172,0,85304.0,0
4342,5862,1998-06,4172,0,113238.1,0
4342,5862,1998-07,4172,0,106810.2,0
4342,5862,1998-08,4172,0,92494.3,0
4342,5862,1998-09,4172,0,92416.5,0
4342,5862,1998-10,4172,0,88963.0,0
4342,5862,1998-11,4172,0,86899.0,0
4342,5862,1998-12,4172,0,62482.7,0
4342,5862,1999-01,4172,0,62482.7,0
4342,5862,1999-02,4172,0,62482.7,0
4342,5862,1999-03,4172,0,62482.7,0
4342,5862,1999-04,4172,0,62482.7,0
4342,5862,1999-05,4172,0,62482.7,0
4342,5862,1999-06,4172,0,62482.7,0
4342,5862,1999-07,4172,0,62482.7,0
4342,5862,1999-08,4172,0,62482.7,0
4342,5862,1999-09,4172,0,62482.7,0
4342,5862,1999-10,4172,0,62482.7,0
4342,5862,1999-11,4172,0,62482.7,0
4342,5862,1999-12,4172,0,62482.7,0
10789,7199,1998-01,3814,0,42128.5,0
10789,7199,1998-02,3814,0,32461.5,0
10789,7199,1998-03,3814,0,20817.7,0
10789,7199,1998-04,3814,0,102790.2,0
10789,7199,1998-05,3814,0,88930.3,0
10789,7199,1998-06,3814,0,94885.8,0
10789,7199,1998-07,3814,0,99850.2,0
10789,7199,1998-08,3814,0,36419.3,0
10789,7199,1998-09,3814,0,37995.1,0
10789,7199,1998-10,3814,0,66552.8,0
10789,7199,1998-11,3814,0,86202.4,0
10789,7199,1998-12,3814,0,75280.4,0
8505,6727,1998-01,3570,0,26528.1,0
8505,6727,1998-02,3570,0,33338.7,0
8505,6727,1998-03,3570,0,35082.8,0
8505,6727,1998-04,3570,0,30982.5,0
8505,6727,1998-05,3570,0,32051.1,0
8505,6727,1998-06,3570,0,39581.8,0
8505,6727,1998-07,3570,0,35579.1,0
8505,6727,1998-08,3570,0,31229.4,0
8505,6727,1998-09,3570,0,26996.9,0
8505,6727,1998-10,3570,0,23085.3,0
8505,6727,1998-11,3570,0,28279.5,0
8505,6727,1998-12,3570,0,22754.9,0
11244,7279,1998-01,6490,0,24978.5,0
11244,7279,1998-02,6490,0,2971.4,1
11244,7279,1998-03,6490,0,9492.0,0
11244,7279,1998-04,6490,0,16597.5,0
11244,7279,1998-05,6490,0,69849.7,0
11244,7279,1998-06,6490,0,44450.9,0
11244,7279,1998-07,6490,0,41597.4,0
11244,7279,1998-08,6490,0,34016.7,0
11244,7279,1998-09,6490,0,46507.3,0
11244,7279,1998-10,6490,0,22425.5,0
11244,7279,1998-11,6490,0,11083.3,0
11244,7279,1998-12,6490,0,19049.3,0
11244,7279,1999-01,6490,0,19049.3,0
11244,7279,1999-02,6490,0,19049.3,0
11244,7279,1999-03,6490,0,19049.3,0
11244,7279,1999-04,6490,0,19049.3,0
11244,7279,1999-05,6490,0,19049.3,0
11244,7279,1999-06,6490,0,19049.3,0
11244,7279,1999-07,6490,0,19049.3,0
11244,7279,1999-08,6490,0,19049.3,0
11244,7279,1999-09,6490,0,19049.3,0
11244,7279,1999-10,6490,0,19049.3,0
11244,7279,1999-11,6490,0,19049.3,0
11244,7279,1999-12,6490,0,19049.3,0
7594,6544,1998-01,2718,0,26595.1,0
7594,6544,1998-02,2718,0,48847.4,0
7594,6544,1998-03,2718,0,39843.7,0
7594,6544,1998-04,2718,0,33889.4,0
7594,6544,1998-05,2718,0,25647.1,0
7594,6544,1998-06,2718,0,25708.9,0
7594,6544,1998-07,2718,0,72212.2,0
7594,6544,1998-08,2718,0,87125.9,0
7594,6544,1998-09,2718,0,41977.3,0
7594,6544,1998-10,2718,0,86173.4,0
7594,6544,1998-11,2718,0,62382.5,0
7594,6544,1998-12,2718,0,33623.0,0
7594,6544,1999-01,2718,0,33623.0,0
7594,6544,1999-02,2718,0,33623.0,0
7594,6544,1999-03,2718,0,33623.0,0
7594,6544,1999-04,2718,0,33623.0,0
7594,6544,1999-05,2718,0,33623.0,0
7594,6544,1999-06,2718,0,33623.0,0
7594,6544,1999-07,2718,0,33623.0,0
7594,6544,1999-08,2718,0,33623.0,0
7594,6544,1999-09,2718,0,33623.0,0
7594,6544,1999-10,2718,0,33623.0,0
7594,6544,1999-11,2718,0,33623.0,0
7594,6544,1999-12,2718,0,33623.0,0
7594,6544,2000-01,2718,0,33623.0,0
7594,6544,2000-02,2718,0,33623.0,0
7594,6544,2000-03,2718,0,33623.0,0
7594,6544,2000-04,2718,0,33623.0,0
7594,6544,2000-05,2718,0,33623.0,0
7594,6544,2000-06,2718,0,33623.0,0
7594,6544,2000-07,2718,0,33623.0,0
7594,6544,2000-08,2718,0,33623.0,0
7594,6544,2000-09,2718,0,33623.0,0
7594,6544,2000-10,2718,0,33623.0,0
7594,6544,2000-11,2718,0,33623.0,0
7594,6544,2000-12,2718,0,33623.0,0
7594,6544,2001-01,2718,0,33623.0,0
7594,6544,2001-02,2718,0,33623.0,0
7594,6544,2001-03,2718,0,33623.0,0
7594,6544,2001-04,2718,0,33623.0,0
7594,6544,2001-05,2718,0,33623.0,0
7594,6544,2001-06,2718,0,33623.0,0
7594,6544,2001-07,2718,0,33623.0,0
7594,6544,2001-08,2718,0,33623.0,0
7594,6544,2001-09,2718,0,33623.0,0
7594,6544,2001-10,2718,0,33623.0,0
7594,6544,2001-11,2718,0,33623.0,0
7594,6544,2001-12,2718,0,33623.0,0
4631,5933,1998-01,3647,0,31108.7,0
4631,5933,1998-02,3647,0,53745.5,0
4631,5933,1998-03,3647,0,67449.7,0
4631,5933,1998-04,3647,0,76800.6,0
4631,5933,1998-05,3647,0,80666.4,0
4631,5933,1998-06,3647,0,72768.6,0
4631,5933,1998-07,3647,0,86251.1,0
4631,5933,1998-08,3647,0,91964.6,0
4631,5933,1998-09,3647,0,96497.9,0
4631,5933,1998-10,3647,0,101150.5,0
4631,5933,1998-11,3647,0,45430.0,0
4631,5933,1998-12,3647,0,77200.2,0
4631,5933,1999-01,3647,0,77200.2,0
4631,5933,1999-02,3647,0,77200.2,0
4631,5933,1999-03,3647,0,77200.2,0
4631,5933,1999-04,3647,0,77200.2,0
4631,5933,1999-05,3647,0,77200.2,0
4631,5933,1999-06,3647,0,77200.2,0
4631,5933,1999-07,3647,0,77200.2,0
4631,5933,1999-08,3647,0,77200.2,0
4631,5933,1999-09,3647,0,77200.2,0
4631,5933,1999-10,3647,0,77200.2,0
4631,5933,1999-11,3647,0,77200.2,0
4631,5933,1999-12,3647,0,77200.2,0
7745,6574,1998-01,2154,0,22195.9,0
7745,6574,1998-02,2154,0,22041.2,0
7745,6574,1998-03,2154,0,33636.1,0
7745,6574,1998-04,2154,0,81893.7,0
7745,6574,1998-05,2154,0,40746.5,0
7745,6574,1998-06,2154,0,47124.1,0
7745,6574,1998-07,2154,0,49989.6,0
7745,6574,1998-08,2154,0,46679.7,0
7745,6574,1998-09,2154,0,71080.9,0
7745,6574,1998-10,2154,0,26482.1,0
7745,6574,1998-11,2154,0,25803.1,0
7745,6574,1998-12,2154,0,50613.5,0
7745,6574,1999-01,2154,0,50613.5,0
7745,6574,1999-02,2154,0,50613.5,0
7745,6574,1999-03,2154,0,50613.5,0
7745,6574,1999-04,2154,0,50613.5,0
7745,6574,1999-05,2154,0,50613.5,0
7745,6574,1999-06,2154,0,50613.5,0
7745,6574,1999-07,2154,0,50613.5,0
7745,6574,1999-08,2154,0,50613.5,0
7745,6574,1999-09,2154,0,50613.5,0
7745,6574,1999-10,2154,0,50613.5,0
7745,6574,1999-11,2154,0,50613.5,0
7745,6574,1999-12,2154,0,50613.5,0
7745,6574,2000-01,2154,0,50613.5,0
7745,6574,2000-02,2154,0,50613.5,0
7745,6574,2000-03,2154,0,50613.5,0
7745,6574,2000-04,2154,0,50613.5,0
7745,6574,2000-05,2154,0,50613.5,0
7745,6574,2000-06,2154,0,50613.5,0
7745,6574,2000-07,2154,0,50613.5,0
7745,6574,2000-08,2154,0,50613.5,0
7745,6574,2000-09,2154,0,50613.5,0
7745,6574,2000-10,2154,0,50613.5,0
7745,6574,2000-11,2154,0,50613.5,0
7745,6574,2000-12,2154,0,50613.5,0
6902,6399,1998-01,1370,0,16552.5,0
6902,6399,1998-02,1370,0,20260.5,0
6902,6399,1998-03,1370,0,19354.3,0
6902,6399,1998-04,1370,0,17462.4,0
6902,6399,1998-05,1370,0,15862.4,0
6902,6399,1998-06,1370,0,14046.7,0
6902,6399,1998-07,1370,0,15539.0,0
6902,6399,1998-08,1370,0,14731.5,0
6902,6399,1998-09,1370,0,16326.1,0
6902,6399,1998-10,1370,0,19932.8,0
6902,6399,1998-11,1370,0,17037.2,0
6902,6399,1998-12,1370,0,18028.2,0
6902,6399,1999-01,1370,0,18028.2,0
6902,6399,1999-02,1370,0,18028.2,0
6902,6399,1999-03,1370,0,18028.2,0
6902,6399,1999-04,1370,0,18028.2,0
6902,6399,1999-05,1370,0,18028.2,0
6902,6399,1999-06,1370,0,18028.2,0
6902,6399,1999-07,1370,0,18028.2,0
6902,6399,1999-08,1370,0,18028.2,0
6902,6399,1999-09,1370,0,18028.2,0
6902,6399,1999-10,1370,0,18028.2,0
6902,6399,1999-11,1370,0,18028.2,0
6902,6399,1999-12,1370,0,18028.2,0
6902,6399,2000-01,1370,0,18028.2,0
6902,6399,2000-02,1370,0,18028.2,0
6902,6399,2000-03,1370,0,18028.2,0
6902,6399,2000-04,1370,0,18028.2,0
6902,6399,2000-05,1370,0,18028.2,0
6902,6399,2000-06,1370,0,18028.2,0
6902,6399,2000-07,1370,0,18028.2,0
6902,6399,2000-08,1370,0,18028.2,0
6902,6399,2000-09,1370,0,18028.2,0
6902,6399,2000-10,1370,0,18028.2,0
6902,6399,2000-11,1370,0,18028.2,0
6902,6399,2000-12,1370,0,18028.2,0
10711,7187,1998-01,403,0,68968.2,0
10711,7187,1998-02,403,0,84042.0,0
10711,7187,1998-03,403,0,70556.0,0
10711,7187,1998-04,403,0,67776.0,0
10711,7187,1998-05,403,0,65482.3,0
10711,7187,1998-06,403,0,70235.4,0
10711,7187,1998-07,403,0,68049.0,0
10711,7187,1998-08,403,0,60335.2,0
10711,7187,1998-09,403,0,61278.1,0
10711,7187,1998-10,403,0,59322.2,0
10711,7187,1998-11,403,0,57183.4,0
10711,7187,1998-12,403,0,82019.9,0
10711,7187,1999-01,403,0,82019.9,0
10711,7187,1999-02,403,0,82019.9,0
10711,7187,1999-03,403,0,82019.9,0
10711,7187,1999-04,403,0,82019.9,0
10711,7187,1999-05,403,0,82019.9,0
10711,7187,1999-06,403,0,82019.9,0
10711,7187,1999-07,403,0,82019.9,0
10711,7187,1999-08,403,0,82019.9,0
10711,7187,1999-09,403,0,82019.9,0
10711,7187,1999-10,403,0,82019.9,0
10711,7187,1999-11,403,0,82019.9,0
10711,7187,1999-12,403,0,82019.9,0
10711,7187,2000-01,403,0,82019.9,0
10711,7187,2000-02,403,0,82019.9,0
10711,7187,2000-03,403,0,82019.9,0
10711,7187,2000-04,403,0,82019.9,0
10711,7187,2000-05,403,0,82019.9,0
10711,7187,2000-06,403,0,82019.9,0
10711,7187,2000-07,403,0,82019.9,0
10711,7187,2000-08,403,0,82019.9,0
10711,7187,2000-09,403,0,82019.9,0
10711,7187,2000-10,403,0,82019.9,0
10711,7187,2000-11,403,0,82019.9,0
10711,7187,2000-12,403,0,82019.9,0
10711,7187,2001-01,403,0,82019.9,0
10711,7187,2001-02,403,0,82019.9,0
10711,7187,2001-03,403,0,82019.9,0
10711,7187,2001-04,403,0,82019.9,0
10711,7187,2001-05,403,0,82019.9,0
10711,7187,2001-06,403,0,82019.9,0
10711,7187,2001-07,403,0,82019.9,0
10711,7187,2001-08,403,0,82019.9,0
10711,7187,2001-09,403,0,82019.9,0
10711,7187,2001-10,403,0,82019.9,0
10711,7187,2001-11,403,0,82019.9,0
10711,7187,2001-12,403,0,82019.9,0
10711,7187,2002-01,403,0,82019.9,0
10711,7187,2002-02,403,0,82019.9,0
10711,7187,2002-03,403,0,82019.9,0
10711,7187,2002-04,403,0,82019.9,0
10711,7187,2002-05,403,0,82019.9,0
10711,7187,2002-06,403,0,82019.9,0
10711,7187,2002-07,403,0,82019.9,0
10711,7187,2002-08,403,0,82019.9,0
10711,7187,2002-09,403,0,82019.9,0
10711,7187,2002-10,403,0,82019.9,0
10711,7187,2002-11,403,0,82019.9,0
10711,7187,2002-12,403,0,82019.9,0
6686,6353,1998-01,4854,0,20130.5,0
6686,6353,1998-02,4854,0,26609.0,0
6686,6353,1998-03,4854,0,43829.1,0
6686,6353,1998-04,4854,0,43924.2,0
6686,6353,1998-05,4854,0,21700.8,0
6686,6353,1998-06,4854,0,23225.8,0
6686,6353,1998-07,4854,0,26767.7,0
6686,6353,1998-08,4854,0,20735.9,0
6686,6353,1998-09,4854,0,20224.8,0
6686,6353,1998-10,4854,0,17408.2,0
6686,6353,1998-11,4854,0,22183.2,0
6686,6353,1998-12,4854,0,21735.1,0
6686,6353,1999-01,4854,0,21735.1,0
6686,6353,1999-02,4854,0,21735.1,0
6686,6353,1999-03,4854,0,21735.1,0
6686,6353,1999-04,4854,0,21735.1,0
6686,6353,1999-05,4854,0,21735.1,0
6686,6353,1999-06,4854,0,21735.1,0
6686,6353,1999-07,4854,0,21735.1,0
6686,6353,1999-08,4854,0,21735.1,0
6686,6353,1999-09,4854,0,21735.1,0
6686,6353,1999-10,4854,0,21735.1,0
6686,6353,1999-11,4854,0,21735.1,0
6686,6353,1999-12,4854,0,21735.1,0
339,5043,1998-01,7801,0,59531.8,0
339,5043,1998-02,7801,0,78659.5,0
339,5043,1998-03,7801,0,72038.2,0
339,5043,1998-04,7801,0,88930.6,0
339,5043,1998-05,7801,0,73772.7,0
339,5043,1998-06,7801,0,67220.9,0
339,5043,1998-07,7801,0,70715.0,0
339,5043,1998-08,7801,0,79085.2,0
339,5043,1998-09,7801,0,82256.5,0
339,5043,1998-10,7801,0,55190.8,0
339,5043,1998-11,7801,0,90368.9,0
339,5043,1998-12,7801,0,97986.3,0
339,5043,1999-01,7801,0,97986.3,0
339,5043,1999-02,7801,0,97986.3,0
339,5043,1999-03,7801,0,97986.3,0
339,5043,1999-04,7801,0,97986.3,0
339,5043,1999-05,7801,0,97986.3,0
339,5043,1999-06,7801,0,97986.3,0
339,5043,1999-07,7801,0,97986.3,0
339,5043,1999-08,7801,0,97986.3,0
339,5043,1999-09,7801,0,97986.3,0
339,5043,1999-10,7801,0,97986.3,0
339,5043,1999-11,7801,0,97986.3,0
339,5043,1999-12,7801,0,97986.3,0
339,5043,2000-01,7801,0,97986.3,0
339,5043,2000-02,7801,0,97986.3,0
339,5043,2000-03,7801,0,97986.3,0
339,5043,2000-04,7801,0,97986.3,0
339,5043,2000-05,7801,0,97986.3,0
339,5043,2000-06,7801,0,97986.3,0
339,5043,2000-07,7801,0,97986.3,0
339,5043,2000-08,7801,0,97986.3,0
339,5043,2000-09,7801,0,97986.3,0
339,5043,2000-10,7801,0,97986.3,0
339,5043,2000-11,7801,0,97986.3,0
339,5043,2000-12,7801,0,97986.3,0
339,5043,2001-01,7801,0,97986.3,0
339,5043,2001-02,7801,0,97986.3,0
339,5043,2001-03,7801,0,97986.3,0
339,5043,2001-04,7801,0,97986.3,0
339,5043,2001-05,7801,0,97986.3,0
339,5043,2001-06,7801,0,97986.3,0
339,5043,2001-07,7801,0,97986.3,0
339,5043,2001-08,7801,0,97986.3,0
339,5043,2001-09,7801,0,97986.3,0
339,5043,2001-10,7801,0,97986.3,0
339,5043,2001-11,7801,0,97986.3,0
339,5043,2001-12,7801,0,97986.3,0
339,5043,2002-01,7801,0,97986.3,0
339,5043,2002-02,7801,0,97986.3,0
339,5043,2002-03,7801,0,97986.3,0
339,5043,2002-04,7801,0,97986.3,0
339,5043,2002-05,7801,0,97986.3,0
339,5043,2002-06,7801,0,97986.3,0
339,5043,2002-07,7801,0,97986.3,0
339,5043,2002-08,7801,0,97986.3,0
339,5043,2002-09,7801,0,97986.3,0
339,5043,2002-10,7801,0,97986.3,0
339,5043,2002-11,7801,0,97986.3,0
339,5043,2002-12,7801,0,97986.3,0
2445,5469,1998-01,4886,0,33806.8,0
2445,5469,1998-02,4886,0,23106.8,0
2445,5469,1998-03,4886,0,64961.5,0
2445,5469,1998-04,4886,0,60152.0,0
2445,5469,1998-05,4886,0,37986.7,0
2445,5469,1998-06,4886,0,30639.4,0
2445,5469,1998-07,4886,0,21559.4,0
2445,5469,1998-08,4886,0,39343.9,0
2445,5469,1998-09,4886,0,50789.9,0
2445,5469,1998-10,4886,0,50614.8,0
2445,5469,1998-11,4886,0,47181.8,0
2445,5469,1998-12,4886,0,71271.1,0
2445,5469,1999-01,4886,0,71271.1,0
2445,5469,1999-02,4886,0,71271.1,0
2445,5469,1999-03,4886,0,71271.1,0
2445,5469,1999-04,4886,0,71271.1,0
2445,5469,1999-05,4886,0,71271.1,0
2445,5469,1999-06,4886,0,71271.1,0
2445,5469,1999-07,4886,0,71271.1,0
2445,5469,1999-08,4886,0,71271.1,0
2445,5469,1999-09,4886,0,71271.1,0
2445,5469,1999-10,4886,0,71271.1,0
2445,5469,1999-11,4886,0,71271.1,0
2445,5469,1999-12,4886,0,71271.1,0
2445,5469,2000-01,4886,0,71271.1,0
2445,5469,2000-02,4886,0,71271.1,0
2445,5469,2000-03,4886,0,71271.1,0
2445,5469,2000-04,4886,0,71271.1,0
2445,5469,2000-05,4886,0,71271.1,0
2445,5469,2000-06,4886,0,71271.1,0
2445,5469,2000-07,4886,0,71271.1,0
2445,5469,2000-08,4886,0,71271.1,0
2445,5469,2000-09,4886,0,71271.1,0
2445,5469,2000-10,4886,0,71271.1,0
2445,5469,2000-11,4886,0,71271.1,0
2445,5469,2000-12,4886,0,71271.1,0
2445,5469,2001-01,4886,0,71271.1,0
2445,5469,2001-02,4886,0,71271.1,0
2445,5469,2001-03,4886,0,71271.1,0
2445,5469,2001-04,4886,0,71271.1,0
2445,5469,2001-05,4886,0,71271.1,0
2445,5469,2001-06,4886,0,71271.1,0
2445,5469,2001-07,4886,0,71271.1,0
2445,5469,2001-08,4886,0,71271.1,0
2445,5469,2001-09,4886,0,71271.1,0
2445,5469,2001-10,4886,0,71271.1,0
2445,5469,2001-11,4886,0,71271.1,0
2445,5469,2001-12,4886,0,71271.1,0
2445,5469,2002-01,4886,0,71271.1,0
2445,5469,2002-02,4886,0,71271.1,0
2445,5469,2002-03,4886,0,71271.1,0
2445,5469,2002-04,4886,0,71271.1,0
2445,5469,2002-05,4886,0,71271.1,0
2445,5469,2002-06,4886,0,71271.1,0
2445,5469,2002-07,4886,0,71271.1,0
2445,5469,2002-08,4886,0,71271.1,0
2445,5469,2002-09,4886,0,71271.1,0
2445,5469,2002-10,4886,0,71271.1,0
2445,5469,2002-11,4886,0,71271.1,0
2445,5469,2002-12,4886,0,71271.1,0
4794,5976,1998-01,9698,1,13015.5,0
4794,5976,1998-02,9698,1,5113.5,1
4794,5976,1998-03,9698,1,2068.0,1
4794,5976,1998-04,9698,1,1540.9,1
4794,5976,1998-05,9698,1,1008.5,1
4794,5976,1998-06,9698,1,6342.2,1
4794,5976,1998-07,9698,1,2121.9,1
4794,5976,1998-08,9698,1,-1721.6,1
4794,5976,1998-09,9698,1,7855.7,1
4794,5976,1998-10,9698,1,6046.3,1
4794,5976,1998-11,9698,1,1322.2,1
4794,5976,1998-12,9698,1,6052.7,1
4794,5976,1999-01,9698,1,6052.7,1
4794,5976,1999-02,9698,1,6052.7,1
4794,5976,1999-03,9698,1,6052.7,1
4794,5976,1999-04,9698,1,6052.7,1
4794,5976,1999-05,9698,1,6052.7,1
4794,5976,1999-06,9698,1,6052.7,1
4794,5976,1999-07,9698,1,6052.7,1
4794,5976,1999-08,9698,1,6052.7,1
4794,5976,1999-09,9698,1,6052.7,1
4794,5976,1999-10,9698,1,6052.7,1
4794,5976,1999-11,9698,1,6052.7,1
4794,5976,1999-12,9698,1,6052.7,1
4794,5976,2000-01,9698,1,6052.7,1
4794,5976,2000-02,9698,1,6052.7,1
4794,5976,2000-03,9698,1,6052.7,1
4794,5976,2000-04,9698,1,6052.7,1
4794,5976,2000-05,9698,1,6052.7,1
4794,5976,2000-06,9698,1,6052.7,1
4794,5976,2000-07,9698,1,6052.7,1
4794,5976,2000-08,9698,1,6052.7,1
4794,5976,2000-09,9698,1,6052.7,1
4794,5976,2000-10,9698,1,6052.7,1
4794,5976,2000-11,9698,1,6052.7,1
4794,5976,2000-12,9698,1,6052.7,1
4794,5976,2001-01,9698,1,6052.7,1
4794,5976,2001-02,9698,1,6052.7,1
4794,5976,2001-03,9698,1,6052.7,1
4794,5976,2001-04,9698,1,6052.7,1
4794,5976,2001-05,9698,1,6052.7,1
4794,5976,2001-06,9698,1,6052.7,1
4794,5976,2001-07,9698,1,6052.7,1
4794,5976,2001-08,9698,1,6052.7,1
4794,5976,2001-09,9698,1,6052.7,1
4794,5976,2001-10,9698,1,6052.7,1
4794,5976,2001-11,9698,1,6052.7,1
4794,5976,2001-12,9698,1,6052.7,1
5196,6059,1998-01,6652,0,74684.7,0
5196,6059,1998-02,6652,0,94651.2,0
5196,6059,1998-03,6652,0,67643.4,0
5196,6059,1998-04,6652,0,86092.2,0
5196,6059,1998-05,6652,0,74728.2,0
5196,6059,1998-06,6652,0,46176.3,0
5196,6059,1998-07,6652,0,46773.6,0
5196,6059,1998-08,6652,0,25935.6,0
5196,6059,1998-09,6652,0,77479.0,0
5196,6059,1998-10,6652,0,46079.4,0
5196,6059,1998-11,6652,0,30017.9,0
5196,6059,1998-12,6652,0,16954.3,0
4052,5799,1998-01,2948,0,12976.4,0
4052,5799,1998-02,2948,0,27281.1,0
4052,5799,1998-03,2948,0,34454.7,0
4052,5799,1998-04,2948,0,44409.7,0
4052,5799,1998-05,2948,0,47928.5,0
4052,5799,1998-06,2948,0,45987.6,0
4052,5799,1998-07,2948,0,19325.7,0
4052,5799,1998-08,2948,0,20407.7,0
4052,5799,1998-09,2948,0,43951.3,0
4052,5799,1998-10,2948,0,56071.0,0
4052,5799,1998-11,2948,0,58091.3,0
4052,5799,1998-12,2948,0,36806.5,0
4052,5799,1999-01,2948,0,36806.5,0
4052,5799,1999-02,2948,0,36806.5,0
4052,5799,1999-03,2948,0,36806.5,0
4052,5799,1999-04,2948,0,36806.5,0
4052,5799,1999-05,2948,0,36806.5,0
4052,5799,1999-06,2948,0,36806.5,0
4052,5799,1999-07,2948,0,36806.5,0
4052,5799,1999-08,2948,0,36806.5,0
4052,5799,1999-09,2948,0,36806.5,0
4052,5799,1999-10,2948,0,36806.5,0
4052,5799,1999-11,2948,0,36806.5,0
4052,5799,1999-12,2948,0,36806.5,0
4052,5799,2000-01,2948,0,36806.5,0
4052,5799,2000-02,2948,0,36806.5,0
4052,5799,2000-03,2948,0,36806.5,0
4052,5799,2000-04,2948,0,36806.5,0
4052,5799,2000-05,2948,0,36806.5,0
4052,5799,2000-06,2948,0,36806.5,0
4052,5799,2000-07,2948,0,36806.5,0
4052,5799,2000-08,2948,0,36806.5,0
4052,5799,2000-09,2948,0,36806.5,0
4052,5799,2000-10,2948,0,36806.5,0
4052,5799,2000-11,2948,0,36806.5,0
4052,5799,2000-12,2948,0,36806.5,0
5602,6147,1998-01,3698,0,83789.4,0
5602,6147,1998-02,3698,0,68092.7,0
5602,6147,1998-03,3698,0,59387.1,0
5602,6147,1998-04,3698,0,25001.0,0
5602,6147,1998-05,3698,0,32407.4,0
5602,6147,1998-06,3698,0,86996.5,0
5602,6147,1998-07,3698,0,56202.6,0
5602,6147,1998-08,3698,0,52809.5,0
5602,6147,1998-09,3698,0,56462.2,0
5602,6147,1998-10,3698,0,50931.2,0
5602,6147,1998-11,3698,0,49161.9,0
5602,6147,1998-12,3698,0,69552.4,0
5602,6147,1999-01,3698,0,69552.4,0
5602,6147,1999-02,3698,0,69552.4,0
5602,6147,1999-03,3698,0,69552.4,0
5602,6147,1999-04,3698,0,69552.4,0
5602,6147,1999-05,3698,0,69552.4,0
5602,6147,1999-06,3698,0,69552.4,0
5602,6147,1999-07,3698,0,69552.4,0
5602,6147,1999-08,3698,0,69552.4,0
5602,6147,1999-09,3698,0,69552.4,0
5602,6147,1999-10,3698,0,69552.4,0
5602,6147,1999-11,3698,0,69552.4,0
5602,6147,1999-12,3698,0,69552.4,0
5602,6147,2000-01,3698,0,69552.4,0
5602,6147,2000-02,3698,0,69552.4,0
5602,6147,2000-03,3698,0,69552.4,0
5602,6147,2000-04,3698,0,69552.4,0
5602,6147,2000-05,3698,0,69552.4,0
5602,6147,2000-06,3698,0,69552.4,0
5602,6147,2000-07,3698,0,69552.4,0
5602,6147,2000-08,3698,0,69552.4,0
5602,6147,2000-09,3698,0,69552.4,0
5602,6147,2000-10,3698,0,69552.4,0
5602,6147,2000-11,3698,0,69552.4,0
5602,6147,2000-12,3698,0,69552.4,0
5602,6147,2001-01,3698,0,69552.4,0
5602,6147,2001-02,3698,0,69552.4,0
5602,6147,2001-03,3698,0,69552.4,0
5602,6147,2001-04,3698,0,69552.4,0
5602,6147,2001-05,3698,0,69552.4,0
5602,6147,2001-06,3698,0,69552.4,0
5602,6147,2001-07,3698,0,69552.4,0
5602,6147,2001-08,3698,0,69552.4,0
5602,6147,2001-09,3698,0,69552.4,0
5602,6147,2001-10,3698,0,69552.4,0
5602,6147,2001-11,3698,0,69552.4,0
5602,6147,2001-12,3698,0,69552.4,0
6157,6254,1998-01,5165,0,26588.2,0
6157,6254,1998-02,5165,0,19376.8,0
6157,6254,1998-03,5165,0,99779.6,0
6157,6254,1998-04,5165,0,75720.4,0
6157,6254,1998-05,5165,0,87624.5,0
6157,6254,1998-06,5165,0,55182.7,0
6157,6254,1998-07,5165,0,60350.4,0
6157,6254,1998-08,5165,0,79126.9,0
6157,6254,1998-09,5165,0,70643.3,0
6157,6254,1998-10,5165,0,77568.5,0
6157,6254,1998-11,5165,0,40384.8,0
6157,6254,1998-12,5165,0,61231.1,0
6157,6254,1999-01,5165,0,61231.1,0
6157,6254,1999-02,5165,0,61231.1,0
6157,6254,1999-03,5165,0,61231.1,0
6157,6254,1999-04,5165,0,61231.1,0
6157,6254,1999-05,5165,0,61231.1,0
6157,6254,1999-06,5165,0,61231.1,0
6157,6254,1999-07,5165,0,61231.1,0
6157,6254,1999-08,5165,0,61231.1,0
6157,6254,1999-09,5165,0,61231.1,0
6157,6254,1999-10,5165,0,61231.1,0
6157,6254,1999-11,5165,0,61231.1,0
6157,6254,1999-12,5165,0,61231.1,0
6157,6254,2000-01,5165,0,61231.1,0
6157,6254,2000-02,5165,0,61231.1,0
6157,6254,2000-03,5165,0,61231.1,0
6157,6254,2000-04,5165,0,61231.1,0
6157,6254,2000-05,5165,0,61231.1,0
6157,6254,2000-06,5165,0,61231.1,0
6157,6254,2000-07,5165,0,61231.1,0
6157,6254,2000-08,5165,0,61231.1,0
6157,6254,2000-09,5165,0,61231.1,0
6157,6254,2000-10,5165,0,61231.1,0
6157,6254,2000-11,5165,0,61231.1,0
6157,6254,2000-12,5165,0,61231.1,0
6157,6254,2001-01,5165,0,61231.1,0
6157,6254,2001-02,5165,0,61231.1,0
6157,6254,2001-03,5165,0,61231.1,0
6157,6254,2001-04,5165,0,61231.1,0
6157,6254,2001-05,5165,0,61231.1,0
6157,6254,2001-06,5165,0,61231.1,0
6157,6254,2001-07,5165,0,61231.1,0
6157,6254,2001-08,5165,0,61231.1,0
6157,6254,2001-09,5165,0,61231.1,0
6157,6254,2001-10,5165,0,61231.1,0
6157,6254,2001-11,5165,0,61231.1,0
6157,6254,2001-12,5165,0,61231.1,0
10280,7100,1998-01,5802,0,37926.1,0
10280,7100,1998-02,5802,0,53635.7,0
10280,7100,1998-03,5802,0,50976.6,0
10280,7100,1998-04,5802,0,55374.4,0
10280,7100,1998-05,5802,0,53001.5,0
10280,7100,1998-06,5802,0,51792.2,0
10280,7100,1998-07,5802,0,54826.4,0
10280,7100,1998-08,5802,0,62086.7,0
10280,7100,1998-09,5802,0,68181.6,0
10280,7100,1998-10,5802,0,72198.5,0
10280,7100,1998-11,5802,0,50481.3,0
10280,7100,1998-12,5802,0,94207.5,0
10280,7100,1999-01,5802,0,94207.5,0
10280,7100,1999-02,5802,0,94207.5,0
10280,7100,1999-03,5802,0,94207.5,0
10280,7100,1999-04,5802,0,94207.5,0
10280,7100,1999-05,5802,0,94207.5,0
10280,7100,1999-06,5802,0,94207.5,0
10280,7100,1999-07,5802,0,94207.5,0
10280,7100,1999-08,5802,0,94207.5,0
10280,7100,1999-09,5802,0,94207.5,0
10280,7100,1999-10,5802,0,94207.5,0
10280,7100,1999-11,5802,0,94207.5,0
10280,7100,1999-12,5802,0,94207.5,0
10280,7100,2000-01,5802,0,94207.5,0
10280,7100,2000-02,5802,0,94207.5,0
10280,7100,2000-03,5802,0,94207.5,0
10280,7100,2000-04,5802,0,94207.5,0
10280,7100,2000-05,5802,0,94207.5,0
10280,7100,2000-06,5802,0,94207.5,0
10280,7100,2000-07,5802,0,94207.5,0
10280,7100,2000-08,5802,0,94207.5,0
10280,7100,2000-09,5802,0,94207.5,0
10280,7100,2000-10,5802,0,94207.5,0
10280,7100,2000-11,5802,0,94207.5,0
10280,7100,2000-12,5802,0,94207.5,0
10280,7100,2001-01,5802,0,94207.5,0
10280,7100,2001-02,5802,0,94207.5,0
10280,7100,2001-03,5802,0,94207.5,0
10280,7100,2001-04,5802,0,94207.5,0
10280,7100,2001-05,5802,0,94207.5,0
10280,7100,2001-06,5802,0,94207.5,0
10280,7100,2001-07,5802,0,94207.5,0
10280,7100,2001-08,5802,0,94207.5,0
10280,7100,2001-09,5802,0,94207.5,0
10280,7100,2001-10,5802,0,94207.5,0
10280,7100,2001-11,5802,0,94207.5,0
10280,7100,2001-12,5802,0,94207.5,0
10280,7100,2002-01,5802,0,94207.5,0
10280,7100,2002-02,5802,0,94207.5,0
10280,7100,2002-03,5802,0,94207.5,0
10280,7100,2002-04,5802,0,94207.5,0
10280,7100,2002-05,5802,0,94207.5,0
10280,7100,2002-06,5802,0,94207.5,0
10280,7100,2002-07,5802,0,94207.5,0
10280,7100,2002-08,5802,0,94207.5,0
10280,7100,2002-09,5802,0,94207.5,0
10280,7100,2002-10,5802,0,94207.5,0
10280,7100,2002-11,5802,0,94207.5,0
10280,7100,2002-12,5802,0,94207.5,0
10478,7147,1998-02,5575,0,70774.2,0
10478,7147,1998-03,5575,0,31806.8,0
10478,7147,1998-04,5575,0,54212.3,0
10478,7147,1998-05,5575,0,54823.7,0
10478,7147,1998-06,5575,0,12320.1,0
10478,7147,1998-07,5575,0,24127.2,0
10478,7147,1998-08,5575,0,64264.2,0
10478,7147,1998-09,5575,0,47551.6,0
10478,7147,1998-10,5575,0,63000.1,0
10478,7147,1998-11,5575,0,62650.9,0
10478,7147,1998-12,5575,0,31106.7,0
10478,7147,1999-01,5575,0,31106.7,0
10478,7147,1999-02,5575,0,31106.7,0
10478,7147,1999-03,5575,0,31106.7,0
10478,7147,1999-04,5575,0,31106.7,0
10478,7147,1999-05,5575,0,31106.7,0
10478,7147,1999-06,5575,0,31106.7,0
10478,7147,1999-07,5575,0,31106.7,0
10478,7147,1999-08,5575,0,31106.7,0
10478,7147,1999-09,5575,0,31106.7,0
10478,7147,1999-10,5575,0,31106.7,0
10478,7147,1999-11,5575,0,31106.7,0
10478,7147,1999-12,5575,0,31106.7,0
10478,7147,2000-01,5575,0,31106.7,0
10478,7147,2000-02,5575,0,31106.7,0
10478,7147,2000-03,5575,0,31106.7,0
10478,7147,2000-04,5575,0,31106.7,0
10478,7147,2000-05,5575,0,31106.7,0
10478,7147,2000-06,5575,0,31106.7,0
10478,7147,2000-07,5575,0,31106.7,0
10478,7147,2000-08,5575,0,31106.7,0
10478,7147,2000-09,5575,0,31106.7,0
10478,7147,2000-10,5575,0,31106.7,0
10478,7147,2000-11,5575,0,31106.7,0
10478,7147,2000-12,5575,0,31106.7,0
10478,7147,2001-01,5575,0,31106.7,0
10478,7147,2001-02,5575,0,31106.7,0
10478,7147,2001-03,5575,0,31106.7,0
10478,7147,2001-04,5575,0,31106.7,0
10478,7147,2001-05,5575,0,31106.7,0
10478,7147,2001-06,5575,0,31106.7,0
10478,7147,2001-07,5575,0,31106.7,0
10478,7147,2001-08,5575,0,31106.7,0
10478,7147,2001-09,5575,0,31106.7,0
10478,7147,2001-10,5575,0,31106.7,0
10478,7147,2001-11,5575,0,31106.7,0
10478,7147,2001-12,5575,0,31106.7,0
10478,7147,2002-01,5575,0,31106.7,0
4550,5909,1998-02,1022,0,22006.7,0
4550,5909,1998-03,1022,0,23454.9,0
4550,5909,1998-04,1022,0,25310.6,0
4550,5909,1998-05,1022,0,27274.4,0
4550,5909,1998-06,1022,0,28759.5,0
4550,5909,1998-07,1022,0,18493.8,0
4550,5909,1998-08,1022,0,23233.1,0
4550,5909,1998-09,1022,0,26191.5,0
4550,5909,1998-10,1022,0,26160.7,0
4550,5909,1998-11,1022,0,21027.6,0
4550,5909,1998-12,1022,0,27178.9,0
4550,5909,1999-01,1022,0,27178.9,0
4550,5909,1999-02,1022,0,27178.9,0
4550,5909,1999-03,1022,0,27178.9,0
4550,5909,1999-04,1022,0,27178.9,0
4550,5909,1999-05,1022,0,27178.9,0
4550,5909,1999-06,1022,0,27178.9,0
4550,5909,1999-07,1022,0,27178.9,0
4550,5909,1999-08,1022,0,27178.9,0
4550,5909,1999-09,1022,0,27178.9,0
4550,5909,1999-10,1022,0,27178.9,0
4550,5909,1999-11,1022,0,27178.9,0
4550,5909,1999-12,1022,0,27178.9,0
4550,5909,2000-01,1022,0,27178.9,0
4550,5909,2000-02,1022,0,27178.9,0
4550,5909,2000-03,1022,0,27178.9,0
4550,5909,2000-04,1022,0,27178.9,0
4550,5909,2000-05,1022,0,27178.9,0
4550,5909,2000-06,1022,0,27178.9,0
4550,5909,2000-07,1022,0,27178.9,0
4550,5909,2000-08,1022,0,27178.9,0
4550,5909,2000-09,1022,0,27178.9,0
4550,5909,2000-10,1022,0,27178.9,0
4550,5909,2000-11,1022,0,27178.9,0
4550,5909,2000-12,1022,0,27178.9,0
4550,5909,2001-01,1022,0,27178.9,0
4550,5909,2001-02,1022,0,27178.9,0
4550,5909,2001-03,1022,0,27178.9,0
4550,5909,2001-04,1022,0,27178.9,0
4550,5909,2001-05,1022,0,27178.9,0
4550,5909,2001-06,1022,0,27178.9,0
4550,5909,2001-07,1022,0,27178.9,0
4550,5909,2001-08,1022,0,27178.9,0
4550,5909,2001-09,1022,0,27178.9,0
4550,5909,2001-10,1022,0,27178.9,0
4550,5909,2001-11,1022,0,27178.9,0
4550,5909,2001-12,1022,0,27178.9,0
4550,5909,2002-01,1022,0,27178.9,0
4550,5909,2002-02,1022,0,27178.9,0
4550,5909,2002-03,1022,0,27178.9,0
4550,5909,2002-04,1022,0,27178.9,0
4550,5909,2002-05,1022,0,27178.9,0
4550,5909,2002-06,1022,0,27178.9,0
4550,5909,2002-07,1022,0,27178.9,0
4550,5909,2002-08,1022,0,27178.9,0
4550,5909,2002-09,1022,0,27178.9,0
4550,5909,2002-10,1022,0,27178.9,0
4550,5909,2002-11,1022,0,27178.9,0
4550,5909,2002-12,1022,0,27178.9,0
4550,5909,2003-01,1022,0,27178.9,0
10022,7037,1998-02,4543,0,39986.9,0
10022,7037,1998-03,4543,0,45599.1,0
10022,7037,1998-04,4543,0,55043.8,0
10022,7037,1998-05,4543,0,57001.6,0
10022,7037,1998-06,4543,0,48225.0,0
10022,7037,1998-07,4543,0,44471.4,0
10022,7037,1998-08,4543,0,38427.8,0
10022,7037,1998-09,4543,0,44146.8,0
10022,7037,1998-10,4543,0,43229.0,0
10022,7037,1998-11,4543,0,41360.3,0
10022,7037,1998-12,4543,0,66172.6,0
10022,7037,1999-01,4543,0,66172.6,0
10022,7037,1999-02,4543,0,66172.6,0
10022,7037,1999-03,4543,0,66172.6,0
10022,7037,1999-04,4543,0,66172.6,0
10022,7037,1999-05,4543,0,66172.6,0
10022,7037,1999-06,4543,0,66172.6,0
10022,7037,1999-07,4543,0,66172.6,0
10022,7037,1999-08,4543,0,66172.6,0
10022,7037,1999-09,4543,0,66172.6,0
10022,7037,1999-10,4543,0,66172.6,0
10022,7037,1999-11,4543,0,66172.6,0
10022,7037,1999-12,4543,0,66172.6,0
10022,7037,2000-01,4543,0,66172.6,0
10022,7037,2000-02,4543,0,66172.6,0
10022,7037,2000-03,4543,0,66172.6,0
10022,7037,2000-04,4543,0,66172.6,0
10022,7037,2000-05,4543,0,66172.6,0
10022,7037,2000-06,4543,0,66172.6,0
10022,7037,2000-07,4543,0,66172.6,0
10022,7037,2000-08,4543,0,66172.6,0
10022,7037,2000-09,4543,0,66172.6,0
10022,7037,2000-10,4543,0,66172.6,0
10022,7037,2000-11,4543,0,66172.6,0
10022,7037,2000-12,4543,0,66172.6,0
10022,7037,2001-01,4543,0,66172.6,0
10022,7037,2001-02,4543,0,66172.6,0
10022,7037,2001-03,4543,0,66172.6,0
10022,7037,2001-04,4543,0,66172.6,0
10022,7037,2001-05,4543,0,66172.6,0
10022,7037,2001-06,4543,0,66172.6,0
10022,7037,2001-07,4543,0,66172.6,0
10022,7037,2001-08,4543,0,66172.6,0
10022,7037,2001-09,4543,0,66172.6,0
10022,7037,2001-10,4543,0,66172.6,0
10022,7037,2001-11,4543,0,66172.6,0
10022,7037,2001-12,4543,0,66172.6,0
10022,7037,2002-01,4543,0,66172.6,0
3953,5782,1998-02,5298,0,48237.8,0
3953,5782,1998-03,5298,0,58180.2,0
3953,5782,1998-04,5298,0,52213.6,0
3953,5782,1998-05,5298,0,57534.6,0
3953,5782,1998-06,5298,0,513.5,1
3953,5782,1998-07,5298,0,47943.5,0
3953,5782,1998-08,5298,0,68952.7,0
3953,5782,1998-09,5298,0,82126.3,0
3953,5782,1998-10,5298,0,87395.9,0
3953,5782,1998-11,5298,0,86070.8,0
3953,5782,1998-12,5298,0,70126.2,0
3953,5782,1999-01,5298,0,70126.2,0
6075,6237,1998-02,8499,1,14359.5,0
6075,6237,1998-03,8499,1,16864.0,0
6075,6237,1998-04,8499,1,7654.4,1
6075,6237,1998-05,8499,1,10624.2,0
6075,6237,1998-06,8499,1,15786.8,0
6075,6237,1998-07,8499,1,9780.5,0
6075,6237,1998-08,8499,1,15358.7,0
6075,6237,1998-09,8499,1,18066.7,0
6075,6237,1998-10,8499,1,11663.1,0
6075,6237,1998-11,8499,1,13353.0,0
6075,6237,1998-12,8499,1,18036.6,0
6075,6237,1999-01,8499,1,18036.6,0
6075,6237,1999-02,8499,1,18036.6,0
6075,6237,1999-03,8499,1,18036.6,0
6075,6237,1999-04,8499,1,18036.6,0
6075,6237,1999-05,8499,1,18036.6,0
6075,6237,1999-06,8499,1,18036.6,0
6075,6237,1999-07,8499,1,18036.6,0
6075,6237,1999-08,8499,1,18036.6,0
6075,6237,1999-09,8499,1,18036.6,0
6075,6237,1999-10,8499,1,18036.6,0
6075,6237,1999-11,8499,1,18036.6,0
6075,6237,1999-12,8499,1,18036.6,0
6075,6237,2000-01,8499,1,18036.6,0
6075,6237,2000-02,8499,1,18036.6,0
6075,6237,2000-03,8499,1,18036.6,0
6075,6237,2000-04,8499,1,18036.6,0
6075,6237,2000-05,8499,1,18036.6,0
6075,6237,2000-06,8499,1,18036.6,0
6075,6237,2000-07,8499,1,18036.6,0
6075,6237,2000-08,8499,1,18036.6,0
6075,6237,2000-09,8499,1,18036.6,0
6075,6237,2000-10,8499,1,18036.6,0
6075,6237,2000-11,8499,1,18036.6,0
6075,6237,2000-12,8499,1,18036.6,0
6075,6237,2001-01,8499,1,18036.6,0
6075,6237,2001-02,8499,1,18036.6,0
6075,6237,2001-03,8499,1,18036.6,0
6075,6237,2001-04,8499,1,18036.6,0
6075,6237,2001-05,8499,1,18036.6,0
6075,6237,2001-06,8499,1,18036.6,0
6075,6237,2001-07,8499,1,18036.6,0
6075,6237,2001-08,8499,1,18036.6,0
6075,6237,2001-09,8499,1,18036.6,0
6075,6237,2001-10,8499,1,18036.6,0
6075,6237,2001-11,8499,1,18036.6,0
6075,6237,2001-12,8499,1,18036.6,0
6075,6237,2002-01,8499,1,18036.6,0
7632,6552,1998-02,3551,0,43818.7,0
7632,6552,1998-03,3551,0,40146.4,0
7632,6552,1998-04,3551,0,45777.9,0
7632,6552,1998-05,3551,0,49629.0,0
7632,6552,1998-06,3551,0,60586.8,0
7632,6552,1998-07,3551,0,55509.7,0
7632,6552,1998-08,3551,0,59936.5,0
7632,6552,1998-09,3551,0,61940.7,0
7632,6552,1998-10,3551,0,54892.4,0
7632,6552,1998-11,3551,0,57071.4,0
7632,6552,1998-12,3551,0,55746.3,0
7632,6552,1999-01,3551,0,55746.3,0
7632,6552,1999-02,3551,0,55746.3,0
7632,6552,1999-03,3551,0,55746.3,0
7632,6552,1999-04,3551,0,55746.3,0
7632,6552,1999-05,3551,0,55746.3,0
7632,6552,1999-06,3551,0,55746.3,0
7632,6552,1999-07,3551,0,55746.3,0
7632,6552,1999-08,3551,0,55746.3,0
7632,6552,1999-09,3551,0,55746.3,0
7632,6552,1999-10,3551,0,55746.3,0
7632,6552,1999-11,3551,0,55746.3,0
7632,6552,1999-12,3551,0,55746.3,0
7632,6552,2000-01,3551,0,55746.3,0
7632,6552,2000-02,3551,0,55746.3,0
7632,6552,2000-03,3551,0,55746.3,0
7632,6552,2000-04,3551,0,55746.3,0
7632,6552,2000-05,3551,0,55746.3,0
7632,6552,2000-06,3551,0,55746.3,0
7632,6552,2000-07,3551,0,55746.3,0
7632,6552,2000-08,3551,0,55746.3,0
7632,6552,2000-09,3551,0,55746.3,0
7632,6552,2000-10,3551,0,55746.3,0
7632,6552,2000-11,3551,0,55746.3,0
7632,6552,2000-12,3551,0,55746.3,0
7632,6552,2001-01,3551,0,55746.3,0
7632,6552,2001-02,3551,0,55746.3,0
7632,6552,2001-03,3551,0,55746.3,0
7632,6552,2001-04,3551,0,55746.3,0
7632,6552,2001-05,3551,0,55746.3,0
7632,6552,2001-06,3551,0,55746.3,0
7632,6552,2001-07,3551,0,55746.3,0
7632,6552,2001-08,3551,0,55746.3,0
7632,6552,2001-09,3551,0,55746.3,0
7632,6552,2001-10,3551,0,55746.3,0
7632,6552,2001-11,3551,0,55746.3,0
7632,6552,2001-12,3551,0,55746.3,0
7632,6552,2002-01,3551,0,55746.3,0
10134,7067,1998-02,5682,0,23759.6,0
10134,7067,1998-03,5682,0,34736.6,0
10134,7067,1998-04,5682,0,62232.6,0
10134,7067,1998-05,5682,0,47297.8,0
10134,7067,1998-06,5682,0,22268.9,0
10134,7067,1998-07,5682,0,45793.9,0
10134,7067,1998-08,5682,0,25234.8,0
10134,7067,1998-09,5682,0,21179.1,0
10134,7067,1998-10,5682,0,33930.7,0
10134,7067,1998-11,5682,0,33399.2,0
10134,7067,1998-12,5682,0,54589.7,0
10134,7067,1999-01,5682,0,54589.7,0
10134,7067,1999-02,5682,0,54589.7,0
10134,7067,1999-03,5682,0,54589.7,0
10134,7067,1999-04,5682,0,54589.7,0
10134,7067,1999-05,5682,0,54589.7,0
10134,7067,1999-06,5682,0,54589.7,0
10134,7067,1999-07,5682,0,54589.7,0
10134,7067,1999-08,5682,0,54589.7,0
10134,7067,1999-09,5682,0,54589.7,0
10134,7067,1999-10,5682,0,54589.7,0
10134,7067,1999-11,5682,0,54589.7,0
10134,7067,1999-12,5682,0,54589.7,0
10134,7067,2000-01,5682,0,54589.7,0
1819,5320,1998-02,3991,0,73079.5,0
1819,5320,1998-03,3991,0,87474.0,0
1819,5320,1998-04,3991,0,95115.4,0
1819,5320,1998-05,3991,0,41594.4,0
1819,5320,1998-06,3991,0,78184.8,0
1819,5320,1998-07,3991,0,66869.4,0
1819,5320,1998-08,3991,0,52644.8,0
1819,5320,1998-09,3991,0,23199.9,0
1819,5320,1998-10,3991,0,82991.9,0
1819,5320,1998-11,3991,0,84846.8,0
1819,5320,1998-12,3991,0,105344.1,0
1819,5320,1999-01,3991,0,105344.1,0
1819,5320,1999-02,3991,0,105344.1,0
1819,5320,1999-03,3991,0,105344.1,0
1819,5320,1999-04,3991,0,105344.1,0
1819,5320,1999-05,3991,0,105344.1,0
1819,5320,1999-06,3991,0,105344.1,0
1819,5320,1999-07,3991,0,105344.1,0
1819,5320,1999-08,3991,0,105344.1,0
1819,5320,1999-09,3991,0,105344.1,0
1819,5320,1999-10,3991,0,105344.1,0
1819,5320,1999-11,3991,0,105344.1,0
1819,5320,1999-12,3991,0,105344.1,0
1819,5320,2000-01,3991,0,105344.1,0
1819,5320,2000-02,3991,0,105344.1,0
1819,5320,2000-03,3991,0,105344.1,0
1819,5320,2000-04,3991,0,105344.1,0
1819,5320,2000-05,3991,0,105344.1,0
1819,5320,2000-06,3991,0,105344.1,0
1819,5320,2000-07,3991,0,105344.1,0
1819,5320,2000-08,3991,0,105344.1,0
1819,5320,2000-09,3991,0,105344.1,0
1819,5320,2000-10,3991,0,105344.1,0
1819,5320,2000-11,3991,0,105344.1,0
1819,5320,2000-12,3991,0,105344.1,0
1819,5320,2001-01,3991,0,105344.1,0
4616,5930,1998-02,2779,0,41783.3,0
4616,5930,1998-03,2779,0,47159.4,0
4616,5930,1998-04,2779,0,87757.4,0
4616,5930,1998-05,2779,0,103554.5,0
4616,5930,1998-06,2779,0,55528.8,0
4616,5930,1998-07,2779,0,74986.7,0
4616,5930,1998-08,2779,0,98624.5,0
4616,5930,1998-09,2779,0,80645.3,0
4616,5930,1998-10,2779,0,65710.3,0
4616,5930,1998-11,2779,0,98259.9,0
4616,5930,1998-12,2779,0,63445.8,0
4616,5930,1999-01,2779,0,63445.8,0
4616,5930,1999-02,2779,0,63445.8,0
4616,5930,1999-03,2779,0,63445.8,0
4616,5930,1999-04,2779,0,63445.8,0
4616,5930,1999-05,2779,0,63445.8,0
4616,5930,1999-06,2779,0,63445.8,0
4616,5930,1999-07,2779,0,63445.8,0
4616,5930,1999-08,2779,0,63445.8,0
4616,5930,1999-09,2779,0,63445.8,0
4616,5930,1999-10,2779,0,63445.8,0
4616,5930,1999-11,2779,0,63445.8,0
4616,5930,1999-12,2779,0,63445.8,0
4616,5930,2000-01,2779,0,63445.8,0
7240,6486,1998-02,2536,0,22190.0,0
7240,6486,1998-03,2536,0,16899.6,0
7240,6486,1998-04,2536,0,14393.4,0
7240,6486,1998-05,2536,0,19495.9,0
7240,6486,1998-06,2536,0,23044.8,0
7240,6486,1998-07,2536,0,20462.6,0
7240,6486,1998-08,2536,0,15863.2,0
7240,6486,1998-09,2536,0,11343.9,0
7240,6486,1998-10,2536,0,10115.3,0
7240,6486,1998-11,2536,0,13695.6,0
7240,6486,1998-12,2536,0,13987.6,0
7240,6486,1999-01,2536,0,13987.6,0
7240,6486,1999-02,2536,0,13987.6,0
7240,6486,1999-03,2536,0,13987.6,0
7240,6486,1999-04,2536,0,13987.6,0
7240,6486,1999-05,2536,0,13987.6,0
7240,6486,1999-06,2536,0,13987.6,0
7240,6486,1999-07,2536,0,13987.6,0
7240,6486,1999-08,2536,0,13987.6,0
7240,6486,1999-09,2536,0,13987.6,0
7240,6486,1999-10,2536,0,13987.6,0
7240,6486,1999-11,2536,0,13987.6,0
7240,6486,1999-12,2536,0,13987.6,0
7240,6486,2000-01,2536,0,13987.6,0
7240,6486,2000-02,2536,0,13987.6,0
7240,6486,2000-03,2536,0,13987.6,0
7240,6486,2000-04,2536,0,13987.6,0
7240,6486,2000-05,2536,0,13987.6,0
7240,6486,2000-06,2536,0,13987.6,0
7240,6486,2000-07,2536,0,13987.6,0
7240,6486,2000-08,2536,0,13987.6,0
7240,6486,2000-09,2536,0,13987.6,0
7240,6486,2000-10,2536,0,13987.6,0
7240,6486,2000-11,2536,0,13987.6,0
7240,6486,2000-12,2536,0,13987.6,0
7240,6486,2001-01,2536,0,13987.6,0
7240,6486,2001-02,2536,0,13987.6,0
7240,6486,2001-03,2536,0,13987.6,0
7240,6486,2001-04,2536,0,13987.6,0
7240,6486,2001-05,2536,0,13987.6,0
7240,6486,2001-06,2536,0,13987.6,0
7240,6486,2001-07,2536,0,13987.6,0
7240,6486,2001-08,2536,0,13987.6,0
7240,6486,2001-09,2536,0,13987.6,0
7240,6486,2001-10,2536,0,13987.6,0
7240,6486,2001-11,2536,0,13987.6,0
7240,6486,2001-12,2536,0,13987.6,0
7240,6486,2002-01,2536,0,13987.6,0
7240,6486,2002-02,2536,0,13987.6,0
7240,6486,2002-03,2536,0,13987.6,0
7240,6486,2002-04,2536,0,13987.6,0
7240,6486,2002-05,2536,0,13987.6,0
7240,6486,2002-06,2536,0,13987.6,0
7240,6486,2002-07,2536,0,13987.6,0
7240,6486,2002-08,2536,0,13987.6,0
7240,6486,2002-09,2536,0,13987.6,0
7240,6486,2002-10,2536,0,13987.6,0
7240,6486,2002-11,2536,0,13987.6,0
7240,6486,2002-12,2536,0,13987.6,0
7240,6486,2003-01,2536,0,13987.6,0
1407,5245,1998-02,5228,0,53975.1,0
1407,5245,1998-03,5228,0,54544.2,0
1407,5245,1998-04,5228,0,64859.0,0
1407,5245,1998-05,5228,0,84999.0,0
1407,5245,1998-06,5228,0,90319.2,0
1407,5245,1998-07,5228,0,106055.9,0
1407,5245,1998-08,5228,0,84715.2,0
1407,5245,1998-09,5228,0,65509.6,0
1407,5245,1998-10,5228,0,116523.0,0
1407,5245,1998-11,5228,0,50642.7,0
1407,5245,1998-12,5228,0,74174.8,0
1407,5245,1999-01,5228,0,74174.8,0
1407,5245,1999-02,5228,0,74174.8,0
1407,5245,1999-03,5228,0,74174.8,0
1407,5245,1999-04,5228,0,74174.8,0
1407,5245,1999-05,5228,0,74174.8,0
1407,5245,1999-06,5228,0,74174.8,0
1407,5245,1999-07,5228,0,74174.8,0
1407,5245,1999-08,5228,0,74174.8,0
1407,5245,1999-09,5228,0,74174.8,0
1407,5245,1999-10,5228,0,74174.8,0
1407,5245,1999-11,5228,0,74174.8,0
1407,5245,1999-12,5228,0,74174.8,0
1407,5245,2000-01,5228,0,74174.8,0
8038,6643,1998-02,1494,0,73316.1,0
8038,6643,1998-03,1494,0,70392.8,0
8038,6643,1998-04,1494,0,69158.9,0
8038,6643,1998-05,1494,0,64208.8,0
8038,6643,1998-06,1494,0,55203.8,0
8038,6643,1998-07,1494,0,49278.3,0
8038,6643,1998-08,1494,0,54875.9,0
8038,6643,1998-09,1494,0,57784.0,0
8038,6643,1998-10,1494,0,63417.0,0
8038,6643,1998-11,1494,0,67969.2,0
8038,6643,1998-12,1494,0,77282.5,0
8038,6643,1999-01,1494,0,77282.5,0
8038,6643,1999-02,1494,0,77282.5,0
8038,6643,1999-03,1494,0,77282.5,0
8038,6643,1999-04,1494,0,77282.5,0
8038,6643,1999-05,1494,0,77282.5,0
8038,6643,1999-06,1494,0,77282.5,0
8038,6643,1999-07,1494,0,77282.5,0
8038,6643,1999-08,1494,0,77282.5,0
8038,6643,1999-09,1494,0,77282.5,0
8038,6643,1999-10,1494,0,77282.5,0
8038,6643,1999-11,1494,0,77282.5,0
8038,6643,1999-12,1494,0,77282.5,0
8038,6643,2000-01,1494,0,77282.5,0
1480,5260,1998-02,3425,0,63821.3,0
1480,5260,1998-03,3425,0,41903.5,0
1480,5260,1998-04,3425,0,34631.4,0
1480,5260,1998-05,3425,0,25703.9,0
1480,5260,1998-06,3425,0,24954.8,0
1480,5260,1998-07,3425,0,70666.2,0
1480,5260,1998-08,3425,0,52254.7,0
1480,5260,1998-09,3425,0,84171.4,0
1480,5260,1998-10,3425,0,64697.0,0
1480,5260,1998-11,3425,0,44580.3,0
1480,5260,1998-12,3425,0,29674.6,0
1480,5260,1999-01,3425,0,29674.6,0
1480,5260,1999-02,3425,0,29674.6,0
1480,5260,1999-03,3425,0,29674.6,0
1480,5260,1999-04,3425,0,29674.6,0
1480,5260,1999-05,3425,0,29674.6,0
1480,5260,1999-06,3425,0,29674.6,0
1480,5260,1999-07,3425,0,29674.6,0
1480,5260,1999-08,3425,0,29674.6,0
1480,5260,1999-09,3425,0,29674.6,0
1480,5260,1999-10,3425,0,29674.6,0
1480,5260,1999-11,3425,0,29674.6,0
1480,5260,1999-12,3425,0,29674.6,0
1480,5260,2000-01,3425,0,29674.6,0
1480,5260,2000-02,3425,0,29674.6,0
1480,5260,2000-03,3425,0,29674.6,0
1480,5260,2000-04,3425,0,29674.6,0
1480,5260,2000-05,3425,0,29674.6,0
1480,5260,2000-06,3425,0,29674.6,0
1480,5260,2000-07,3425,0,29674.6,0
1480,5260,2000-08,3425,0,29674.6,0
1480,5260,2000-09,3425,0,29674.6,0
1480,5260,2000-10,3425,0,29674.6,0
1480,5260,2000-11,3425,0,29674.6,0
1480,5260,2000-12,3425,0,29674.6,0
1480,5260,2001-01,3425,0,29674.6,0
2936,5569,1998-02,8400,0,29750.2,0
2936,5569,1998-03,8400,0,31981.7,0
2936,5569,1998-04,8400,0,24627.9,0
2936,5569,1998-05,8400,0,32350.7,0
2936,5569,1998-06,8400,0,35984.0,0
2936,5569,1998-07,8400,0,38702.1,0
2936,5569,1998-08,8400,0,40794.4,0
2936,5569,1998-09,8400,0,46995.0,0
2936,5569,1998-10,8400,0,45492.0,0
2936,5569,1998-11,8400,0,46590.0,0
2936,5569,1998-12,8400,0,45255.1,0
2936,5569,1999-01,8400,0,45255.1,0
2936,5569,1999-02,8400,0,45255.1,0
2936,5569,1999-03,8400,0,45255.1,0
2936,5569,1999-04,8400,0,45255.1,0
2936,5569,1999-05,8400,0,45255.1,0
2936,5569,1999-06,8400,0,45255.1,0
2936,5569,1999-07,8400,0,45255.1,0
2936,5569,1999-08,8400,0,45255.1,0
2936,5569,1999-09,8400,0,45255.1,0
2936,5569,1999-10,8400,0,45255.1,0
2936,5569,1999-11,8400,0,45255.1,0
2936,5569,1999-12,8400,0,45255.1,0
2936,5569,2000-01,8400,0,45255.1,0
2936,5569,2000-02,8400,0,45255.1,0
2936,5569,2000-03,8400,0,45255.1,0
2936,5569,2000-04,8400,0,45255.1,0
2936,5569,2000-05,8400,0,45255.1,0
2936,5569,2000-06,8400,0,45255.1,0
2936,5569,2000-07,8400,0,45255.1,0
2936,5569,2000-08,8400,0,45255.1,0
2936,5569,2000-09,8400,0,45255.1,0
2936,5569,2000-10,8400,0,45255.1,0
2936,5569,2000-11,8400,0,45255.1,0
2936,5569,2000-12,8400,0,45255.1,0
2936,5569,2001-01,8400,0,45255.1,0
2936,5569,2001-02,8400,0,45255.1,0
2936,5569,2001-03,8400,0,45255.1,0
2936,5569,2001-04,8400,0,45255.1,0
2936,5569,2001-05,8400,0,45255.1,0
2936,5569,2001-06,8400,0,45255.1,0
2936,5569,2001-07,8400,0,45255.1,0
2936,5569,2001-08,8400,0,45255.1,0
2936,5569,2001-09,8400,0,45255.1,0
2936,5569,2001-10,8400,0,45255.1,0
2936,5569,2001-11,8400,0,45255.1,0
2936,5569,2001-12,8400,0,45255.1,0
2936,5569,2002-01,8400,0,45255.1,0
2936,5569,2002-02,8400,0,45255.1,0
2936,5569,2002-03,8400,0,45255.1,0
2936,5569,2002-04,8400,0,45255.1,0
2936,5569,2002-05,8400,0,45255.1,0
2936,5569,2002-06,8400,0,45255.1,0
2936,5569,2002-07,8400,0,45255.1,0
2936,5569,2002-08,8400,0,45255.1,0
2936,5569,2002-09,8400,0,45255.1,0
2936,5569,2002-10,8400,0,45255.1,0
2936,5569,2002-11,8400,0,45255.1,0
2936,5569,2002-12,8400,0,45255.1,0
2936,5569,2003-01,8400,0,45255.1,0
10345,7110,1998-02,2605,0,12509.4,0
10345,7110,1998-03,2605,0,12815.9,0
10345,7110,1998-04,2605,0,13623.9,0
10345,7110,1998-05,2605,0,14435.2,0
10345,7110,1998-06,2605,0,20321.6,0
10345,7110,1998-07,2605,0,21160.7,0
10345,7110,1998-08,2605,0,22003.3,0
10345,7110,1998-09,2605,0,17426.8,0
10345,7110,1998-10,2605,0,18253.7,0
10345,7110,1998-11,2605,0,19084.0,0
10345,7110,1998-12,2605,0,20975.7,0
10345,7110,1999-01,2605,0,20975.7,0
10445,7139,1998-02,1951,0,59683.7,0
10445,7139,1998-03,1951,0,58772.8,0
10445,7139,1998-04,1951,0,56817.5,0
10445,7139,1998-05,1951,0,59600.2,0
10445,7139,1998-06,1951,0,49291.8,0
10445,7139,1998-07,1951,0,56849.9,0
10445,7139,1998-08,1951,0,65640.2,0
10445,7139,1998-09,1951,0,68052.7,0
10445,7139,1998-10,1951,0,65365.7,0
10445,7139,1998-11,1951,0,69077.3,0
10445,7139,1998-12,1951,0,77583.9,0
10445,7139,1999-01,1951,0,77583.9,0
8926,6791,1998-02,9444,0,34011.6,0
8926,6791,1998-03,9444,0,34128.0,0
8926,6791,1998-04,9444,0,34274.2,0
8926,6791,1998-05,9444,0,32725.6,0
8926,6791,1998-06,9444,0,34117.8,0
8926,6791,1998-07,9444,0,37729.7,0
8926,6791,1998-08,9444,0,37784.6,0
8926,6791,1998-09,9444,0,36337.1,0
8926,6791,1998-10,9444,0,35310.7,0
8926,6791,1998-11,9444,0,30420.5,0
8926,6791,1998-12,9444,0,40138.2,0
8926,6791,1999-01,9444,0,40138.2,0
8926,6791,1999-02,9444,0,40138.2,0
8926,6791,1999-03,9444,0,40138.2,0
8926,6791,1999-04,9444,0,40138.2,0
8926,6791,1999-05,9444,0,40138.2,0
8926,6791,1999-06,9444,0,40138.2,0
8926,6791,1999-07,9444,0,40138.2,0
8926,6791,1999-08,9444,0,40138.2,0
8926,6791,1999-09,9444,0,40138.2,0
8926,6791,1999-10,9444,0,40138.2,0
8926,6791,1999-11,9444,0,40138.2,0
8926,6791,1999-12,9444,0,40138.2,0
8926,6791,2000-01,9444,0,40138.2,0
8926,6791,2000-02,9444,0,40138.2,0
8926,6791,2000-03,9444,0,40138.2,0
8926,6791,2000-04,9444,0,40138.2,0
8926,6791,2000-05,9444,0,40138.2,0
8926,6791,2000-06,9444,0,40138.2,0
8926,6791,2000-07,9444,0,40138.2,0
8926,6791,2000-08,9444,0,40138.2,0
8926,6791,2000-09,9444,0,40138.2,0
8926,6791,2000-10,9444,0,40138.2,0
8926,6791,2000-11,9444,0,40138.2,0
8926,6791,2000-12,9444,0,40138.2,0
8926,6791,2001-01,9444,0,40138.2,0
8926,6791,2001-02,9444,0,40138.2,0
8926,6791,2001-03,9444,0,40138.2,0
8926,6791,2001-04,9444,0,40138.2,0
8926,6791,2001-05,9444,0,40138.2,0
8926,6791,2001-06,9444,0,40138.2,0
8926,6791,2001-07,9444,0,40138.2,0
8926,6791,2001-08,9444,0,40138.2,0
8926,6791,2001-09,9444,0,40138.2,0
8926,6791,2001-10,9444,0,40138.2,0
8926,6791,2001-11,9444,0,40138.2,0
8926,6791,2001-12,9444,0,40138.2,0
8926,6791,2002-01,9444,0,40138.2,0
8926,6791,2002-02,9444,0,40138.2,0
8926,6791,2002-03,9444,0,40138.2,0
8926,6791,2002-04,9444,0,40138.2,0
8926,6791,2002-05,9444,0,40138.2,0
8926,6791,2002-06,9444,0,40138.2,0
8926,6791,2002-07,9444,0,40138.2,0
8926,6791,2002-08,9444,0,40138.2,0
8926,6791,2002-09,9444,0,40138.2,0
8926,6791,2002-10,9444,0,40138.2,0
8926,6791,2002-11,9444,0,40138.2,0
8926,6791,2002-12,9444,0,40138.2,0
8926,6791,2003-01,9444,0,40138.2,0
2035,5360,1998-02,4898,0,34326.9,0
2035,5360,1998-03,4898,0,51780.8,0
2035,5360,1998-04,4898,0,48763.5,0
2035,5360,1998-05,4898,0,38430.0,0
2035,5360,1998-06,4898,0,42895.8,0
2035,5360,1998-07,4898,0,35326.7,0
2035,5360,1998-08,4898,0,40359.0,0
2035,5360,1998-09,4898,0,41302.5,0
2035,5360,1998-10,4898,0,36026.8,0
2035,5360,1998-11,4898,0,48464.5,0
2035,5360,1998-12,4898,0,75392.1,0
2035,5360,1999-01,4898,0,75392.1,0
2035,5360,1999-02,4898,0,75392.1,0
2035,5360,1999-03,4898,0,75392.1,0
2035,5360,1999-04,4898,0,75392.1,0
2035,5360,1999-05,4898,0,75392.1,0
2035,5360,1999-06,4898,0,75392.1,0
2035,5360,1999-07,4898,0,75392.1,0
2035,5360,1999-08,4898,0,75392.1,0
2035,5360,1999-09,4898,0,75392.1,0
2035,5360,1999-10,4898,0,75392.1,0
2035,5360,1999-11,4898,0,75392.1,0
2035,5360,1999-12,4898,0,75392.1,0
2035,5360,2000-01,4898,0,75392.1,0
2035,5360,2000-02,4898,0,75392.1,0
2035,5360,2000-03,4898,0,75392.1,0
2035,5360,2000-04,4898,0,75392.1,0
2035,5360,2000-05,4898,0,75392.1,0
2035,5360,2000-06,4898,0,75392.1,0
2035,5360,2000-07,4898,0,75392.1,0
2035,5360,2000-08,4898,0,75392.1,0
2035,5360,2000-09,4898,0,75392.1,0
2035,5360,2000-10,4898,0,75392.1,0
2035,5360,2000-11,4898,0,75392.1,0
2035,5360,2000-12,4898,0,75392.1,0
2035,5360,2001-01,4898,0,75392.1,0
1638,5287,1998-02,2676,0,25103.7,0
1638,5287,1998-03,2676,0,27861.4,0
1638,5287,1998-04,2676,0,27322.4,0
1638,5287,1998-05,2676,0,28092.0,0
1638,5287,1998-06,2676,0,32366.2,0
1638,5287,1998-07,2676,0,45148.7,0
1638,5287,1998-08,2676,0,42673.9,0
1638,5287,1998-09,2676,0,34726.5,0
1638,5287,1998-10,2676,0,41134.5,0
1638,5287,1998-11,2676,0,39044.0,0
1638,5287,1998-12,2676,0,27015.4,0
1638,5287,1999-01,2676,0,27015.4,0
1638,5287,1999-02,2676,0,27015.4,0
1638,5287,1999-03,2676,0,27015.4,0
1638,5287,1999-04,2676,0,27015.4,0
1638,5287,1999-05,2676,0,27015.4,0
1638,5287,1999-06,2676,0,27015.4,0
1638,5287,1999-07,2676,0,27015.4,0
1638,5287,1999-08,2676,0,27015.4,0
1638,5287,1999-09,2676,0,27015.4,0
1638,5287,1999-10,2676,0,27015.4,0
1638,5287,1999-11,2676,0,27015.4,0
1638,5287,1999-12,2676,0,27015.4,0
1638,5287,2000-01,2676,0,27015.4,0
7636,6553,1998-02,3532,0,28303.7,0
7636,6553,1998-03,3532,0,29781.6,0
7636,6553,1998-04,3532,0,24150.0,0
7636,6553,1998-05,3532,0,37827.9,0
7636,6553,1998-06,3532,0,42917.1,0
7636,6553,1998-07,3532,0,39378.9,0
7636,6553,1998-08,3532,0,42676.5,0
7636,6553,1998-09,3532,0,41986.6,0
7636,6553,1998-10,3532,0,34889.3,0
7636,6553,1998-11,3532,0,33967.4,0
7636,6553,1998-12,3532,0,30233.9,0
7636,6553,1999-01,3532,0,30233.9,0
10148,7072,1998-02,1842,0,46155.5,0
10148,7072,1998-03,1842,0,54963.2,0
10148,7072,1998-04,1842,0,52370.7,0
10148,7072,1998-05,1842,0,52674.4,0
10148,7072,1998-06,1842,0,44337.4,0
10148,7072,1998-07,1842,0,47116.4,0
10148,7072,1998-08,1842,0,51010.6,0
10148,7072,1998-09,1842,0,54420.1,0
10148,7072,1998-10,1842,0,57241.2,0
10148,7072,1998-11,1842,0,59471.5,0
10148,7072,1998-12,1842,0,64879.2,0
10148,7072,1999-01,1842,0,64879.2,0
5133,6044,1998-02,4755,0,89049.6,0
5133,6044,1998-03,4755,0,89252.5,0
5133,6044,1998-04,4755,0,58393.2,0
5133,6044,1998-05,4755,0,72588.3,0
5133,6044,1998-06,4755,0,60956.4,0
5133,6044,1998-07,4755,0,49464.7,0
5133,6044,1998-08,4755,0,41004.7,0
5133,6044,1998-09,4755,0,31374.8,0
5133,6044,1998-10,4755,0,18439.4,0
5133,6044,1998-11,4755,0,38475.8,0
5133,6044,1998-12,4755,0,81475.2,0
5133,6044,1999-01,4755,0,81475.2,0
1869,5332,1998-02,1054,0,76943.8,0
1869,5332,1998-03,1054,0,75659.8,0
1869,5332,1998-04,1054,0,80583.0,0
1869,5332,1998-05,1054,0,85125.1,0
1869,5332,1998-06,1054,0,82119.7,0
1869,5332,1998-07,1054,0,83258.4,0
1869,5332,1998-08,1054,0,84702.4,0
1869,5332,1998-09,1054,0,89361.2,0
1869,5332,1998-10,1054,0,87019.8,0
1869,5332,1998-11,1054,0,88080.8,0
1869,5332,1998-12,1054,0,93167.1,0
1869,5332,1999-01,1054,0,93167.1,0
1869,5332,1999-02,1054,0,93167.1,0
1869,5332,1999-03,1054,0,93167.1,0
1869,5332,1999-04,1054,0,93167.1,0
1869,5332,1999-05,1054,0,93167.1,0
1869,5332,1999-06,1054,0,93167.1,0
1869,5332,1999-07,1054,0,93167.1,0
1869,5332,1999-08,1054,0,93167.1,0
1869,5332,1999-09,1054,0,93167.1,0
1869,5332,1999-10,1054,0,93167.1,0
1869,5332,1999-11,1054,0,93167.1,0
1869,5332,1999-12,1054,0,93167.1,0
1869,5332,2000-01,1054,0,93167.1,0
1869,5332,2000-02,1054,0,93167.1,0
1869,5332,2000-03,1054,0,93167.1,0
1869,5332,2000-04,1054,0,93167.1,0
1869,5332,2000-05,1054,0,93167.1,0
1869,5332,2000-06,1054,0,93167.1,0
1869,5332,2000-07,1054,0,93167.1,0
1869,5332,2000-08,1054,0,93167.1,0
1869,5332,2000-09,1054,0,93167.1,0
1869,5332,2000-10,1054,0,93167.1,0
1869,5332,2000-11,1054,0,93167.1,0
1869,5332,2000-12,1054,0,93167.1,0
1869,5332,2001-01,1054,0,93167.1,0
9201,6866,1998-03,5103,0,42468.5,0
9201,6866,1998-04,5103,0,50286.6,0
9201,6866,1998-05,5103,0,43234.1,0
9201,6866,1998-06,5103,0,52872.7,0
9201,6866,1998-07,5103,0,67439.2,0
9201,6866,1998-08,5103,0,57044.5,0
9201,6866,1998-09,5103,0,58044.7,0
9201,6866,1998-10,5103,0,42880.3,0
9201,6866,1998-11,5103,0,48099.4,0
9201,6866,1998-12,5103,0,47408.2,0
9201,6866,1999-01,5103,0,47408.2,0
9201,6866,1999-02,5103,0,47408.2,0
9201,6866,1999-03,5103,0,47408.2,0
9201,6866,1999-04,5103,0,47408.2,0
9201,6866,1999-05,5103,0,47408.2,0
9201,6866,1999-06,5103,0,47408.2,0
9201,6866,1999-07,5103,0,47408.2,0
9201,6866,1999-08,5103,0,47408.2,0
9201,6866,1999-09,5103,0,47408.2,0
9201,6866,1999-10,5103,0,47408.2,0
9201,6866,1999-11,5103,0,47408.2,0
9201,6866,1999-12,5103,0,47408.2,0
9201,6866,2000-01,5103,0,47408.2,0
9201,6866,2000-02,5103,0,47408.2,0
7997,6633,1998-03,6694,0,55650.5,0
7997,6633,1998-04,6694,0,79512.6,0
7997,6633,1998-05,6694,0,64182.5,0
7997,6633,1998-06,6694,0,17555.9,0
7997,6633,1998-07,6694,0,50180.9,0
7997,6633,1998-08,6694,0,65482.5,0
7997,6633,1998-09,6694,0,37213.7,0
7997,6633,1998-10,6694,0,18711.7,0
7997,6633,1998-11,6694,0,73533.5,0
7997,6633,1998-12,6694,0,38830.8,0
7997,6633,1999-01,6694,0,38830.8,0
7997,6633,1999-02,6694,0,38830.8,0
7997,6633,1999-03,6694,0,38830.8,0
7997,6633,1999-04,6694,0,38830.8,0
7997,6633,1999-05,6694,0,38830.8,0
7997,6633,1999-06,6694,0,38830.8,0
7997,6633,1999-07,6694,0,38830.8,0
7997,6633,1999-08,6694,0,38830.8,0
7997,6633,1999-09,6694,0,38830.8,0
7997,6633,1999-10,6694,0,38830.8,0
7997,6633,1999-11,6694,0,38830.8,0
7997,6633,1999-12,6694,0,38830.8,0
7997,6633,2000-01,6694,0,38830.8,0
7997,6633,2000-02,6694,0,38830.8,0
9455,6926,1998-03,6246,0,61613.0,0
9455,6926,1998-04,6246,0,62019.6,0
9455,6926,1998-05,6246,0,38313.7,0
9455,6926,1998-06,6246,0,30457.6,0
9455,6926,1998-07,6246,0,53248.5,0
9455,6926,1998-08,6246,0,57702.6,0
9455,6926,1998-09,6246,0,64990.9,0
9455,6926,1998-10,6246,0,37068.0,0
9455,6926,1998-11,6246,0,50374.6,0
9455,6926,1998-12,6246,0,62397.8,0
9455,6926,1999-01,6246,0,62397.8,0
9455,6926,1999-02,6246,0,62397.8,0
9455,6926,1999-03,6246,0,62397.8,0
9455,6926,1999-04,6246,0,62397.8,0
9455,6926,1999-05,6246,0,62397.8,0
9455,6926,1999-06,6246,0,62397.8,0
9455,6926,1999-07,6246,0,62397.8,0
9455,6926,1999-08,6246,0,62397.8,0
9455,6926,1999-09,6246,0,62397.8,0
9455,6926,1999-10,6246,0,62397.8,0
9455,6926,1999-11,6246,0,62397.8,0
9455,6926,1999-12,6246,0,62397.8,0
9455,6926,2000-01,6246,0,62397.8,0
9455,6926,2000-02,6246,0,62397.8,0
9455,6926,2000-03,6246,0,62397.8,0
9455,6926,2000-04,6246,0,62397.8,0
9455,6926,2000-05,6246,0,62397.8,0
9455,6926,2000-06,6246,0,62397.8,0
9455,6926,2000-07,6246,0,62397.8,0
9455,6926,2000-08,6246,0,62397.8,0
9455,6926,2000-09,6246,0,62397.8,0
9455,6926,2000-10,6246,0,62397.8,0
9455,6926,2000-11,6246,0,62397.8,0
9455,6926,2000-12,6246,0,62397.8,0
9455,6926,2001-01,6246,0,62397.8,0
9455,6926,2001-02,6246,0,62397.8,0
9455,6926,2001-03,6246,0,62397.8,0
9455,6926,2001-04,6246,0,62397.8,0
9455,6926,2001-05,6246,0,62397.8,0
9455,6926,2001-06,6246,0,62397.8,0
9455,6926,2001-07,6246,0,62397.8,0
9455,6926,2001-08,6246,0,62397.8,0
9455,6926,2001-09,6246,0,62397.8,0
9455,6926,2001-10,6246,0,62397.8,0
9455,6926,2001-11,6246,0,62397.8,0
9455,6926,2001-12,6246,0,62397.8,0
9455,6926,2002-01,6246,0,62397.8,0
9455,6926,2002-02,6246,0,62397.8,0
9455,6926,2002-03,6246,0,62397.8,0
9455,6926,2002-04,6246,0,62397.8,0
9455,6926,2002-05,6246,0,62397.8,0
9455,6926,2002-06,6246,0,62397.8,0
9455,6926,2002-07,6246,0,62397.8,0
9455,6926,2002-08,6246,0,62397.8,0
9455,6926,2002-09,6246,0,62397.8,0
9455,6926,2002-10,6246,0,62397.8,0
9455,6926,2002-11,6246,0,62397.8,0
9455,6926,2002-12,6246,0,62397.8,0
9455,6926,2003-01,6246,0,62397.8,0
9455,6926,2003-02,6246,0,62397.8,0
7082,6442,1998-03,4045,0,20197.3,0
7082,6442,1998-04,4045,0,17585.0,0
7082,6442,1998-05,4045,0,23429.6,0
7082,6442,1998-06,4045,0,20970.4,0
7082,6442,1998-07,4045,0,18525.2,0
7082,6442,1998-08,4045,0,22473.7,0
7082,6442,1998-09,4045,0,27539.4,0
7082,6442,1998-10,4045,0,28222.7,0
7082,6442,1998-11,4045,0,28609.2,0
7082,6442,1998-12,4045,0,22345.2,0
7082,6442,1999-01,4045,0,22345.2,0
7082,6442,1999-02,4045,0,22345.2,0
7082,6442,1999-03,4045,0,22345.2,0
7082,6442,1999-04,4045,0,22345.2,0
7082,6442,1999-05,4045,0,22345.2,0
7082,6442,1999-06,4045,0,22345.2,0
7082,6442,1999-07,4045,0,22345.2,0
7082,6442,1999-08,4045,0,22345.2,0
7082,6442,1999-09,4045,0,22345.2,0
7082,6442,1999-10,4045,0,22345.2,0
7082,6442,1999-11,4045,0,22345.2,0
7082,6442,1999-12,4045,0,22345.2,0
7082,6442,2000-01,4045,0,22345.2,0
7082,6442,2000-02,4045,0,22345.2,0
7082,6442,2000-03,4045,0,22345.2,0
7082,6442,2000-04,4045,0,22345.2,0
7082,6442,2000-05,4045,0,22345.2,0
7082,6442,2000-06,4045,0,22345.2,0
7082,6442,2000-07,4045,0,22345.2,0
7082,6442,2000-08,4045,0,22345.2,0
7082,6442,2000-09,4045,0,22345.2,0
7082,6442,2000-10,4045,0,22345.2,0
7082,6442,2000-11,4045,0,22345.2,0
7082,6442,2000-12,4045,0,22345.2,0
7082,6442,2001-01,4045,0,22345.2,0
7082,6442,2001-02,4045,0,22345.2,0
7082,6442,2001-03,4045,0,22345.2,0
7082,6442,2001-04,4045,0,22345.2,0
7082,6442,2001-05,4045,0,22345.2,0
7082,6442,2001-06,4045,0,22345.2,0
7082,6442,2001-07,4045,0,22345.2,0
7082,6442,2001-08,4045,0,22345.2,0
7082,6442,2001-09,4045,0,22345.2,0
7082,6442,2001-10,4045,0,22345.2,0
7082,6442,2001-11,4045,0,22345.2,0
7082,6442,2001-12,4045,0,22345.2,0
7082,6442,2002-01,4045,0,22345.2,0
7082,6442,2002-02,4045,0,22345.2,0
4456,5889,1998-03,5354,0,45823.2,0
4456,5889,1998-04,5354,0,53347.7,0
4456,5889,1998-05,5354,0,59402.9,0
4456,5889,1998-06,5354,0,48462.1,0
4456,5889,1998-07,5354,0,68066.6,0
4456,5889,1998-08,5354,0,41644.8,0
4456,5889,1998-09,5354,0,71336.2,0
4456,5889,1998-10,5354,0,58221.2,0
4456,5889,1998-11,5354,0,82270.6,0
4456,5889,1998-12,5354,0,55904.3,0
4456,5889,1999-01,5354,0,55904.3,0
4456,5889,1999-02,5354,0,55904.3,0
4456,5889,1999-03,5354,0,55904.3,0
4456,5889,1999-04,5354,0,55904.3,0
4456,5889,1999-05,5354,0,55904.3,0
4456,5889,1999-06,5354,0,55904.3,0
4456,5889,1999-07,5354,0,55904.3,0
4456,5889,1999-08,5354,0,55904.3,0
4456,5889,1999-09,5354,0,55904.3,0
4456,5889,1999-10,5354,0,55904.3,0
4456,5889,1999-11,5354,0,55904.3,0
4456,5889,1999-12,5354,0,55904.3,0
4456,5889,2000-01,5354,0,55904.3,0
4456,5889,2000-02,5354,0,55904.3,0
4456,5889,2000-03,5354,0,55904.3,0
4456,5889,2000-04,5354,0,55904.3,0
4456,5889,2000-05,5354,0,55904.3,0
4456,5889,2000-06,5354,0,55904.3,0
4456,5889,2000-07,5354,0,55904.3,0
4456,5889,2000-08,5354,0,55904.3,0
4456,5889,2000-09,5354,0,55904.3,0
4456,5889,2000-10,5354,0,55904.3,0
4456,5889,2000-11,5354,0,55904.3,0
4456,5889,2000-12,5354,0,55904.3,0
4456,5889,2001-01,5354,0,55904.3,0
4456,5889,2001-02,5354,0,55904.3,0
4456,5889,2001-03,5354,0,55904.3,0
4456,5889,2001-04,5354,0,55904.3,0
4456,5889,2001-05,5354,0,55904.3,0
4456,5889,2001-06,5354,0,55904.3,0
4456,5889,2001-07,5354,0,55904.3,0
4456,5889,2001-08,5354,0,55904.3,0
4456,5889,2001-09,5354,0,55904.3,0
4456,5889,2001-10,5354,0,55904.3,0
4456,5889,2001-11,5354,0,55904.3,0
4456,5889,2001-12,5354,0,55904.3,0
4456,5889,2002-01,5354,0,55904.3,0
4456,5889,2002-02,5354,0,55904.3,0
4456,5889,2002-03,5354,0,55904.3,0
4456,5889,2002-04,5354,0,55904.3,0
4456,5889,2002-05,5354,0,55904.3,0
4456,5889,2002-06,5354,0,55904.3,0
4456,5889,2002-07,5354,0,55904.3,0
4456,5889,2002-08,5354,0,55904.3,0
4456,5889,2002-09,5354,0,55904.3,0
4456,5889,2002-10,5354,0,55904.3,0
4456,5889,2002-11,5354,0,55904.3,0
4456,5889,2002-12,5354,0,55904.3,0
4456,5889,2003-01,5354,0,55904.3,0
4456,5889,2003-02,5354,0,55904.3,0
3875,5765,1998-03,6414,0,57191.4,0
3875,5765,1998-04,6414,0,58403.2,0
3875,5765,1998-05,6414,0,60220.8,0
3875,5765,1998-06,6414,0,33629.5,0
3875,5765,1998-07,6414,0,31195.2,0
3875,5765,1998-08,6414,0,47827.2,0
3875,5765,1998-09,6414,0,22559.2,0
3875,5765,1998-10,6414,0,42000.1,0
3875,5765,1998-11,6414,0,56767.0,0
3875,5765,1998-12,6414,0,57909.8,0
3875,5765,1999-01,6414,0,57909.8,0
3875,5765,1999-02,6414,0,57909.8,0
3875,5765,1999-03,6414,0,57909.8,0
3875,5765,1999-04,6414,0,57909.8,0
3875,5765,1999-05,6414,0,57909.8,0
3875,5765,1999-06,6414,0,57909.8,0
3875,5765,1999-07,6414,0,57909.8,0
3875,5765,1999-08,6414,0,57909.8,0
3875,5765,1999-09,6414,0,57909.8,0
3875,5765,1999-10,6414,0,57909.8,0
3875,5765,1999-11,6414,0,57909.8,0
3875,5765,1999-12,6414,0,57909.8,0
3875,5765,2000-01,6414,0,57909.8,0
3875,5765,2000-02,6414,0,57909.8,0
785,5124,1998-03,4336,0,49516.6,0
785,5124,1998-04,4336,0,52556.8,0
785,5124,1998-05,4336,0,47223.9,0
785,5124,1998-06,4336,0,26921.1,0
785,5124,1998-07,4336,0,21335.9,0
785,5124,1998-08,4336,0,29525.8,0
785,5124,1998-09,4336,0,35245.2,0
785,5124,1998-10,4336,0,36459.0,0
785,5124,1998-11,4336,0,49092.4,0
785,5124,1998-12,4336,0,45646.4,0
785,5124,1999-01,4336,0,45646.4,0
785,5124,1999-02,4336,0,45646.4,0
785,5124,1999-03,4336,0,45646.4,0
785,5124,1999-04,4336,0,45646.4,0
785,5124,1999-05,4336,0,45646.4,0
785,5124,1999-06,4336,0,45646.4,0
785,5124,1999-07,4336,0,45646.4,0
785,5124,1999-08,4336,0,45646.4,0
785,5124,1999-09,4336,0,45646.4,0
785,5124,1999-10,4336,0,45646.4,0
785,5124,1999-11,4336,0,45646.4,0
785,5124,1999-12,4336,0,45646.4,0
785,5124,2000-01,4336,0,45646.4,0
785,5124,2000-02,4336,0,45646.4,0
785,5124,2000-03,4336,0,45646.4,0
785,5124,2000-04,4336,0,45646.4,0
785,5124,2000-05,4336,0,45646.4,0
785,5124,2000-06,4336,0,45646.4,0
785,5124,2000-07,4336,0,45646.4,0
785,5124,2000-08,4336,0,45646.4,0
785,5124,2000-09,4336,0,45646.4,0
785,5124,2000-10,4336,0,45646.4,0
785,5124,2000-11,4336,0,45646.4,0
785,5124,2000-12,4336,0,45646.4,0
785,5124,2001-01,4336,0,45646.4,0
785,5124,2001-02,4336,0,45646.4,0
2545,5491,1998-03,8933,0,12978.9,0
2545,5491,1998-04,8933,0,10611.7,0
2545,5491,1998-05,8933,0,11316.2,0
2545,5491,1998-06,8933,0,8749.8,1
2545,5491,1998-07,8933,0,10948.2,0
2545,5491,1998-08,8933,0,8758.1,1
2545,5491,1998-09,8933,0,10757.8,0
2545,5491,1998-10,8933,0,13682.6,0
2545,5491,1998-11,8933,0,20022.7,0
2545,5491,1998-12,8933,0,20173.7,0
2545,5491,1999-01,8933,0,20173.7,0
2545,5491,1999-02,8933,0,20173.7,0
2545,5491,1999-03,8933,0,20173.7,0
2545,5491,1999-04,8933,0,20173.7,0
2545,5491,1999-05,8933,0,20173.7,0
2545,5491,1999-06,8933,0,20173.7,0
2545,5491,1999-07,8933,0,20173.7,0
2545,5491,1999-08,8933,0,20173.7,0
2545,5491,1999-09,8933,0,20173.7,0
2545,5491,1999-10,8933,0,20173.7,0
2545,5491,1999-11,8933,0,20173.7,0
2545,5491,1999-12,8933,0,20173.7,0
2545,5491,2000-01,8933,0,20173.7,0
2545,5491,2000-02,8933,0,20173.7,0
2545,5491,2000-03,8933,0,20173.7,0
2545,5491,2000-04,8933,0,20173.7,0
2545,5491,2000-05,8933,0,20173.7,0
2545,5491,2000-06,8933,0,20173.7,0
2545,5491,2000-07,8933,0,20173.7,0
2545,5491,2000-08,8933,0,20173.7,0
2545,5491,2000-09,8933,0,20173.7,0
2545,5491,2000-10,8933,0,20173.7,0
2545,5491,2000-11,8933,0,20173.7,0
2545,5491,2000-12,8933,0,20173.7,0
2545,5491,2001-01,8933,0,20173.7,0
2545,5491,2001-02,8933,0,20173.7,0
2545,5491,2001-03,8933,0,20173.7,0
2545,5491,2001-04,8933,0,20173.7,0
2545,5491,2001-05,8933,0,20173.7,0
2545,5491,2001-06,8933,0,20173.7,0
2545,5491,2001-07,8933,0,20173.7,0
2545,5491,2001-08,8933,0,20173.7,0
2545,5491,2001-09,8933,0,20173.7,0
2545,5491,2001-10,8933,0,20173.7,0
2545,5491,2001-11,8933,0,20173.7,0
2545,5491,2001-12,8933,0,20173.7,0
2545,5491,2002-01,8933,0,20173.7,0
2545,5491,2002-02,8933,0,20173.7,0
8523,6730,1998-03,7753,0,42034.7,0
8523,6730,1998-04,7753,0,45728.1,0
8523,6730,1998-05,7753,0,26483.6,0
8523,6730,1998-06,7753,0,45068.9,0
8523,6730,1998-07,7753,0,20982.8,0
8523,6730,1998-08,7753,0,50019.2,0
8523,6730,1998-09,7753,0,55148.9,0
8523,6730,1998-10,7753,0,65431.3,0
8523,6730,1998-11,7753,0,69283.2,0
8523,6730,1998-12,7753,0,58517.5,0
8523,6730,1999-01,7753,0,58517.5,0
8523,6730,1999-02,7753,0,58517.5,0
10493,7151,1998-03,5575,0,25527.3,0
10493,7151,1998-04,5575,0,91842.7,0
10493,7151,1998-05,5575,0,49455.9,0
10493,7151,1998-06,5575,0,76979.6,0
10493,7151,1998-07,5575,0,27339.2,0
10493,7151,1998-08,5575,0,16493.1,0
10493,7151,1998-09,5575,0,33061.1,0
10493,7151,1998-10,5575,0,10295.1,0
10493,7151,1998-11,5575,0,60507.4,0
10493,7151,1998-12,5575,0,91700.8,0
10493,7151,1999-01,5575,0,91700.8,0
10493,7151,1999-02,5575,0,91700.8,0
10493,7151,1999-03,5575,0,91700.8,0
10493,7151,1999-04,5575,0,91700.8,0
10493,7151,1999-05,5575,0,91700.8,0
10493,7151,1999-06,5575,0,91700.8,0
10493,7151,1999-07,5575,0,91700.8,0
10493,7151,1999-08,5575,0,91700.8,0
10493,7151,1999-09,5575,0,91700.8,0
10493,7151,1999-10,5575,0,91700.8,0
10493,7151,1999-11,5575,0,91700.8,0
10493,7151,1999-12,5575,0,91700.8,0
10493,7151,2000-01,5575,0,91700.8,0
10493,7151,2000-02,5575,0,91700.8,0
873,5140,1998-03,2975,0,15075.2,0
873,5140,1998-04,2975,0,15962.7,0
873,5140,1998-05,2975,0,14092.6,0
873,5140,1998-06,2975,0,15852.7,0
873,5140,1998-07,2975,0,14039.3,0
873,5140,1998-08,2975,0,14021.1,0
873,5140,1998-09,2975,0,16506.6,0
873,5140,1998-10,2975,0,13233.4,0
873,5140,1998-11,2975,0,14614.3,0
873,5140,1998-12,2975,0,13352.9,0
873,5140,1999-01,2975,0,13352.9,0
873,5140,1999-02,2975,0,13352.9,0
873,5140,1999-03,2975,0,13352.9,0
873,5140,1999-04,2975,0,13352.9,0
873,5140,1999-05,2975,0,13352.9,0
873,5140,1999-06,2975,0,13352.9,0
873,5140,1999-07,2975,0,13352.9,0
873,5140,1999-08,2975,0,13352.9,0
873,5140,1999-09,2975,0,13352.9,0
873,5140,1999-10,2975,0,13352.9,0
873,5140,1999-11,2975,0,13352.9,0
873,5140,1999-12,2975,0,13352.9,0
873,5140,2000-01,2975,0,13352.9,0
873,5140,2000-02,2975,0,13352.9,0
873,5140,2000-03,2975,0,13352.9,0
873,5140,2000-04,2975,0,13352.9,0
873,5140,2000-05,2975,0,13352.9,0
873,5140,2000-06,2975,0,13352.9,0
873,5140,2000-07,2975,0,13352.9,0
873,5140,2000-08,2975,0,13352.9,0
873,5140,2000-09,2975,0,13352.9,0
873,5140,2000-10,2975,0,13352.9,0
873,5140,2000-11,2975,0,13352.9,0
873,5140,2000-12,2975,0,13352.9,0
873,5140,2001-01,2975,0,13352.9,0
873,5140,2001-02,2975,0,13352.9,0
873,5140,2001-03,2975,0,13352.9,0
873,5140,2001-04,2975,0,13352.9,0
873,5140,2001-05,2975,0,13352.9,0
873,5140,2001-06,2975,0,13352.9,0
873,5140,2001-07,2975,0,13352.9,0
873,5140,2001-08,2975,0,13352.9,0
873,5140,2001-09,2975,0,13352.9,0
873,5140,2001-10,2975,0,13352.9,0
873,5140,2001-11,2975,0,13352.9,0
873,5140,2001-12,2975,0,13352.9,0
873,5140,2002-01,2975,0,13352.9,0
873,5140,2002-02,2975,0,13352.9,0
873,5140,2002-03,2975,0,13352.9,0
873,5140,2002-04,2975,0,13352.9,0
873,5140,2002-05,2975,0,13352.9,0
873,5140,2002-06,2975,0,13352.9,0
873,5140,2002-07,2975,0,13352.9,0
873,5140,2002-08,2975,0,13352.9,0
873,5140,2002-09,2975,0,13352.9,0
873,5140,2002-10,2975,0,13352.9,0
873,5140,2002-11,2975,0,13352.9,0
873,5140,2002-12,2975,0,13352.9,0
873,5140,2003-01,2975,0,13352.9,0
873,5140,2003-02,2975,0,13352.9,0
10650,7171,1998-03,4088,0,91177.5,0
10650,7171,1998-04,4088,0,55462.5,0
10650,7171,1998-05,4088,0,83412.4,0
10650,7171,1998-06,4088,0,82834.4,0
10650,7171,1998-07,4088,0,95340.6,0
10650,7171,1998-08,4088,0,100473.9,0
10650,7171,1998-09,4088,0,101514.1,0
10650,7171,1998-10,4088,0,67065.1,0
10650,7171,1998-11,4088,0,81116.3,0
10650,7171,1998-12,4088,0,41832.1,0
10650,7171,1999-01,4088,0,41832.1,0
10650,7171,1999-02,4088,0,41832.1,0
10650,7171,1999-03,4088,0,41832.1,0
10650,7171,1999-04,4088,0,41832.1,0
10650,7171,1999-05,4088,0,41832.1,0
10650,7171,1999-06,4088,0,41832.1,0
10650,7171,1999-07,4088,0,41832.1,0
10650,7171,1999-08,4088,0,41832.1,0
10650,7171,1999-09,4088,0,41832.1,0
10650,7171,1999-10,4088,0,41832.1,0
10650,7171,1999-11,4088,0,41832.1,0
10650,7171,1999-12,4088,0,41832.1,0
10650,7171,2000-01,4088,0,41832.1,0
10650,7171,2000-02,4088,0,41832.1,0
10650,7171,2000-03,4088,0,41832.1,0
10650,7171,2000-04,4088,0,41832.1,0
10650,7171,2000-05,4088,0,41832.1,0
10650,7171,2000-06,4088,0,41832.1,0
10650,7171,2000-07,4088,0,41832.1,0
10650,7171,2000-08,4088,0,41832.1,0
10650,7171,2000-09,4088,0,41832.1,0
10650,7171,2000-10,4088,0,41832.1,0
10650,7171,2000-11,4088,0,41832.1,0
10650,7171,2000-12,4088,0,41832.1,0
10650,7171,2001-01,4088,0,41832.1,0
10650,7171,2001-02,4088,0,41832.1,0
10650,7171,2001-03,4088,0,41832.1,0
10650,7171,2001-04,4088,0,41832.1,0
10650,7171,2001-05,4088,0,41832.1,0
10650,7171,2001-06,4088,0,41832.1,0
10650,7171,2001-07,4088,0,41832.1,0
10650,7171,2001-08,4088,0,41832.1,0
10650,7171,2001-09,4088,0,41832.1,0
10650,7171,2001-10,4088,0,41832.1,0
10650,7171,2001-11,4088,0,41832.1,0
10650,7171,2001-12,4088,0,41832.1,0
10650,7171,2002-01,4088,0,41832.1,0
10650,7171,2002-02,4088,0,41832.1,0
7713,6568,1998-03,3674,0,38834.1,0
7713,6568,1998-04,3674,0,16292.6,0
7713,6568,1998-05,3674,0,4210.1,0
7713,6568,1998-06,3674,0,30396.4,0
7713,6568,1998-07,3674,0,25174.2,0
7713,6568,1998-08,3674,0,76193.3,0
7713,6568,1998-09,3674,0,34782.4,0
7713,6568,1998-10,3674,0,44242.5,0
7713,6568,1998-11,3674,0,29499.0,0
7713,6568,1998-12,3674,0,86325.5,0
7713,6568,1999-01,3674,0,86325.5,0
7713,6568,1999-02,3674,0,86325.5,0
7713,6568,1999-03,3674,0,86325.5,0
7713,6568,1999-04,3674,0,86325.5,0
7713,6568,1999-05,3674,0,86325.5,0
7713,6568,1999-06,3674,0,86325.5,0
7713,6568,1999-07,3674,0,86325.5,0
7713,6568,1999-08,3674,0,86325.5,0
7713,6568,1999-09,3674,0,86325.5,0
7713,6568,1999-10,3674,0,86325.5,0
7713,6568,1999-11,3674,0,86325.5,0
7713,6568,1999-12,3674,0,86325.5,0
7713,6568,2000-01,3674,0,86325.5,0
7713,6568,2000-02,3674,0,86325.5,0
7713,6568,2000-03,3674,0,86325.5,0
7713,6568,2000-04,3674,0,86325.5,0
7713,6568,2000-05,3674,0,86325.5,0
7713,6568,2000-06,3674,0,86325.5,0
7713,6568,2000-07,3674,0,86325.5,0
7713,6568,2000-08,3674,0,86325.5,0
7713,6568,2000-09,3674,0,86325.5,0
7713,6568,2000-10,3674,0,86325.5,0
7713,6568,2000-11,3674,0,86325.5,0
7713,6568,2000-12,3674,0,86325.5,0
7713,6568,2001-01,3674,0,86325.5,0
7713,6568,2001-02,3674,0,86325.5,0
7713,6568,2001-03,3674,0,86325.5,0
7713,6568,2001-04,3674,0,86325.5,0
7713,6568,2001-05,3674,0,86325.5,0
7713,6568,2001-06,3674,0,86325.5,0
7713,6568,2001-07,3674,0,86325.5,0
7713,6568,2001-08,3674,0,86325.5,0
7713,6568,2001-09,3674,0,86325.5,0
7713,6568,2001-10,3674,0,86325.5,0
7713,6568,2001-11,3674,0,86325.5,0
7713,6568,2001-12,3674,0,86325.5,0
7713,6568,2002-01,3674,0,86325.5,0
7713,6568,2002-02,3674,0,86325.5,0
7713,6568,2002-03,3674,0,86325.5,0
7713,6568,2002-04,3674,0,86325.5,0
7713,6568,2002-05,3674,0,86325.5,0
7713,6568,2002-06,3674,0,86325.5,0
7713,6568,2002-07,3674,0,86325.5,0
7713,6568,2002-08,3674,0,86325.5,0
7713,6568,2002-09,3674,0,86325.5,0
7713,6568,2002-10,3674,0,86325.5,0
7713,6568,2002-11,3674,0,86325.5,0
7713,6568,2002-12,3674,0,86325.5,0
7713,6568,2003-01,3674,0,86325.5,0
7713,6568,2003-02,3674,0,86325.5,0
9179,6861,1998-03,3584,0,46242.0,0
9179,6861,1998-04,3584,0,52874.5,0
9179,6861,1998-05,3584,0,43883.4,0
9179,6861,1998-06,3584,0,48470.2,0
9179,6861,1998-07,3584,0,45463.7,0
9179,6861,1998-08,3584,0,39030.8,0
9179,6861,1998-09,3584,0,35186.0,0
9179,6861,1998-10,3584,0,38363.4,0
9179,6861,1998-11,3584,0,42531.2,0
9179,6861,1998-12,3584,0,34946.9,0
9179,6861,1999-01,3584,0,34946.9,0
9179,6861,1999-02,3584,0,34946.9,0
9179,6861,1999-03,3584,0,34946.9,0
9179,6861,1999-04,3584,0,34946.9,0
9179,6861,1999-05,3584,0,34946.9,0
9179,6861,1999-06,3584,0,34946.9,0
9179,6861,1999-07,3584,0,34946.9,0
9179,6861,1999-08,3584,0,34946.9,0
9179,6861,1999-09,3584,0,34946.9,0
9179,6861,1999-10,3584,0,34946.9,0
9179,6861,1999-11,3584,0,34946.9,0
9179,6861,1999-12,3584,0,34946.9,0
9179,6861,2000-01,3584,0,34946.9,0
9179,6861,2000-02,3584,0,34946.9,0
9179,6861,2000-03,3584,0,34946.9,0
9179,6861,2000-04,3584,0,34946.9,0
9179,6861,2000-05,3584,0,34946.9,0
9179,6861,2000-06,3584,0,34946.9,0
9179,6861,2000-07,3584,0,34946.9,0
9179,6861,2000-08,3584,0,34946.9,0
9179,6861,2000-09,3584,0,34946.9,0
9179,6861,2000-10,3584,0,34946.9,0
9179,6861,2000-11,3584,0,34946.9,0
9179,6861,2000-12,3584,0,34946.9,0
9179,6861,2001-01,3584,0,34946.9,0
9179,6861,2001-02,3584,0,34946.9,0
9179,6861,2001-03,3584,0,34946.9,0
9179,6861,2001-04,3584,0,34946.9,0
9179,6861,2001-05,3584,0,34946.9,0
9179,6861,2001-06,3584,0,34946.9,0
9179,6861,2001-07,3584,0,34946.9,0
9179,6861,2001-08,3584,0,34946.9,0
9179,6861,2001-09,3584,0,34946.9,0
9179,6861,2001-10,3584,0,34946.9,0
9179,6861,2001-11,3584,0,34946.9,0
9179,6861,2001-12,3584,0,34946.9,0
9179,6861,2002-01,3584,0,34946.9,0
9179,6861,2002-02,3584,0,34946.9,0
9179,6861,2002-03,3584,0,34946.9,0
9179,6861,2002-04,3584,0,34946.9,0
9179,6861,2002-05,3584,0,34946.9,0
9179,6861,2002-06,3584,0,34946.9,0
9179,6861,2002-07,3584,0,34946.9,0
9179,6861,2002-08,3584,0,34946.9,0
9179,6861,2002-09,3584,0,34946.9,0
9179,6861,2002-10,3584,0,34946.9,0
9179,6861,2002-11,3584,0,34946.9,0
9179,6861,2002-12,3584,0,34946.9,0
9179,6861,2003-01,3584,0,34946.9,0
9179,6861,2003-02,3584,0,34946.9,0
9153,6855,1998-03,1451,0,38760.6,0
9153,6855,1998-04,1451,0,46355.6,0
9153,6855,1998-05,1451,0,48286.9,0
9153,6855,1998-06,1451,0,46650.4,0
9153,6855,1998-07,1451,0,52175.5,0
9153,6855,1998-08,1451,0,53048.6,0
9153,6855,1998-09,1451,0,49680.9,0
9153,6855,1998-10,1451,0,51956.5,0
9153,6855,1998-11,1451,0,52779.6,0
9153,6855,1998-12,1451,0,53869.2,0
9153,6855,1999-01,1451,0,53869.2,0
9153,6855,1999-02,1451,0,53869.2,0
9153,6855,1999-03,1451,0,53869.2,0
9153,6855,1999-04,1451,0,53869.2,0
9153,6855,1999-05,1451,0,53869.2,0
9153,6855,1999-06,1451,0,53869.2,0
9153,6855,1999-07,1451,0,53869.2,0
9153,6855,1999-08,1451,0,53869.2,0
9153,6855,1999-09,1451,0,53869.2,0
9153,6855,1999-10,1451,0,53869.2,0
9153,6855,1999-11,1451,0,53869.2,0
9153,6855,1999-12,1451,0,53869.2,0
9153,6855,2000-01,1451,0,53869.2,0
9153,6855,2000-02,1451,0,53869.2,0
9153,6855,2000-03,1451,0,53869.2,0
9153,6855,2000-04,1451,0,53869.2,0
9153,6855,2000-05,1451,0,53869.2,0
9153,6855,2000-06,1451,0,53869.2,0
9153,6855,2000-07,1451,0,53869.2,0
9153,6855,2000-08,1451,0,53869.2,0
9153,6855,2000-09,1451,0,53869.2,0
9153,6855,2000-10,1451,0,53869.2,0
9153,6855,2000-11,1451,0,53869.2,0
9153,6855,2000-12,1451,0,53869.2,0
9153,6855,2001-01,1451,0,53869.2,0
9153,6855,2001-02,1451,0,53869.2,0
9153,6855,2001-03,1451,0,53869.2,0
10404,7129,1998-03,3238,0,32347.3,0
10404,7129,1998-04,3238,0,38245.9,0
10404,7129,1998-05,3238,0,35968.4,0
10404,7129,1998-06,3238,0,35715.6,0
10404,7129,1998-07,3238,0,34016.5,0
10404,7129,1998-08,3238,0,34710.9,0
10404,7129,1998-09,3238,0,33204.1,0
10404,7129,1998-10,3238,0,32290.5,0
10404,7129,1998-11,3238,0,27313.7,0
10404,7129,1998-12,3238,0,50338.8,0
10404,7129,1999-01,3238,0,50338.8,0
10404,7129,1999-02,3238,0,50338.8,0
10404,7129,1999-03,3238,0,50338.8,0
10404,7129,1999-04,3238,0,50338.8,0
10404,7129,1999-05,3238,0,50338.8,0
10404,7129,1999-06,3238,0,50338.8,0
10404,7129,1999-07,3238,0,50338.8,0
10404,7129,1999-08,3238,0,50338.8,0
10404,7129,1999-09,3238,0,50338.8,0
10404,7129,1999-10,3238,0,50338.8,0
10404,7129,1999-11,3238,0,50338.8,0
10404,7129,1999-12,3238,0,50338.8,0
10404,7129,2000-01,3238,0,50338.8,0
10404,7129,2000-02,3238,0,50338.8,0
10404,7129,2000-03,3238,0,50338.8,0
10404,7129,2000-04,3238,0,50338.8,0
10404,7129,2000-05,3238,0,50338.8,0
10404,7129,2000-06,3238,0,50338.8,0
10404,7129,2000-07,3238,0,50338.8,0
10404,7129,2000-08,3238,0,50338.8,0
10404,7129,2000-09,3238,0,50338.8,0
10404,7129,2000-10,3238,0,50338.8,0
10404,7129,2000-11,3238,0,50338.8,0
10404,7129,2000-12,3238,0,50338.8,0
10404,7129,2001-01,3238,0,50338.8,0
10404,7129,2001-02,3238,0,50338.8,0
10404,7129,2001-03,3238,0,50338.8,0
10404,7129,2001-04,3238,0,50338.8,0
10404,7129,2001-05,3238,0,50338.8,0
10404,7129,2001-06,3238,0,50338.8,0
10404,7129,2001-07,3238,0,50338.8,0
10404,7129,2001-08,3238,0,50338.8,0
10404,7129,2001-09,3238,0,50338.8,0
10404,7129,2001-10,3238,0,50338.8,0
10404,7129,2001-11,3238,0,50338.8,0
10404,7129,2001-12,3238,0,50338.8,0
10404,7129,2002-01,3238,0,50338.8,0
10404,7129,2002-02,3238,0,50338.8,0
10404,7129,2002-03,3238,0,50338.8,0
10404,7129,2002-04,3238,0,50338.8,0
10404,7129,2002-05,3238,0,50338.8,0
10404,7129,2002-06,3238,0,50338.8,0
10404,7129,2002-07,3238,0,50338.8,0
10404,7129,2002-08,3238,0,50338.8,0
10404,7129,2002-09,3238,0,50338.8,0
10404,7129,2002-10,3238,0,50338.8,0
10404,7129,2002-11,3238,0,50338.8,0
10404,7129,2002-12,3238,0,50338.8,0
10404,7129,2003-01,3238,0,50338.8,0
10404,7129,2003-02,3238,0,50338.8,0
10404,7129,2003-03,3238,0,50338.8,0
2142,5384,1998-04,1944,0,41192.0,0
2142,5384,1998-05,1944,0,43045.8,0
2142,5384,1998-06,1944,0,23749.8,0
2142,5384,1998-07,1944,0,35136.7,0
2142,5384,1998-08,1944,0,38766.3,0
2142,5384,1998-09,1944,0,38125.1,0
2142,5384,1998-10,1944,0,33874.2,0
2142,5384,1998-11,1944,0,30792.3,0
2142,5384,1998-12,1944,0,31577.9,0
2142,5384,1999-01,1944,0,31577.9,0
2142,5384,1999-02,1944,0,31577.9,0
2142,5384,1999-03,1944,0,31577.9,0
9167,6859,1998-04,4537,0,33562.3,0
9167,6859,1998-05,4537,0,36377.2,0
9167,6859,1998-06,4537,0,35735.9,0
9167,6859,1998-07,4537,0,46030.8,0
9167,6859,1998-08,4537,0,70226.9,0
9167,6859,1998-09,4537,0,42712.8,0
9167,6859,1998-10,4537,0,78377.2,0
9167,6859,1998-11,4537,0,58244.5,0
9167,6859,1998-12,4537,0,71269.5,0
9167,6859,1999-01,4537,0,71269.5,0
9167,6859,1999-02,4537,0,71269.5,0
9167,6859,1999-03,4537,0,71269.5,0
9167,6859,1999-04,4537,0,71269.5,0
9167,6859,1999-05,4537,0,71269.5,0
9167,6859,1999-06,4537,0,71269.5,0
9167,6859,1999-07,4537,0,71269.5,0
9167,6859,1999-08,4537,0,71269.5,0
9167,6859,1999-09,4537,0,71269.5,0
9167,6859,1999-10,4537,0,71269.5,0
9167,6859,1999-11,4537,0,71269.5,0
9167,6859,1999-12,4537,0,71269.5,0
9167,6859,2000-01,4537,0,71269.5,0
9167,6859,2000-02,4537,0,71269.5,0
9167,6859,2000-03,4537,0,71269.5,0
9167,6859,2000-04,4537,0,71269.5,0
9167,6859,2000-05,4537,0,71269.5,0
9167,6859,2000-06,4537,0,71269.5,0
9167,6859,2000-07,4537,0,71269.5,0
9167,6859,2000-08,4537,0,71269.5,0
9167,6859,2000-09,4537,0,71269.5,0
9167,6859,2000-10,4537,0,71269.5,0
9167,6859,2000-11,4537,0,71269.5,0
9167,6859,2000-12,4537,0,71269.5,0
9167,6859,2001-01,4537,0,71269.5,0
9167,6859,2001-02,4537,0,71269.5,0
9167,6859,2001-03,4537,0,71269.5,0
9167,6859,2001-04,4537,0,71269.5,0
9167,6859,2001-05,4537,0,71269.5,0
9167,6859,2001-06,4537,0,71269.5,0
9167,6859,2001-07,4537,0,71269.5,0
9167,6859,2001-08,4537,0,71269.5,0
9167,6859,2001-09,4537,0,71269.5,0
9167,6859,2001-10,4537,0,71269.5,0
9167,6859,2001-11,4537,0,71269.5,0
9167,6859,2001-12,4537,0,71269.5,0
9167,6859,2002-01,4537,0,71269.5,0
9167,6859,2002-02,4537,0,71269.5,0
9167,6859,2002-03,4537,0,71269.5,0
9167,6859,2002-04,4537,0,71269.5,0
9167,6859,2002-05,4537,0,71269.5,0
9167,6859,2002-06,4537,0,71269.5,0
9167,6859,2002-07,4537,0,71269.5,0
9167,6859,2002-08,4537,0,71269.5,0
9167,6859,2002-09,4537,0,71269.5,0
9167,6859,2002-10,4537,0,71269.5,0
9167,6859,2002-11,4537,0,71269.5,0
9167,6859,2002-12,4537,0,71269.5,0
9167,6859,2003-01,4537,0,71269.5,0
9167,6859,2003-02,4537,0,71269.5,0
9167,6859,2003-03,4537,0,71269.5,0
3906,5772,1998-04,5577,0,68969.8,0
3906,5772,1998-05,5577,0,77441.9,0
3906,5772,1998-06,5577,0,88902.9,0
3906,5772,1998-07,5577,0,90238.6,0
3906,5772,1998-08,5577,0,92883.2,0
3906,5772,1998-09,5577,0,40840.1,0
3906,5772,1998-10,5577,0,68024.0,0
3906,5772,1998-11,5577,0,88022.1,0
3906,5772,1998-12,5577,0,93125.8,0
3906,5772,1999-01,5577,0,93125.8,0
3906,5772,1999-02,5577,0,93125.8,0
3906,5772,1999-03,5577,0,93125.8,0
3906,5772,1999-04,5577,0,93125.8,0
3906,5772,1999-05,5577,0,93125.8,0
3906,5772,1999-06,5577,0,93125.8,0
3906,5772,1999-07,5577,0,93125.8,0
3906,5772,1999-08,5577,0,93125.8,0
3906,5772,1999-09,5577,0,93125.8,0
3906,5772,1999-10,5577,0,93125.8,0
3906,5772,1999-11,5577,0,93125.8,0
3906,5772,1999-12,5577,0,93125.8,0
3906,5772,2000-01,5577,0,93125.8,0
3906,5772,2000-02,5577,0,93125.8,0
3906,5772,2000-03,5577,0,93125.8,0
3906,5772,2000-04,5577,0,93125.8,0
3906,5772,2000-05,5577,0,93125.8,0
3906,5772,2000-06,5577,0,93125.8,0
3906,5772,2000-07,5577,0,93125.8,0
3906,5772,2000-08,5577,0,93125.8,0
3906,5772,2000-09,5577,0,93125.8,0
3906,5772,2000-10,5577,0,93125.8,0
3906,5772,2000-11,5577,0,93125.8,0
3906,5772,2000-12,5577,0,93125.8,0
3906,5772,2001-01,5577,0,93125.8,0
3906,5772,2001-02,5577,0,93125.8,0
3906,5772,2001-03,5577,0,93125.8,0
3906,5772,2001-04,5577,0,93125.8,0
3906,5772,2001-05,5577,0,93125.8,0
3906,5772,2001-06,5577,0,93125.8,0
3906,5772,2001-07,5577,0,93125.8,0
3906,5772,2001-08,5577,0,93125.8,0
3906,5772,2001-09,5577,0,93125.8,0
3906,5772,2001-10,5577,0,93125.8,0
3906,5772,2001-11,5577,0,93125.8,0
3906,5772,2001-12,5577,0,93125.8,0
3906,5772,2002-01,5577,0,93125.8,0
3906,5772,2002-02,5577,0,93125.8,0
3906,5772,2002-03,5577,0,93125.8,0
3906,5772,2002-04,5577,0,93125.8,0
3906,5772,2002-05,5577,0,93125.8,0
3906,5772,2002-06,5577,0,93125.8,0
3906,5772,2002-07,5577,0,93125.8,0
3906,5772,2002-08,5577,0,93125.8,0
3906,5772,2002-09,5577,0,93125.8,0
3906,5772,2002-10,5577,0,93125.8,0
3906,5772,2002-11,5577,0,93125.8,0
3906,5772,2002-12,5577,0,93125.8,0
3906,5772,2003-01,5577,0,93125.8,0
3906,5772,2003-02,5577,0,93125.8,0
3906,5772,2003-03,5577,0,93125.8,0
3390,5665,1998-04,3386,0,47479.9,0
3390,5665,1998-05,3386,0,38088.2,0
3390,5665,1998-06,3386,0,53533.9,0
3390,5665,1998-07,3386,0,53344.5,0
3390,5665,1998-08,3386,0,49250.5,0
3390,5665,1998-09,3386,0,59064.6,0
3390,5665,1998-10,3386,0,50893.6,0
3390,5665,1998-11,3386,0,47203.4,0
3390,5665,1998-12,3386,0,51346.7,0
3390,5665,1999-01,3386,0,51346.7,0
3390,5665,1999-02,3386,0,51346.7,0
3390,5665,1999-03,3386,0,51346.7,0
7274,6495,1998-04,4087,0,46536.6,0
7274,6495,1998-05,4087,0,31603.2,0
7274,6495,1998-06,4087,0,21706.3,0
7274,6495,1998-07,4087,0,27220.1,0
7274,6495,1998-08,4087,0,27652.3,0
7274,6495,1998-09,4087,0,22944.2,0
7274,6495,1998-10,4087,0,19584.8,0
7274,6495,1998-11,4087,0,40090.8,0
7274,6495,1998-12,4087,0,30039.0,0
7274,6495,1999-01,4087,0,30039.0,0
7274,6495,1999-02,4087,0,30039.0,0
7274,6495,1999-03,4087,0,30039.0,0
440,5061,1998-04,1756,0,36506.2,0
440,5061,1998-05,1756,0,38436.9,0
440,5061,1998-06,1756,0,45523.1,0
440,5061,1998-07,1756,0,41591.7,0
440,5061,1998-08,1756,0,43441.3,0
440,5061,1998-09,1756,0,45698.6,0
440,5061,1998-10,1756,0,46000.6,0
440,5061,1998-11,1756,0,54785.4,0
440,5061,1998-12,1756,0,59978.4,0
440,5061,1999-01,1756,0,59978.4,0
440,5061,1999-02,1756,0,59978.4,0
440,5061,1999-03,1756,0,59978.4,0
440,5061,1999-04,1756,0,59978.4,0
440,5061,1999-05,1756,0,59978.4,0
440,5061,1999-06,1756,0,59978.4,0
440,5061,1999-07,1756,0,59978.4,0
440,5061,1999-08,1756,0,59978.4,0
440,5061,1999-09,1756,0,59978.4,0
440,5061,1999-10,1756,0,59978.4,0
440,5061,1999-11,1756,0,59978.4,0
440,5061,1999-12,1756,0,59978.4,0
440,5061,2000-01,1756,0,59978.4,0
440,5061,2000-02,1756,0,59978.4,0
440,5061,2000-03,1756,0,59978.4,0
440,5061,2000-04,1756,0,59978.4,0
440,5061,2000-05,1756,0,59978.4,0
440,5061,2000-06,1756,0,59978.4,0
440,5061,2000-07,1756,0,59978.4,0
440,5061,2000-08,1756,0,59978.4,0
440,5061,2000-09,1756,0,59978.4,0
440,5061,2000-10,1756,0,59978.4,0
440,5061,2000-11,1756,0,59978.4,0
440,5061,2000-12,1756,0,59978.4,0
440,5061,2001-01,1756,0,59978.4,0
440,5061,2001-02,1756,0,59978.4,0
440,5061,2001-03,1756,0,59978.4,0
440,5061,2001-04,1756,0,59978.4,0
440,5061,2001-05,1756,0,59978.4,0
440,5061,2001-06,1756,0,59978.4,0
440,5061,2001-07,1756,0,59978.4,0
440,5061,2001-08,1756,0,59978.4,0
440,5061,2001-09,1756,0,59978.4,0
440,5061,2001-10,1756,0,59978.4,0
440,5061,2001-11,1756,0,59978.4,0
440,5061,2001-12,1756,0,59978.4,0
440,5061,2002-01,1756,0,59978.4,0
440,5061,2002-02,1756,0,59978.4,0
440,5061,2002-03,1756,0,59978.4,0
9560,6948,1998-04,4363,0,43227.8,0
9560,6948,1998-05,4363,0,23238.4,0
9560,6948,1998-06,4363,0,16304.7,0
9560,6948,1998-07,4363,0,35728.0,0
9560,6948,1998-08,4363,0,67554.6,0
9560,6948,1998-09,4363,0,36841.7,0
9560,6948,1998-10,4363,0,90969.4,0
9560,6948,1998-11,4363,0,100036.7,0
9560,6948,1998-12,4363,0,56023.7,0
9560,6948,1999-01,4363,0,56023.7,0
9560,6948,1999-02,4363,0,56023.7,0
9560,6948,1999-03,4363,0,56023.7,0
9560,6948,1999-04,4363,0,56023.7,0
9560,6948,1999-05,4363,0,56023.7,0
9560,6948,1999-06,4363,0,56023.7,0
9560,6948,1999-07,4363,0,56023.7,0
9560,6948,1999-08,4363,0,56023.7,0
9560,6948,1999-09,4363,0,56023.7,0
9560,6948,1999-10,4363,0,56023.7,0
9560,6948,1999-11,4363,0,56023.7,0
9560,6948,1999-12,4363,0,56023.7,0
9560,6948,2000-01,4363,0,56023.7,0
9560,6948,2000-02,4363,0,56023.7,0
9560,6948,2000-03,4363,0,56023.7,0
9560,6948,2000-04,4363,0,56023.7,0
9560,6948,2000-05,4363,0,56023.7,0
9560,6948,2000-06,4363,0,56023.7,0
9560,6948,2000-07,4363,0,56023.7,0
9560,6948,2000-08,4363,0,56023.7,0
9560,6948,2000-09,4363,0,56023.7,0
9560,6948,2000-10,4363,0,56023.7,0
9560,6948,2000-11,4363,0,56023.7,0
9560,6948,2000-12,4363,0,56023.7,0
9560,6948,2001-01,4363,0,56023.7,0
9560,6948,2001-02,4363,0,56023.7,0
9560,6948,2001-03,4363,0,56023.7,0
3907,5773,1998-04,5577,0,82869.0,0
3907,5773,1998-05,5577,0,103804.5,0
3907,5773,1998-06,5577,0,34757.8,0
3907,5773,1998-07,5577,0,30504.1,0
3907,5773,1998-08,5577,0,59775.2,0
3907,5773,1998-09,5577,0,35750.7,0
3907,5773,1998-10,5577,0,44861.6,0
3907,5773,1998-11,5577,0,42922.6,0
3907,5773,1998-12,5577,0,45526.9,0
3907,5773,1999-01,5577,0,45526.9,0
3907,5773,1999-02,5577,0,45526.9,0
3907,5773,1999-03,5577,0,45526.9,0
3907,5773,1999-04,5577,0,45526.9,0
3907,5773,1999-05,5577,0,45526.9,0
3907,5773,1999-06,5577,0,45526.9,0
3907,5773,1999-07,5577,0,45526.9,0
3907,5773,1999-08,5577,0,45526.9,0
3907,5773,1999-09,5577,0,45526.9,0
3907,5773,1999-10,5577,0,45526.9,0
3907,5773,1999-11,5577,0,45526.9,0
3907,5773,1999-12,5577,0,45526.9,0
3907,5773,2000-01,5577,0,45526.9,0
3907,5773,2000-02,5577,0,45526.9,0
3907,5773,2000-03,5577,0,45526.9,0
5164,6052,1998-04,621,0,14750.5,0
5164,6052,1998-05,621,0,16311.5,0
5164,6052,1998-06,621,0,20382.3,0
5164,6052,1998-07,621,0,21966.8,0
5164,6052,1998-08,621,0,23557.8,0
5164,6052,1998-09,621,0,25155.3,0
5164,6052,1998-10,621,0,26759.5,0
5164,6052,1998-11,621,0,13431.0,0
5164,6052,1998-12,621,0,18190.4,0
5164,6052,1999-01,621,0,18190.4,0
5164,6052,1999-02,621,0,18190.4,0
5164,6052,1999-03,621,0,18190.4,0
5164,6052,1999-04,621,0,18190.4,0
5164,6052,1999-05,621,0,18190.4,0
5164,6052,1999-06,621,0,18190.4,0
5164,6052,1999-07,621,0,18190.4,0
5164,6052,1999-08,621,0,18190.4,0
5164,6052,1999-09,621,0,18190.4,0
5164,6052,1999-10,621,0,18190.4,0
5164,6052,1999-11,621,0,18190.4,0
5164,6052,1999-12,621,0,18190.4,0
5164,6052,2000-01,621,0,18190.4,0
5164,6052,2000-02,621,0,18190.4,0
5164,6052,2000-03,621,0,18190.4,0
5164,6052,2000-04,621,0,18190.4,0
5164,6052,2000-05,621,0,18190.4,0
5164,6052,2000-06,621,0,18190.4,0
5164,6052,2000-07,621,0,18190.4,0
5164,6052,2000-08,621,0,18190.4,0
5164,6052,2000-09,621,0,18190.4,0
5164,6052,2000-10,621,0,18190.4,0
5164,6052,2000-11,621,0,18190.4,0
5164,6052,2000-12,621,0,18190.4,0
5164,6052,2001-01,621,0,18190.4,0
5164,6052,2001-02,621,0,18190.4,0
5164,6052,2001-03,621,0,18190.4,0
8225,6682,1998-04,3017,1,19987.5,0
8225,6682,1998-05,3017,1,16033.3,0
8225,6682,1998-06,3017,1,14591.3,0
8225,6682,1998-07,3017,1,12283.7,0
8225,6682,1998-08,3017,1,4356.0,0
8225,6682,1998-09,3017,1,13543.1,0
8225,6682,1998-10,3017,1,14863.1,0
8225,6682,1998-11,3017,1,21120.8,0
8225,6682,1998-12,3017,1,37568.5,0
8225,6682,1999-01,3017,1,37568.5,0
8225,6682,1999-02,3017,1,37568.5,0
8225,6682,1999-03,3017,1,37568.5,0
5305,6083,1998-04,5011,0,33407.6,0
5305,6083,1998-05,5011,0,25635.3,0
5305,6083,1998-06,5011,0,19920.1,0
5305,6083,1998-07,5011,0,30079.8,0
5305,6083,1998-08,5011,0,29971.0,0
5305,6083,1998-09,5011,0,36482.2,0
5305,6083,1998-10,5011,0,47105.7,0
5305,6083,1998-11,5011,0,50351.2,0
5305,6083,1998-12,5011,0,55603.7,0
5305,6083,1999-01,5011,0,55603.7,0
5305,6083,1999-02,5011,0,55603.7,0
5305,6083,1999-03,5011,0,55603.7,0
5305,6083,1999-04,5011,0,55603.7,0
5305,6083,1999-05,5011,0,55603.7,0
5305,6083,1999-06,5011,0,55603.7,0
5305,6083,1999-07,5011,0,55603.7,0
5305,6083,1999-08,5011,0,55603.7,0
5305,6083,1999-09,5011,0,55603.7,0
5305,6083,1999-10,5011,0,55603.7,0
5305,6083,1999-11,5011,0,55603.7,0
5305,6083,1999-12,5011,0,55603.7,0
5305,6083,2000-01,5011,0,55603.7,0
5305,6083,2000-02,5011,0,55603.7,0
5305,6083,2000-03,5011,0,55603.7,0
5305,6083,2000-04,5011,0,55603.7,0
5305,6083,2000-05,5011,0,55603.7,0
5305,6083,2000-06,5011,0,55603.7,0
5305,6083,2000-07,5011,0,55603.7,0
5305,6083,2000-08,5011,0,55603.7,0
5305,6083,2000-09,5011,0,55603.7,0
5305,6083,2000-10,5011,0,55603.7,0
5305,6083,2000-11,5011,0,55603.7,0
5305,6083,2000-12,5011,0,55603.7,0
5305,6083,2001-01,5011,0,55603.7,0
5305,6083,2001-02,5011,0,55603.7,0
5305,6083,2001-03,5011,0,55603.7,0
5305,6083,2001-04,5011,0,55603.7,0
5305,6083,2001-05,5011,0,55603.7,0
5305,6083,2001-06,5011,0,55603.7,0
5305,6083,2001-07,5011,0,55603.7,0
5305,6083,2001-08,5011,0,55603.7,0
5305,6083,2001-09,5011,0,55603.7,0
5305,6083,2001-10,5011,0,55603.7,0
5305,6083,2001-11,5011,0,55603.7,0
5305,6083,2001-12,5011,0,55603.7,0
5305,6083,2002-01,5011,0,55603.7,0
5305,6083,2002-02,5011,0,55603.7,0
5305,6083,2002-03,5011,0,55603.7,0
9646,6962,1998-05,5814,0,644.6,1
9646,6962,1998-06,5814,0,72701.8,0
9646,6962,1998-07,5814,0,51379.6,0
9646,6962,1998-08,5814,0,47516.3,0
9646,6962,1998-09,5814,0,22069.2,0
9646,6962,1998-10,5814,0,28246.8,0
9646,6962,1998-11,5814,0,8185.3,0
9646,6962,1998-12,5814,0,59246.6,0
9646,6962,1999-01,5814,0,59246.6,0
9646,6962,1999-02,5814,0,59246.6,0
9646,6962,1999-03,5814,0,59246.6,0
9646,6962,1999-04,5814,0,59246.6,0
9646,6962,1999-05,5814,0,59246.6,0
9646,6962,1999-06,5814,0,59246.6,0
9646,6962,1999-07,5814,0,59246.6,0
9646,6962,1999-08,5814,0,59246.6,0
9646,6962,1999-09,5814,0,59246.6,0
9646,6962,1999-10,5814,0,59246.6,0
9646,6962,1999-11,5814,0,59246.6,0
9646,6962,1999-12,5814,0,59246.6,0
9646,6962,2000-01,5814,0,59246.6,0
9646,6962,2000-02,5814,0,59246.6,0
9646,6962,2000-03,5814,0,59246.6,0
9646,6962,2000-04,5814,0,59246.6,0
9646,6962,2000-05,5814,0,59246.6,0
9646,6962,2000-06,5814,0,59246.6,0
9646,6962,2000-07,5814,0,59246.6,0
9646,6962,2000-08,5814,0,59246.6,0
9646,6962,2000-09,5814,0,59246.6,0
9646,6962,2000-10,5814,0,59246.6,0
9646,6962,2000-11,5814,0,59246.6,0
9646,6962,2000-12,5814,0,59246.6,0
9646,6962,2001-01,5814,0,59246.6,0
9646,6962,2001-02,5814,0,59246.6,0
9646,6962,2001-03,5814,0,59246.6,0
9646,6962,2001-04,5814,0,59246.6,0
9646,6962,2001-05,5814,0,59246.6,0
9646,6962,2001-06,5814,0,59246.6,0
9646,6962,2001-07,5814,0,59246.6,0
9646,6962,2001-08,5814,0,59246.6,0
9646,6962,2001-09,5814,0,59246.6,0
9646,6962,2001-10,5814,0,59246.6,0
9646,6962,2001-11,5814,0,59246.6,0
9646,6962,2001-12,5814,0,59246.6,0
9646,6962,2002-01,5814,0,59246.6,0
9646,6962,2002-02,5814,0,59246.6,0
9646,6962,2002-03,5814,0,59246.6,0
9646,6962,2002-04,5814,0,59246.6,0
1004,5158,1998-05,5237,0,74564.0,0
1004,5158,1998-06,5237,0,31716.4,0
1004,5158,1998-07,5237,0,47812.6,0
1004,5158,1998-08,5237,0,82597.5,0
1004,5158,1998-09,5237,0,55586.9,0
1004,5158,1998-10,5237,0,81844.3,0
1004,5158,1998-11,5237,0,101027.1,0
1004,5158,1998-12,5237,0,76546.3,0
1004,5158,1999-01,5237,0,76546.3,0
1004,5158,1999-02,5237,0,76546.3,0
1004,5158,1999-03,5237,0,76546.3,0
1004,5158,1999-04,5237,0,76546.3,0
1004,5158,1999-05,5237,0,76546.3,0
1004,5158,1999-06,5237,0,76546.3,0
1004,5158,1999-07,5237,0,76546.3,0
1004,5158,1999-08,5237,0,76546.3,0
1004,5158,1999-09,5237,0,76546.3,0
1004,5158,1999-10,5237,0,76546.3,0
1004,5158,1999-11,5237,0,76546.3,0
1004,5158,1999-12,5237,0,76546.3,0
1004,5158,2000-01,5237,0,76546.3,0
1004,5158,2000-02,5237,0,76546.3,0
1004,5158,2000-03,5237,0,76546.3,0
1004,5158,2000-04,5237,0,76546.3,0
1004,5158,2000-05,5237,0,76546.3,0
1004,5158,2000-06,5237,0,76546.3,0
1004,5158,2000-07,5237,0,76546.3,0
1004,5158,2000-08,5237,0,76546.3,0
1004,5158,2000-09,5237,0,76546.3,0
1004,5158,2000-10,5237,0,76546.3,0
1004,5158,2000-11,5237,0,76546.3,0
1004,5158,2000-12,5237,0,76546.3,0
1004,5158,2001-01,5237,0,76546.3,0
1004,5158,2001-02,5237,0,76546.3,0
1004,5158,2001-03,5237,0,76546.3,0
1004,5158,2001-04,5237,0,76546.3,0
7156,6464,1998-05,2062,0,32579.6,0
7156,6464,1998-06,2062,0,50919.6,0
7156,6464,1998-07,2062,0,38372.4,0
7156,6464,1998-08,2062,0,22100.2,0
7156,6464,1998-09,2062,0,42333.7,0
7156,6464,1998-10,2062,0,48381.0,0
7156,6464,1998-11,2062,0,64992.0,0
7156,6464,1998-12,2062,0,59759.7,0
7156,6464,1999-01,2062,0,59759.7,0
7156,6464,1999-02,2062,0,59759.7,0
7156,6464,1999-03,2062,0,59759.7,0
7156,6464,1999-04,2062,0,59759.7,0
7156,6464,1999-05,2062,0,59759.7,0
7156,6464,1999-06,2062,0,59759.7,0
7156,6464,1999-07,2062,0,59759.7,0
7156,6464,1999-08,2062,0,59759.7,0
7156,6464,1999-09,2062,0,59759.7,0
7156,6464,1999-10,2062,0,59759.7,0
7156,6464,1999-11,2062,0,59759.7,0
7156,6464,1999-12,2062,0,59759.7,0
7156,6464,2000-01,2062,0,59759.7,0
7156,6464,2000-02,2062,0,59759.7,0
7156,6464,2000-03,2062,0,59759.7,0
7156,6464,2000-04,2062,0,59759.7,0
1083,5172,1998-05,1416,0,25944.7,0
1083,5172,1998-06,1416,0,18523.4,0
1083,5172,1998-07,1416,0,20275.6,0
1083,5172,1998-08,1416,0,23515.6,0
1083,5172,1998-09,1416,0,22666.6,0
1083,5172,1998-10,1416,0,19712.2,0
1083,5172,1998-11,1416,0,14779.6,0
1083,5172,1998-12,1416,0,21784.7,0
1083,5172,1999-01,1416,0,21784.7,0
1083,5172,1999-02,1416,0,21784.7,0
1083,5172,1999-03,1416,0,21784.7,0
1083,5172,1999-04,1416,0,21784.7,0
1083,5172,1999-05,1416,0,21784.7,0
1083,5172,1999-06,1416,0,21784.7,0
1083,5172,1999-07,1416,0,21784.7,0
1083,5172,1999-08,1416,0,21784.7,0
1083,5172,1999-09,1416,0,21784.7,0
1083,5172,1999-10,1416,0,21784.7,0
1083,5172,1999-11,1416,0,21784.7,0
1083,5172,1999-12,1416,0,21784.7,0
1083,5172,2000-01,1416,0,21784.7,0
1083,5172,2000-02,1416,0,21784.7,0
1083,5172,2000-03,1416,0,21784.7,0
1083,5172,2000-04,1416,0,21784.7,0
1083,5172,2000-05,1416,0,21784.7,0
1083,5172,2000-06,1416,0,21784.7,0
1083,5172,2000-07,1416,0,21784.7,0
1083,5172,2000-08,1416,0,21784.7,0
1083,5172,2000-09,1416,0,21784.7,0
1083,5172,2000-10,1416,0,21784.7,0
1083,5172,2000-11,1416,0,21784.7,0
1083,5172,2000-12,1416,0,21784.7,0
1083,5172,2001-01,1416,0,21784.7,0
1083,5172,2001-02,1416,0,21784.7,0
1083,5172,2001-03,1416,0,21784.7,0
1083,5172,2001-04,1416,0,21784.7,0
2982,5582,1998-05,3438,0,65848.7,0
2982,5582,1998-06,3438,0,37577.7,0
2982,5582,1998-07,3438,0,60980.1,0
2982,5582,1998-08,3438,0,62251.5,0
2982,5582,1998-09,3438,0,62030.8,0
2982,5582,1998-10,3438,0,78521.3,0
2982,5582,1998-11,3438,0,48680.8,0
2982,5582,1998-12,3438,0,69951.0,0
2982,5582,1999-01,3438,0,69951.0,0
2982,5582,1999-02,3438,0,69951.0,0
2982,5582,1999-03,3438,0,69951.0,0
2982,5582,1999-04,3438,0,69951.0,0
5572,6136,1998-05,2348,0,14703.5,0
5572,6136,1998-06,2348,0,17203.1,0
5572,6136,1998-07,2348,0,37636.2,0
5572,6136,1998-08,2348,0,54270.7,0
5572,6136,1998-09,2348,0,60239.3,0
5572,6136,1998-10,2348,0,64935.7,0
5572,6136,1998-11,2348,0,31315.9,0
5572,6136,1998-12,2348,0,49913.8,0
5572,6136,1999-01,2348,0,49913.8,0
5572,6136,1999-02,2348,0,49913.8,0
5572,6136,1999-03,2348,0,49913.8,0
5572,6136,1999-04,2348,0,49913.8,0
5572,6136,1999-05,2348,0,49913.8,0
5572,6136,1999-06,2348,0,49913.8,0
5572,6136,1999-07,2348,0,49913.8,0
5572,6136,1999-08,2348,0,49913.8,0
5572,6136,1999-09,2348,0,49913.8,0
5572,6136,1999-10,2348,0,49913.8,0
5572,6136,1999-11,2348,0,49913.8,0
5572,6136,1999-12,2348,0,49913.8,0
5572,6136,2000-01,2348,0,49913.8,0
5572,6136,2000-02,2348,0,49913.8,0
5572,6136,2000-03,2348,0,49913.8,0
5572,6136,2000-04,2348,0,49913.8,0
5572,6136,2000-05,2348,0,49913.8,0
5572,6136,2000-06,2348,0,49913.8,0
5572,6136,2000-07,2348,0,49913.8,0
5572,6136,2000-08,2348,0,49913.8,0
5572,6136,2000-09,2348,0,49913.8,0
5572,6136,2000-10,2348,0,49913.8,0
5572,6136,2000-11,2348,0,49913.8,0
5572,6136,2000-12,2348,0,49913.8,0
5572,6136,2001-01,2348,0,49913.8,0
5572,6136,2001-02,2348,0,49913.8,0
5572,6136,2001-03,2348,0,49913.8,0
5572,6136,2001-04,2348,0,49913.8,0
5572,6136,2001-05,2348,0,49913.8,0
5572,6136,2001-06,2348,0,49913.8,0
5572,6136,2001-07,2348,0,49913.8,0
5572,6136,2001-08,2348,0,49913.8,0
5572,6136,2001-09,2348,0,49913.8,0
5572,6136,2001-10,2348,0,49913.8,0
5572,6136,2001-11,2348,0,49913.8,0
5572,6136,2001-12,2348,0,49913.8,0
5572,6136,2002-01,2348,0,49913.8,0
5572,6136,2002-02,2348,0,49913.8,0
5572,6136,2002-03,2348,0,49913.8,0
5572,6136,2002-04,2348,0,49913.8,0
5572,6136,2002-05,2348,0,49913.8,0
5572,6136,2002-06,2348,0,49913.8,0
5572,6136,2002-07,2348,0,49913.8,0
5572,6136,2002-08,2348,0,49913.8,0
5572,6136,2002-09,2348,0,49913.8,0
5572,6136,2002-10,2348,0,49913.8,0
5572,6136,2002-11,2348,0,49913.8,0
5572,6136,2002-12,2348,0,49913.8,0
5572,6136,2003-01,2348,0,49913.8,0
5572,6136,2003-02,2348,0,49913.8,0
5572,6136,2003-03,2348,0,49913.8,0
5572,6136,2003-04,2348,0,49913.8,0
6062,6235,1998-05,5356,0,60505.3,0
6062,6235,1998-06,5356,0,37851.5,0
6062,6235,1998-07,5356,0,36170.6,0
6062,6235,1998-08,5356,0,52275.4,0
6062,6235,1998-09,5356,0,43728.7,0
6062,6235,1998-10,5356,0,35191.7,0
6062,6235,1998-11,5356,0,32081.4,0
6062,6235,1998-12,5356,0,41691.3,0
6062,6235,1999-01,5356,0,41691.3,0
6062,6235,1999-02,5356,0,41691.3,0
6062,6235,1999-03,5356,0,41691.3,0
6062,6235,1999-04,5356,0,41691.3,0
6062,6235,1999-05,5356,0,41691.3,0
6062,6235,1999-06,5356,0,41691.3,0
6062,6235,1999-07,5356,0,41691.3,0
6062,6235,1999-08,5356,0,41691.3,0
6062,6235,1999-09,5356,0,41691.3,0
6062,6235,1999-10,5356,0,41691.3,0
6062,6235,1999-11,5356,0,41691.3,0
6062,6235,1999-12,5356,0,41691.3,0
6062,6235,2000-01,5356,0,41691.3,0
6062,6235,2000-02,5356,0,41691.3,0
6062,6235,2000-03,5356,0,41691.3,0
6062,6235,2000-04,5356,0,41691.3,0
6062,6235,2000-05,5356,0,41691.3,0
6062,6235,2000-06,5356,0,41691.3,0
6062,6235,2000-07,5356,0,41691.3,0
6062,6235,2000-08,5356,0,41691.3,0
6062,6235,2000-09,5356,0,41691.3,0
6062,6235,2000-10,5356,0,41691.3,0
6062,6235,2000-11,5356,0,41691.3,0
6062,6235,2000-12,5356,0,41691.3,0
6062,6235,2001-01,5356,0,41691.3,0
6062,6235,2001-02,5356,0,41691.3,0
6062,6235,2001-03,5356,0,41691.3,0
6062,6235,2001-04,5356,0,41691.3,0
6062,6235,2001-05,5356,0,41691.3,0
6062,6235,2001-06,5356,0,41691.3,0
6062,6235,2001-07,5356,0,41691.3,0
6062,6235,2001-08,5356,0,41691.3,0
6062,6235,2001-09,5356,0,41691.3,0
6062,6235,2001-10,5356,0,41691.3,0
6062,6235,2001-11,5356,0,41691.3,0
6062,6235,2001-12,5356,0,41691.3,0
6062,6235,2002-01,5356,0,41691.3,0
6062,6235,2002-02,5356,0,41691.3,0
6062,6235,2002-03,5356,0,41691.3,0
6062,6235,2002-04,5356,0,41691.3,0
6062,6235,2002-05,5356,0,41691.3,0
6062,6235,2002-06,5356,0,41691.3,0
6062,6235,2002-07,5356,0,41691.3,0
6062,6235,2002-08,5356,0,41691.3,0
6062,6235,2002-09,5356,0,41691.3,0
6062,6235,2002-10,5356,0,41691.3,0
6062,6235,2002-11,5356,0,41691.3,0
6062,6235,2002-12,5356,0,41691.3,0
6062,6235,2003-01,5356,0,41691.3,0
6062,6235,2003-02,5356,0,41691.3,0
6062,6235,2003-03,5356,0,41691.3,0
6062,6235,2003-04,5356,0,41691.3,0
7437,6508,1998-05,2307,0,24970.0,0
7437,6508,1998-06,2307,0,42797.2,0
7437,6508,1998-07,2307,0,27248.2,0
7437,6508,1998-08,2307,0,31387.7,0
7437,6508,1998-09,2307,0,29320.2,0
7437,6508,1998-10,2307,0,31213.0,0
7437,6508,1998-11,2307,0,36811.4,0
7437,6508,1998-12,2307,0,41656.2,0
7437,6508,1999-01,2307,0,41656.2,0
7437,6508,1999-02,2307,0,41656.2,0
7437,6508,1999-03,2307,0,41656.2,0
7437,6508,1999-04,2307,0,41656.2,0
7437,6508,1999-05,2307,0,41656.2,0
7437,6508,1999-06,2307,0,41656.2,0
7437,6508,1999-07,2307,0,41656.2,0
7437,6508,1999-08,2307,0,41656.2,0
7437,6508,1999-09,2307,0,41656.2,0
7437,6508,1999-10,2307,0,41656.2,0
7437,6508,1999-11,2307,0,41656.2,0
7437,6508,1999-12,2307,0,41656.2,0
7437,6508,2000-01,2307,0,41656.2,0
7437,6508,2000-02,2307,0,41656.2,0
7437,6508,2000-03,2307,0,41656.2,0
7437,6508,2000-04,2307,0,41656.2,0
7437,6508,2000-05,2307,0,41656.2,0
7437,6508,2000-06,2307,0,41656.2,0
7437,6508,2000-07,2307,0,41656.2,0
7437,6508,2000-08,2307,0,41656.2,0
7437,6508,2000-09,2307,0,41656.2,0
7437,6508,2000-10,2307,0,41656.2,0
7437,6508,2000-11,2307,0,41656.2,0
7437,6508,2000-12,2307,0,41656.2,0
7437,6508,2001-01,2307,0,41656.2,0
7437,6508,2001-02,2307,0,41656.2,0
7437,6508,2001-03,2307,0,41656.2,0
7437,6508,2001-04,2307,0,41656.2,0
7437,6508,2001-05,2307,0,41656.2,0
7437,6508,2001-06,2307,0,41656.2,0
7437,6508,2001-07,2307,0,41656.2,0
7437,6508,2001-08,2307,0,41656.2,0
7437,6508,2001-09,2307,0,41656.2,0
7437,6508,2001-10,2307,0,41656.2,0
7437,6508,2001-11,2307,0,41656.2,0
7437,6508,2001-12,2307,0,41656.2,0
7437,6508,2002-01,2307,0,41656.2,0
7437,6508,2002-02,2307,0,41656.2,0
7437,6508,2002-03,2307,0,41656.2,0
7437,6508,2002-04,2307,0,41656.2,0
38,4968,1998-05,2307,0,27812.8,0
38,4968,1998-06,2307,0,45651.7,0
38,4968,1998-07,2307,0,30114.3,0
38,4968,1998-08,2307,0,34265.5,0
38,4968,1998-09,2307,0,32209.6,0
38,4968,1998-10,2307,0,34114.0,0
38,4968,1998-11,2307,0,39724.0,0
38,4968,1998-12,2307,0,44580.5,0
38,4968,1999-01,2307,0,44580.5,0
38,4968,1999-02,2307,0,44580.5,0
38,4968,1999-03,2307,0,44580.5,0
38,4968,1999-04,2307,0,44580.5,0
38,4968,1999-05,2307,0,44580.5,0
38,4968,1999-06,2307,0,44580.5,0
38,4968,1999-07,2307,0,44580.5,0
38,4968,1999-08,2307,0,44580.5,0
38,4968,1999-09,2307,0,44580.5,0
38,4968,1999-10,2307,0,44580.5,0
38,4968,1999-11,2307,0,44580.5,0
38,4968,1999-12,2307,0,44580.5,0
38,4968,2000-01,2307,0,44580.5,0
38,4968,2000-02,2307,0,44580.5,0
38,4968,2000-03,2307,0,44580.5,0
38,4968,2000-04,2307,0,44580.5,0
38,4968,2000-05,2307,0,44580.5,0
38,4968,2000-06,2307,0,44580.5,0
38,4968,2000-07,2307,0,44580.5,0
38,4968,2000-08,2307,0,44580.5,0
38,4968,2000-09,2307,0,44580.5,0
38,4968,2000-10,2307,0,44580.5,0
38,4968,2000-11,2307,0,44580.5,0
38,4968,2000-12,2307,0,44580.5,0
38,4968,2001-01,2307,0,44580.5,0
38,4968,2001-02,2307,0,44580.5,0
38,4968,2001-03,2307,0,44580.5,0
38,4968,2001-04,2307,0,44580.5,0
38,4968,2001-05,2307,0,44580.5,0
38,4968,2001-06,2307,0,44580.5,0
38,4968,2001-07,2307,0,44580.5,0
38,4968,2001-08,2307,0,44580.5,0
38,4968,2001-09,2307,0,44580.5,0
38,4968,2001-10,2307,0,44580.5,0
38,4968,2001-11,2307,0,44580.5,0
38,4968,2001-12,2307,0,44580.5,0
38,4968,2002-01,2307,0,44580.5,0
38,4968,2002-02,2307,0,44580.5,0
38,4968,2002-03,2307,0,44580.5,0
38,4968,2002-04,2307,0,44580.5,0
7990,6632,1998-05,3020,0,49250.8,0
7990,6632,1998-06,3020,0,54716.5,0
7990,6632,1998-07,3020,0,79534.4,0
7990,6632,1998-08,3020,0,95125.8,0
7990,6632,1998-09,3020,0,105644.5,0
7990,6632,1998-10,3020,0,61258.7,0
7990,6632,1998-11,3020,0,62298.1,0
7990,6632,1998-12,3020,0,59933.0,0
7990,6632,1999-01,3020,0,59933.0,0
7990,6632,1999-02,3020,0,59933.0,0
7990,6632,1999-03,3020,0,59933.0,0
7990,6632,1999-04,3020,0,59933.0,0
7990,6632,1999-05,3020,0,59933.0,0
7990,6632,1999-06,3020,0,59933.0,0
7990,6632,1999-07,3020,0,59933.0,0
7990,6632,1999-08,3020,0,59933.0,0
7990,6632,1999-09,3020,0,59933.0,0
7990,6632,1999-10,3020,0,59933.0,0
7990,6632,1999-11,3020,0,59933.0,0
7990,6632,1999-12,3020,0,59933.0,0
7990,6632,2000-01,3020,0,59933.0,0
7990,6632,2000-02,3020,0,59933.0,0
7990,6632,2000-03,3020,0,59933.0,0
7990,6632,2000-04,3020,0,59933.0,0
7990,6632,2000-05,3020,0,59933.0,0
7990,6632,2000-06,3020,0,59933.0,0
7990,6632,2000-07,3020,0,59933.0,0
7990,6632,2000-08,3020,0,59933.0,0
7990,6632,2000-09,3020,0,59933.0,0
7990,6632,2000-10,3020,0,59933.0,0
7990,6632,2000-11,3020,0,59933.0,0
7990,6632,2000-12,3020,0,59933.0,0
7990,6632,2001-01,3020,0,59933.0,0
7990,6632,2001-02,3020,0,59933.0,0
7990,6632,2001-03,3020,0,59933.0,0
7990,6632,2001-04,3020,0,59933.0,0
7990,6632,2001-05,3020,0,59933.0,0
7990,6632,2001-06,3020,0,59933.0,0
7990,6632,2001-07,3020,0,59933.0,0
7990,6632,2001-08,3020,0,59933.0,0
7990,6632,2001-09,3020,0,59933.0,0
7990,6632,2001-10,3020,0,59933.0,0
7990,6632,2001-11,3020,0,59933.0,0
7990,6632,2001-12,3020,0,59933.0,0
7990,6632,2002-01,3020,0,59933.0,0
7990,6632,2002-02,3020,0,59933.0,0
7990,6632,2002-03,3020,0,59933.0,0
7990,6632,2002-04,3020,0,59933.0,0
10774,7195,1998-05,7066,0,37318.6,0
10774,7195,1998-06,7066,0,20773.3,0
10774,7195,1998-07,7066,0,35608.7,0
10774,7195,1998-08,7066,0,37731.4,0
10774,7195,1998-09,7066,0,44868.4,0
10774,7195,1998-10,7066,0,40496.4,0
10774,7195,1998-11,7066,0,44544.7,0
10774,7195,1998-12,7066,0,37653.8,0
10774,7195,1999-01,7066,0,37653.8,0
10774,7195,1999-02,7066,0,37653.8,0
10774,7195,1999-03,7066,0,37653.8,0
10774,7195,1999-04,7066,0,37653.8,0
10774,7195,1999-05,7066,0,37653.8,0
10774,7195,1999-06,7066,0,37653.8,0
10774,7195,1999-07,7066,0,37653.8,0
10774,7195,1999-08,7066,0,37653.8,0
10774,7195,1999-09,7066,0,37653.8,0
10774,7195,1999-10,7066,0,37653.8,0
10774,7195,1999-11,7066,0,37653.8,0
10774,7195,1999-12,7066,0,37653.8,0
10774,7195,2000-01,7066,0,37653.8,0
10774,7195,2000-02,7066,0,37653.8,0
10774,7195,2000-03,7066,0,37653.8,0
10774,7195,2000-04,7066,0,37653.8,0
10774,7195,2000-05,7066,0,37653.8,0
10774,7195,2000-06,7066,0,37653.8,0
10774,7195,2000-07,7066,0,37653.8,0
10774,7195,2000-08,7066,0,37653.8,0
10774,7195,2000-09,7066,0,37653.8,0
10774,7195,2000-10,7066,0,37653.8,0
10774,7195,2000-11,7066,0,37653.8,0
10774,7195,2000-12,7066,0,37653.8,0
10774,7195,2001-01,7066,0,37653.8,0
10774,7195,2001-02,7066,0,37653.8,0
10774,7195,2001-03,7066,0,37653.8,0
10774,7195,2001-04,7066,0,37653.8,0
10774,7195,2001-05,7066,0,37653.8,0
10774,7195,2001-06,7066,0,37653.8,0
10774,7195,2001-07,7066,0,37653.8,0
10774,7195,2001-08,7066,0,37653.8,0
10774,7195,2001-09,7066,0,37653.8,0
10774,7195,2001-10,7066,0,37653.8,0
10774,7195,2001-11,7066,0,37653.8,0
10774,7195,2001-12,7066,0,37653.8,0
10774,7195,2002-01,7066,0,37653.8,0
10774,7195,2002-02,7066,0,37653.8,0
10774,7195,2002-03,7066,0,37653.8,0
10774,7195,2002-04,7066,0,37653.8,0
2720,5525,1998-05,2608,0,76235.1,0
2720,5525,1998-06,2608,0,58477.2,0
2720,5525,1998-07,2608,0,49779.9,0
2720,5525,1998-08,2608,0,66694.5,0
2720,5525,1998-09,2608,0,49673.9,0
2720,5525,1998-10,2608,0,25700.7,0
2720,5525,1998-11,2608,0,55735.7,0
2720,5525,1998-12,2608,0,75509.7,0
2720,5525,1999-01,2608,0,75509.7,0
2720,5525,1999-02,2608,0,75509.7,0
2720,5525,1999-03,2608,0,75509.7,0
2720,5525,1999-04,2608,0,75509.7,0
2720,5525,1999-05,2608,0,75509.7,0
2720,5525,1999-06,2608,0,75509.7,0
2720,5525,1999-07,2608,0,75509.7,0
2720,5525,1999-08,2608,0,75509.7,0
2720,5525,1999-09,2608,0,75509.7,0
2720,5525,1999-10,2608,0,75509.7,0
2720,5525,1999-11,2608,0,75509.7,0
2720,5525,1999-12,2608,0,75509.7,0
2720,5525,2000-01,2608,0,75509.7,0
2720,5525,2000-02,2608,0,75509.7,0
2720,5525,2000-03,2608,0,75509.7,0
2720,5525,2000-04,2608,0,75509.7,0
2720,5525,2000-05,2608,0,75509.7,0
2720,5525,2000-06,2608,0,75509.7,0
2720,5525,2000-07,2608,0,75509.7,0
2720,5525,2000-08,2608,0,75509.7,0
2720,5525,2000-09,2608,0,75509.7,0
2720,5525,2000-10,2608,0,75509.7,0
2720,5525,2000-11,2608,0,75509.7,0
2720,5525,2000-12,2608,0,75509.7,0
2720,5525,2001-01,2608,0,75509.7,0
2720,5525,2001-02,2608,0,75509.7,0
2720,5525,2001-03,2608,0,75509.7,0
2720,5525,2001-04,2608,0,75509.7,0
6495,6320,1998-05,8747,0,30911.4,0
6495,6320,1998-06,8747,0,23318.2,0
6495,6320,1998-07,8747,0,27345.8,0
6495,6320,1998-08,8747,0,25975.8,0
6495,6320,1998-09,8747,0,23860.9,0
6495,6320,1998-10,8747,0,25283.6,0
6495,6320,1998-11,8747,0,24606.2,0
6495,6320,1998-12,8747,0,24244.6,0
6495,6320,1999-01,8747,0,24244.6,0
6495,6320,1999-02,8747,0,24244.6,0
6495,6320,1999-03,8747,0,24244.6,0
6495,6320,1999-04,8747,0,24244.6,0
8784,6766,1998-05,3098,0,60392.9,0
8784,6766,1998-06,3098,0,76958.5,0
8784,6766,1998-07,3098,0,74345.4,0
8784,6766,1998-08,3098,0,67776.1,0
8784,6766,1998-09,3098,0,69418.9,0
8784,6766,1998-10,3098,0,52847.6,0
8784,6766,1998-11,3098,0,51836.0,0
8784,6766,1998-12,3098,0,66384.2,0
8784,6766,1999-01,3098,0,66384.2,0
8784,6766,1999-02,3098,0,66384.2,0
8784,6766,1999-03,3098,0,66384.2,0
8784,6766,1999-04,3098,0,66384.2,0
8784,6766,1999-05,3098,0,66384.2,0
8784,6766,1999-06,3098,0,66384.2,0
8784,6766,1999-07,3098,0,66384.2,0
8784,6766,1999-08,3098,0,66384.2,0
8784,6766,1999-09,3098,0,66384.2,0
8784,6766,1999-10,3098,0,66384.2,0
8784,6766,1999-11,3098,0,66384.2,0
8784,6766,1999-12,3098,0,66384.2,0
8784,6766,2000-01,3098,0,66384.2,0
8784,6766,2000-02,3098,0,66384.2,0
8784,6766,2000-03,3098,0,66384.2,0
8784,6766,2000-04,3098,0,66384.2,0
9227,6872,1998-05,3193,0,14323.7,0
9227,6872,1998-06,3193,0,12814.2,0
9227,6872,1998-07,3193,0,16912.9,0
9227,6872,1998-08,3193,0,13923.7,0
9227,6872,1998-09,3193,0,12279.0,0
9227,6872,1998-10,3193,0,12637.1,0
9227,6872,1998-11,3193,0,16937.8,0
9227,6872,1998-12,3193,0,15191.9,0
9227,6872,1999-01,3193,0,15191.9,0
9227,6872,1999-02,3193,0,15191.9,0
9227,6872,1999-03,3193,0,15191.9,0
9227,6872,1999-04,3193,0,15191.9,0
9227,6872,1999-05,3193,0,15191.9,0
9227,6872,1999-06,3193,0,15191.9,0
9227,6872,1999-07,3193,0,15191.9,0
9227,6872,1999-08,3193,0,15191.9,0
9227,6872,1999-09,3193,0,15191.9,0
9227,6872,1999-10,3193,0,15191.9,0
9227,6872,1999-11,3193,0,15191.9,0
9227,6872,1999-12,3193,0,15191.9,0
9227,6872,2000-01,3193,0,15191.9,0
9227,6872,2000-02,3193,0,15191.9,0
9227,6872,2000-03,3193,0,15191.9,0
9227,6872,2000-04,3193,0,15191.9,0
9227,6872,2000-05,3193,0,15191.9,0
9227,6872,2000-06,3193,0,15191.9,0
9227,6872,2000-07,3193,0,15191.9,0
9227,6872,2000-08,3193,0,15191.9,0
9227,6872,2000-09,3193,0,15191.9,0
9227,6872,2000-10,3193,0,15191.9,0
9227,6872,2000-11,3193,0,15191.9,0
9227,6872,2000-12,3193,0,15191.9,0
9227,6872,2001-01,3193,0,15191.9,0
9227,6872,2001-02,3193,0,15191.9,0
9227,6872,2001-03,3193,0,15191.9,0
9227,6872,2001-04,3193,0,15191.9,0
9227,6872,2001-05,3193,0,15191.9,0
9227,6872,2001-06,3193,0,15191.9,0
9227,6872,2001-07,3193,0,15191.9,0
9227,6872,2001-08,3193,0,15191.9,0
9227,6872,2001-09,3193,0,15191.9,0
9227,6872,2001-10,3193,0,15191.9,0
9227,6872,2001-11,3193,0,15191.9,0
9227,6872,2001-12,3193,0,15191.9,0
9227,6872,2002-01,3193,0,15191.9,0
9227,6872,2002-02,3193,0,15191.9,0
9227,6872,2002-03,3193,0,15191.9,0
9227,6872,2002-04,3193,0,15191.9,0
9227,6872,2002-05,3193,0,15191.9,0
9227,6872,2002-06,3193,0,15191.9,0
9227,6872,2002-07,3193,0,15191.9,0
9227,6872,2002-08,3193,0,15191.9,0
9227,6872,2002-09,3193,0,15191.9,0
9227,6872,2002-10,3193,0,15191.9,0
9227,6872,2002-11,3193,0,15191.9,0
9227,6872,2002-12,3193,0,15191.9,0
9227,6872,2003-01,3193,0,15191.9,0
9227,6872,2003-02,3193,0,15191.9,0
9227,6872,2003-03,3193,0,15191.9,0
9227,6872,2003-04,3193,0,15191.9,0
4533,5906,1998-06,2254,0,38076.7,0
4533,5906,1998-07,2254,0,46444.6,0
4533,5906,1998-08,2254,0,42061.2,0
4533,5906,1998-09,2254,0,22299.8,0
4533,5906,1998-10,2254,0,52212.1,0
4533,5906,1998-11,2254,0,105055.7,0
4533,5906,1998-12,2254,0,88143.4,0
4533,5906,1999-01,2254,0,88143.4,0
4533,5906,1999-02,2254,0,88143.4,0
4533,5906,1999-03,2254,0,88143.4,0
4533,5906,1999-04,2254,0,88143.4,0
4533,5906,1999-05,2254,0,88143.4,0
4533,5906,1999-06,2254,0,88143.4,0
4533,5906,1999-07,2254,0,88143.4,0
4533,5906,1999-08,2254,0,88143.4,0
4533,5906,1999-09,2254,0,88143.4,0
4533,5906,1999-10,2254,0,88143.4,0
4533,5906,1999-11,2254,0,88143.4,0
4533,5906,1999-12,2254,0,88143.4,0
4533,5906,2000-01,2254,0,88143.4,0
4533,5906,2000-02,2254,0,88143.4,0
4533,5906,2000-03,2254,0,88143.4,0
4533,5906,2000-04,2254,0,88143.4,0
4533,5906,2000-05,2254,0,88143.4,0
4533,5906,2000-06,2254,0,88143.4,0
4533,5906,2000-07,2254,0,88143.4,0
4533,5906,2000-08,2254,0,88143.4,0
4533,5906,2000-09,2254,0,88143.4,0
4533,5906,2000-10,2254,0,88143.4,0
4533,5906,2000-11,2254,0,88143.4,0
4533,5906,2000-12,2254,0,88143.4,0
4533,5906,2001-01,2254,0,88143.4,0
4533,5906,2001-02,2254,0,88143.4,0
4533,5906,2001-03,2254,0,88143.4,0
4533,5906,2001-04,2254,0,88143.4,0
4533,5906,2001-05,2254,0,88143.4,0
10652,7172,1998-06,3810,0,36799.8,0
10652,7172,1998-07,3810,0,27600.8,0
10652,7172,1998-08,3810,0,27080.8,0
10652,7172,1998-09,3810,0,34880.9,0
10652,7172,1998-10,3810,0,21589.4,0
10652,7172,1998-11,3810,0,22117.0,0
10652,7172,1998-12,3810,0,44224.8,0
10652,7172,1999-01,3810,0,44224.8,0
10652,7172,1999-02,3810,0,44224.8,0
10652,7172,1999-03,3810,0,44224.8,0
10652,7172,1999-04,3810,0,44224.8,0
10652,7172,1999-05,3810,0,44224.8,0
7733,6571,1998-06,5836,0,58491.1,0
7733,6571,1998-07,5836,0,70234.3,0
7733,6571,1998-08,5836,0,61123.5,0
7733,6571,1998-09,5836,0,67526.6,0
7733,6571,1998-10,5836,0,79900.8,0
7733,6571,1998-11,5836,0,72169.8,0
7733,6571,1998-12,5836,0,75116.4,0
7733,6571,1999-01,5836,0,75116.4,0
7733,6571,1999-02,5836,0,75116.4,0
7733,6571,1999-03,5836,0,75116.4,0
7733,6571,1999-04,5836,0,75116.4,0
7733,6571,1999-05,5836,0,75116.4,0
7733,6571,1999-06,5836,0,75116.4,0
7733,6571,1999-07,5836,0,75116.4,0
7733,6571,1999-08,5836,0,75116.4,0
7733,6571,1999-09,5836,0,75116.4,0
7733,6571,1999-10,5836,0,75116.4,0
7733,6571,1999-11,5836,0,75116.4,0
7733,6571,1999-12,5836,0,75116.4,0
7733,6571,2000-01,5836,0,75116.4,0
7733,6571,2000-02,5836,0,75116.4,0
7733,6571,2000-03,5836,0,75116.4,0
7733,6571,2000-04,5836,0,75116.4,0
7733,6571,2000-05,5836,0,75116.4,0
3143,5616,1998-06,5454,0,45840.2,0
3143,5616,1998-07,5454,0,45399.6,0
3143,5616,1998-08,5454,0,48109.4,0
3143,5616,1998-09,5454,0,53998.4,0
3143,5616,1998-10,5454,0,50510.4,0
3143,5616,1998-11,5454,0,49667.6,0
3143,5616,1998-12,5454,0,52129.1,0
3143,5616,1999-01,5454,0,52129.1,0
3143,5616,1999-02,5454,0,52129.1,0
3143,5616,1999-03,5454,0,52129.1,0
3143,5616,1999-04,5454,0,52129.1,0
3143,5616,1999-05,5454,0,52129.1,0
3143,5616,1999-06,5454,0,52129.1,0
3143,5616,1999-07,5454,0,52129.1,0
3143,5616,1999-08,5454,0,52129.1,0
3143,5616,1999-09,5454,0,52129.1,0
3143,5616,1999-10,5454,0,52129.1,0
3143,5616,1999-11,5454,0,52129.1,0
3143,5616,1999-12,5454,0,52129.1,0
3143,5616,2000-01,5454,0,52129.1,0
3143,5616,2000-02,5454,0,52129.1,0
3143,5616,2000-03,5454,0,52129.1,0
3143,5616,2000-04,5454,0,52129.1,0
3143,5616,2000-05,5454,0,52129.1,0
6453,6312,1998-06,304,0,25690.9,0
6453,6312,1998-07,304,0,23449.8,0
6453,6312,1998-08,304,0,17612.6,0
6453,6312,1998-09,304,0,16940.6,0
6453,6312,1998-10,304,0,16664.7,0
6453,6312,1998-11,304,0,21200.6,0
6453,6312,1998-12,304,0,20393.1,0
6453,6312,1999-01,304,0,20393.1,0
6453,6312,1999-02,304,0,20393.1,0
6453,6312,1999-03,304,0,20393.1,0
6453,6312,1999-04,304,0,20393.1,0
6453,6312,1999-05,304,0,20393.1,0
6453,6312,1999-06,304,0,20393.1,0
6453,6312,1999-07,304,0,20393.1,0
6453,6312,1999-08,304,0,20393.1,0
6453,6312,1999-09,304,0,20393.1,0
6453,6312,1999-10,304,0,20393.1,0
6453,6312,1999-11,304,0,20393.1,0
6453,6312,1999-12,304,0,20393.1,0
6453,6312,2000-01,304,0,20393.1,0
6453,6312,2000-02,304,0,20393.1,0
6453,6312,2000-03,304,0,20393.1,0
6453,6312,2000-04,304,0,20393.1,0
6453,6312,2000-05,304,0,20393.1,0
6453,6312,2000-06,304,0,20393.1,0
6453,6312,2000-07,304,0,20393.1,0
6453,6312,2000-08,304,0,20393.1,0
6453,6312,2000-09,304,0,20393.1,0
6453,6312,2000-10,304,0,20393.1,0
6453,6312,2000-11,304,0,20393.1,0
6453,6312,2000-12,304,0,20393.1,0
6453,6312,2001-01,304,0,20393.1,0
6453,6312,2001-02,304,0,20393.1,0
6453,6312,2001-03,304,0,20393.1,0
6453,6312,2001-04,304,0,20393.1,0
6453,6312,2001-05,304,0,20393.1,0
7181,6470,1998-06,4156,0,52286.2,0
7181,6470,1998-07,4156,0,93265.1,0
7181,6470,1998-08,4156,0,72818.7,0
7181,6470,1998-09,4156,0,103736.4,0
7181,6470,1998-10,4156,0,57531.1,0
7181,6470,1998-11,4156,0,46973.0,0
7181,6470,1998-12,4156,0,83607.3,0
7181,6470,1999-01,4156,0,83607.3,0
7181,6470,1999-02,4156,0,83607.3,0
7181,6470,1999-03,4156,0,83607.3,0
7181,6470,1999-04,4156,0,83607.3,0
7181,6470,1999-05,4156,0,83607.3,0
938,5147,1998-06,371,0,37569.6,0
938,5147,1998-07,371,0,37379.4,0
938,5147,1998-08,371,0,31397.7,0
938,5147,1998-09,371,0,32586.0,0
938,5147,1998-10,371,0,36486.2,0
938,5147,1998-11,371,0,35587.9,0
938,5147,1998-12,371,0,29723.3,0
938,5147,1999-01,371,0,29723.3,0
938,5147,1999-02,371,0,29723.3,0
938,5147,1999-03,371,0,29723.3,0
938,5147,1999-04,371,0,29723.3,0
938,5147,1999-05,371,0,29723.3,0
938,5147,1999-06,371,0,29723.3,0
938,5147,1999-07,371,0,29723.3,0
938,5147,1999-08,371,0,29723.3,0
938,5147,1999-09,371,0,29723.3,0
938,5147,1999-10,371,0,29723.3,0
938,5147,1999-11,371,0,29723.3,0
938,5147,1999-12,371,0,29723.3,0
938,5147,2000-01,371,0,29723.3,0
938,5147,2000-02,371,0,29723.3,0
938,5147,2000-03,371,0,29723.3,0
938,5147,2000-04,371,0,29723.3,0
938,5147,2000-05,371,0,29723.3,0
938,5147,2000-06,371,0,29723.3,0
938,5147,2000-07,371,0,29723.3,0
938,5147,2000-08,371,0,29723.3,0
938,5147,2000-09,371,0,29723.3,0
938,5147,2000-10,371,0,29723.3,0
938,5147,2000-11,371,0,29723.3,0
938,5147,2000-12,371,0,29723.3,0
938,5147,2001-01,371,0,29723.3,0
938,5147,2001-02,371,0,29723.3,0
938,5147,2001-03,371,0,29723.3,0
938,5147,2001-04,371,0,29723.3,0
938,5147,2001-05,371,0,29723.3,0
938,5147,2001-06,371,0,29723.3,0
938,5147,2001-07,371,0,29723.3,0
938,5147,2001-08,371,0,29723.3,0
938,5147,2001-09,371,0,29723.3,0
938,5147,2001-10,371,0,29723.3,0
938,5147,2001-11,371,0,29723.3,0
938,5147,2001-12,371,0,29723.3,0
938,5147,2002-01,371,0,29723.3,0
938,5147,2002-02,371,0,29723.3,0
938,5147,2002-03,371,0,29723.3,0
938,5147,2002-04,371,0,29723.3,0
938,5147,2002-05,371,0,29723.3,0
938,5147,2002-06,371,0,29723.3,0
938,5147,2002-07,371,0,29723.3,0
938,5147,2002-08,371,0,29723.3,0
938,5147,2002-09,371,0,29723.3,0
938,5147,2002-10,371,0,29723.3,0
938,5147,2002-11,371,0,29723.3,0
938,5147,2002-12,371,0,29723.3,0
938,5147,2003-01,371,0,29723.3,0
938,5147,2003-02,371,0,29723.3,0
938,5147,2003-03,371,0,29723.3,0
938,5147,2003-04,371,0,29723.3,0
938,5147,2003-05,371,0,29723.3,0
2622,5501,1998-06,5681,0,43838.2,0
2622,5501,1998-07,5681,0,42472.7,0
2622,5501,1998-08,5681,0,36492.8,0
2622,5501,1998-09,5681,0,29430.3,0
2622,5501,1998-10,5681,0,29152.7,0
2622,5501,1998-11,5681,0,33146.8,0
2622,5501,1998-12,5681,0,30097.0,0
2622,5501,1999-01,5681,0,30097.0,0
2622,5501,1999-02,5681,0,30097.0,0
2622,5501,1999-03,5681,0,30097.0,0
2622,5501,1999-04,5681,0,30097.0,0
2622,5501,1999-05,5681,0,30097.0,0
2622,5501,1999-06,5681,0,30097.0,0
2622,5501,1999-07,5681,0,30097.0,0
2622,5501,1999-08,5681,0,30097.0,0
2622,5501,1999-09,5681,0,30097.0,0
2622,5501,1999-10,5681,0,30097.0,0
2622,5501,1999-11,5681,0,30097.0,0
2622,5501,1999-12,5681,0,30097.0,0
2622,5501,2000-01,5681,0,30097.0,0
2622,5501,2000-02,5681,0,30097.0,0
2622,5501,2000-03,5681,0,30097.0,0
2622,5501,2000-04,5681,0,30097.0,0
2622,5501,2000-05,5681,0,30097.0,0
7049,6436,1998-06,8253,0,45878.9,0
7049,6436,1998-07,8253,0,41843.7,0
7049,6436,1998-08,8253,0,58125.7,0
7049,6436,1998-09,8253,0,46688.6,0
7049,6436,1998-10,8253,0,54377.1,0
7049,6436,1998-11,8253,0,52451.5,0
7049,6436,1998-12,8253,0,38874.4,0
7049,6436,1999-01,8253,0,38874.4,0
7049,6436,1999-02,8253,0,38874.4,0
7049,6436,1999-03,8253,0,38874.4,0
7049,6436,1999-04,8253,0,38874.4,0
7049,6436,1999-05,8253,0,38874.4,0
7049,6436,1999-06,8253,0,38874.4,0
7049,6436,1999-07,8253,0,38874.4,0
7049,6436,1999-08,8253,0,38874.4,0
7049,6436,1999-09,8253,0,38874.4,0
7049,6436,1999-10,8253,0,38874.4,0
7049,6436,1999-11,8253,0,38874.4,0
7049,6436,1999-12,8253,0,38874.4,0
7049,6436,2000-01,8253,0,38874.4,0
7049,6436,2000-02,8253,0,38874.4,0
7049,6436,2000-03,8253,0,38874.4,0
7049,6436,2000-04,8253,0,38874.4,0
7049,6436,2000-05,8253,0,38874.4,0
7049,6436,2000-06,8253,0,38874.4,0
7049,6436,2000-07,8253,0,38874.4,0
7049,6436,2000-08,8253,0,38874.4,0
7049,6436,2000-09,8253,0,38874.4,0
7049,6436,2000-10,8253,0,38874.4,0
7049,6436,2000-11,8253,0,38874.4,0
7049,6436,2000-12,8253,0,38874.4,0
7049,6436,2001-01,8253,0,38874.4,0
7049,6436,2001-02,8253,0,38874.4,0
7049,6436,2001-03,8253,0,38874.4,0
7049,6436,2001-04,8253,0,38874.4,0
7049,6436,2001-05,8253,0,38874.4,0
7049,6436,2001-06,8253,0,38874.4,0
7049,6436,2001-07,8253,0,38874.4,0
7049,6436,2001-08,8253,0,38874.4,0
7049,6436,2001-09,8253,0,38874.4,0
7049,6436,2001-10,8253,0,38874.4,0
7049,6436,2001-11,8253,0,38874.4,0
7049,6436,2001-12,8253,0,38874.4,0
7049,6436,2002-01,8253,0,38874.4,0
7049,6436,2002-02,8253,0,38874.4,0
7049,6436,2002-03,8253,0,38874.4,0
7049,6436,2002-04,8253,0,38874.4,0
7049,6436,2002-05,8253,0,38874.4,0
7049,6436,2002-06,8253,0,38874.4,0
7049,6436,2002-07,8253,0,38874.4,0
7049,6436,2002-08,8253,0,38874.4,0
7049,6436,2002-09,8253,0,38874.4,0
7049,6436,2002-10,8253,0,38874.4,0
7049,6436,2002-11,8253,0,38874.4,0
7049,6436,2002-12,8253,0,38874.4,0
7049,6436,2003-01,8253,0,38874.4,0
7049,6436,2003-02,8253,0,38874.4,0
7049,6436,2003-03,8253,0,38874.4,0
7049,6436,2003-04,8253,0,38874.4,0
7049,6436,2003-05,8253,0,38874.4,0
3562,5699,1998-06,7290,0,104841.0,0
3562,5699,1998-07,7290,0,105090.8,0
3562,5699,1998-08,7290,0,45175.8,0
3562,5699,1998-09,7290,0,37937.5,0
3562,5699,1998-10,7290,0,103708.8,0
3562,5699,1998-11,7290,0,103090.5,0
3562,5699,1998-12,7290,0,53322.3,0
3562,5699,1999-01,7290,0,53322.3,0
3562,5699,1999-02,7290,0,53322.3,0
3562,5699,1999-03,7290,0,53322.3,0
3562,5699,1999-04,7290,0,53322.3,0
3562,5699,1999-05,7290,0,53322.3,0
3562,5699,1999-06,7290,0,53322.3,0
3562,5699,1999-07,7290,0,53322.3,0
3562,5699,1999-08,7290,0,53322.3,0
3562,5699,1999-09,7290,0,53322.3,0
3562,5699,1999-10,7290,0,53322.3,0
3562,5699,1999-11,7290,0,53322.3,0
3562,5699,1999-12,7290,0,53322.3,0
3562,5699,2000-01,7290,0,53322.3,0
3562,5699,2000-02,7290,0,53322.3,0
3562,5699,2000-03,7290,0,53322.3,0
3562,5699,2000-04,7290,0,53322.3,0
3562,5699,2000-05,7290,0,53322.3,0
1776,5313,1998-06,1800,0,42657.6,0
1776,5313,1998-07,1800,0,42792.9,0
1776,5313,1998-08,1800,0,40925.0,0
1776,5313,1998-09,1800,0,41552.6,0
1776,5313,1998-10,1800,0,40075.8,0
1776,5313,1998-11,1800,0,40999.3,0
1776,5313,1998-12,1800,0,39767.5,0
1776,5313,1999-01,1800,0,39767.5,0
1776,5313,1999-02,1800,0,39767.5,0
1776,5313,1999-03,1800,0,39767.5,0
1776,5313,1999-04,1800,0,39767.5,0
1776,5313,1999-05,1800,0,39767.5,0
1776,5313,1999-06,1800,0,39767.5,0
1776,5313,1999-07,1800,0,39767.5,0
1776,5313,1999-08,1800,0,39767.5,0
1776,5313,1999-09,1800,0,39767.5,0
1776,5313,1999-10,1800,0,39767.5,0
1776,5313,1999-11,1800,0,39767.5,0
1776,5313,1999-12,1800,0,39767.5,0
1776,5313,2000-01,1800,0,39767.5,0
1776,5313,2000-02,1800,0,39767.5,0
1776,5313,2000-03,1800,0,39767.5,0
1776,5313,2000-04,1800,0,39767.5,0
1776,5313,2000-05,1800,0,39767.5,0
6061,6234,1998-06,429,0,24808.9,0
6061,6234,1998-07,429,0,37805.7,0
6061,6234,1998-08,429,0,32026.7,0
6061,6234,1998-09,429,0,28349.4,0
6061,6234,1998-10,429,0,27656.1,0
6061,6234,1998-11,429,0,31061.1,0
6061,6234,1998-12,429,0,51140.2,0
6061,6234,1999-01,429,0,51140.2,0
6061,6234,1999-02,429,0,51140.2,0
6061,6234,1999-03,429,0,51140.2,0
6061,6234,1999-04,429,0,51140.2,0
6061,6234,1999-05,429,0,51140.2,0
7721,6569,1998-06,3788,0,36057.9,0
7721,6569,1998-07,3788,0,45080.6,0
7721,6569,1998-08,3788,0,48635.8,0
7721,6569,1998-09,3788,0,39017.3,0
7721,6569,1998-10,3788,0,41544.2,0
7721,6569,1998-11,3788,0,40377.1,0
7721,6569,1998-12,3788,0,64929.6,0
7721,6569,1999-01,3788,0,64929.6,0
7721,6569,1999-02,3788,0,64929.6,0
7721,6569,1999-03,3788,0,64929.6,0
7721,6569,1999-04,3788,0,64929.6,0
7721,6569,1999-05,3788,0,64929.6,0
10812,7202,1998-06,2931,0,39448.6,0
10812,7202,1998-07,2931,0,24025.2,0
10812,7202,1998-08,2931,0,17059.8,0
10812,7202,1998-09,2931,0,10268.2,0
10812,7202,1998-10,2931,0,13447.1,0
10812,7202,1998-11,2931,0,10556.5,0
10812,7202,1998-12,2931,0,7610.9,0
10812,7202,1999-01,2931,0,7610.9,0
10812,7202,1999-02,2931,0,7610.9,0
10812,7202,1999-03,2931,0,7610.9,0
10812,7202,1999-04,2931,0,7610.9,0
10812,7202,1999-05,2931,0,7610.9,0
10812,7202,1999-06,2931,0,7610.9,0
10812,7202,1999-07,2931,0,7610.9,0
10812,7202,1999-08,2931,0,7610.9,0
10812,7202,1999-09,2931,0,7610.9,0
10812,7202,1999-10,2931,0,7610.9,0
10812,7202,1999-11,2931,0,7610.9,0
10812,7202,1999-12,2931,0,7610.9,0
10812,7202,2000-01,2931,0,7610.9,0
10812,7202,2000-02,2931,0,7610.9,0
10812,7202,2000-03,2931,0,7610.9,0
10812,7202,2000-04,2931,0,7610.9,0
10812,7202,2000-05,2931,0,7610.9,0
10812,7202,2000-06,2931,0,7610.9,0
10812,7202,2000-07,2931,0,7610.9,0
10812,7202,2000-08,2931,0,7610.9,0
10812,7202,2000-09,2931,0,7610.9,0
10812,7202,2000-10,2931,0,7610.9,0
10812,7202,2000-11,2931,0,7610.9,0
10812,7202,2000-12,2931,0,7610.9,0
10812,7202,2001-01,2931,0,7610.9,0
10812,7202,2001-02,2931,0,7610.9,0
10812,7202,2001-03,2931,0,7610.9,0
10812,7202,2001-04,2931,0,7610.9,0
10812,7202,2001-05,2931,0,7610.9,0
10812,7202,2001-06,2931,0,7610.9,0
10812,7202,2001-07,2931,0,7610.9,0
10812,7202,2001-08,2931,0,7610.9,0
10812,7202,2001-09,2931,0,7610.9,0
10812,7202,2001-10,2931,0,7610.9,0
10812,7202,2001-11,2931,0,7610.9,0
10812,7202,2001-12,2931,0,7610.9,0
10812,7202,2002-01,2931,0,7610.9,0
10812,7202,2002-02,2931,0,7610.9,0
10812,7202,2002-03,2931,0,7610.9,0
10812,7202,2002-04,2931,0,7610.9,0
10812,7202,2002-05,2931,0,7610.9,0
3460,5683,1998-06,2931,0,41629.9,0
3460,5683,1998-07,2931,0,26215.3,0
3460,5683,1998-08,2931,0,19258.6,0
3460,5683,1998-09,2931,0,12475.7,0
3460,5683,1998-10,2931,0,15663.4,0
3460,5683,1998-11,2931,0,12781.5,0
3460,5683,1998-12,2931,0,9835.9,0
3460,5683,1999-01,2931,0,9835.9,0
3460,5683,1999-02,2931,0,9835.9,0
3460,5683,1999-03,2931,0,9835.9,0
3460,5683,1999-04,2931,0,9835.9,0
3460,5683,1999-05,2931,0,9835.9,0
3460,5683,1999-06,2931,0,9835.9,0
3460,5683,1999-07,2931,0,9835.9,0
3460,5683,1999-08,2931,0,9835.9,0
3460,5683,1999-09,2931,0,9835.9,0
3460,5683,1999-10,2931,0,9835.9,0
3460,5683,1999-11,2931,0,9835.9,0
3460,5683,1999-12,2931,0,9835.9,0
3460,5683,2000-01,2931,0,9835.9,0
3460,5683,2000-02,2931,0,9835.9,0
3460,5683,2000-03,2931,0,9835.9,0
3460,5683,2000-04,2931,0,9835.9,0
3460,5683,2000-05,2931,0,9835.9,0
3460,5683,2000-06,2931,0,9835.9,0
3460,5683,2000-07,2931,0,9835.9,0
3460,5683,2000-08,2931,0,9835.9,0
3460,5683,2000-09,2931,0,9835.9,0
3460,5683,2000-10,2931,0,9835.9,0
3460,5683,2000-11,2931,0,9835.9,0
3460,5683,2000-12,2931,0,9835.9,0
3460,5683,2001-01,2931,0,9835.9,0
3460,5683,2001-02,2931,0,9835.9,0
3460,5683,2001-03,2931,0,9835.9,0
3460,5683,2001-04,2931,0,9835.9,0
3460,5683,2001-05,2931,0,9835.9,0
3460,5683,2001-06,2931,0,9835.9,0
3460,5683,2001-07,2931,0,9835.9,0
3460,5683,2001-08,2931,0,9835.9,0
3460,5683,2001-09,2931,0,9835.9,0
3460,5683,2001-10,2931,0,9835.9,0
3460,5683,2001-11,2931,0,9835.9,0
3460,5683,2001-12,2931,0,9835.9,0
3460,5683,2002-01,2931,0,9835.9,0
3460,5683,2002-02,2931,0,9835.9,0
3460,5683,2002-03,2931,0,9835.9,0
3460,5683,2002-04,2931,0,9835.9,0
3460,5683,2002-05,2931,0,9835.9,0
303,5034,1998-06,3132,0,56228.4,0
303,5034,1998-07,3132,0,56123.9,0
303,5034,1998-08,3132,0,51222.2,0
303,5034,1998-09,3132,0,52798.8,0
303,5034,1998-10,3132,0,48048.6,0
303,5034,1998-11,3132,0,44099.9,0
303,5034,1998-12,3132,0,42459.1,0
303,5034,1999-01,3132,0,42459.1,0
303,5034,1999-02,3132,0,42459.1,0
303,5034,1999-03,3132,0,42459.1,0
303,5034,1999-04,3132,0,42459.1,0
303,5034,1999-05,3132,0,42459.1,0
303,5034,1999-06,3132,0,42459.1,0
303,5034,1999-07,3132,0,42459.1,0
303,5034,1999-08,3132,0,42459.1,0
303,5034,1999-09,3132,0,42459.1,0
303,5034,1999-10,3132,0,42459.1,0
303,5034,1999-11,3132,0,42459.1,0
303,5034,1999-12,3132,0,42459.1,0
303,5034,2000-01,3132,0,42459.1,0
303,5034,2000-02,3132,0,42459.1,0
303,5034,2000-03,3132,0,42459.1,0
303,5034,2000-04,3132,0,42459.1,0
303,5034,2000-05,3132,0,42459.1,0
303,5034,2000-06,3132,0,42459.1,0
303,5034,2000-07,3132,0,42459.1,0
303,5034,2000-08,3132,0,42459.1,0
303,5034,2000-09,3132,0,42459.1,0
303,5034,2000-10,3132,0,42459.1,0
303,5034,2000-11,3132,0,42459.1,0
303,5034,2000-12,3132,0,42459.1,0
303,5034,2001-01,3132,0,42459.1,0
303,5034,2001-02,3132,0,42459.1,0
303,5034,2001-03,3132,0,42459.1,0
303,5034,2001-04,3132,0,42459.1,0
303,5034,2001-05,3132,0,42459.1,0
2279,5435,1998-06,6556,0,49648.2,0
2279,5435,1998-07,6556,0,47292.0,0
2279,5435,1998-08,6556,0,56491.7,0
2279,5435,1998-09,6556,0,62621.9,0
2279,5435,1998-10,6556,0,49268.9,0
2279,5435,1998-11,6556,0,43032.5,0
2279,5435,1998-12,6556,0,92183.3,0
2279,5435,1999-01,6556,0,92183.3,0
2279,5435,1999-02,6556,0,92183.3,0
2279,5435,1999-03,6556,0,92183.3,0
2279,5435,1999-04,6556,0,92183.3,0
2279,5435,1999-05,6556,0,92183.3,0
2279,5435,1999-06,6556,0,92183.3,0
2279,5435,1999-07,6556,0,92183.3,0
2279,5435,1999-08,6556,0,92183.3,0
2279,5435,1999-09,6556,0,92183.3,0
2279,5435,1999-10,6556,0,92183.3,0
2279,5435,1999-11,6556,0,92183.3,0
2279,5435,1999-12,6556,0,92183.3,0
2279,5435,2000-01,6556,0,92183.3,0
2279,5435,2000-02,6556,0,92183.3,0
2279,5435,2000-03,6556,0,92183.3,0
2279,5435,2000-04,6556,0,92183.3,0
2279,5435,2000-05,6556,0,92183.3,0
2279,5435,2000-06,6556,0,92183.3,0
2279,5435,2000-07,6556,0,92183.3,0
2279,5435,2000-08,6556,0,92183.3,0
2279,5435,2000-09,6556,0,92183.3,0
2279,5435,2000-10,6556,0,92183.3,0
2279,5435,2000-11,6556,0,92183.3,0
2279,5435,2000-12,6556,0,92183.3,0
2279,5435,2001-01,6556,0,92183.3,0
2279,5435,2001-02,6556,0,92183.3,0
2279,5435,2001-03,6556,0,92183.3,0
2279,5435,2001-04,6556,0,92183.3,0
2279,5435,2001-05,6556,0,92183.3,0
2279,5435,2001-06,6556,0,92183.3,0
2279,5435,2001-07,6556,0,92183.3,0
2279,5435,2001-08,6556,0,92183.3,0
2279,5435,2001-09,6556,0,92183.3,0
2279,5435,2001-10,6556,0,92183.3,0
2279,5435,2001-11,6556,0,92183.3,0
2279,5435,2001-12,6556,0,92183.3,0
2279,5435,2002-01,6556,0,92183.3,0
2279,5435,2002-02,6556,0,92183.3,0
2279,5435,2002-03,6556,0,92183.3,0
2279,5435,2002-04,6556,0,92183.3,0
2279,5435,2002-05,6556,0,92183.3,0
2279,5435,2002-06,6556,0,92183.3,0
4116,5815,1998-07,4200,0,30808.3,0
4116,5815,1998-08,4200,0,45951.8,0
4116,5815,1998-09,4200,0,28029.3,0
4116,5815,1998-10,4200,0,19752.3,0
4116,5815,1998-11,4200,0,45289.6,0
4116,5815,1998-12,4200,0,93376.1,0
4116,5815,1999-01,4200,0,93376.1,0
4116,5815,1999-02,4200,0,93376.1,0
4116,5815,1999-03,4200,0,93376.1,0
4116,5815,1999-04,4200,0,93376.1,0
4116,5815,1999-05,4200,0,93376.1,0
4116,5815,1999-06,4200,0,93376.1,0
4116,5815,1999-07,4200,0,93376.1,0
4116,5815,1999-08,4200,0,93376.1,0
4116,5815,1999-09,4200,0,93376.1,0
4116,5815,1999-10,4200,0,93376.1,0
4116,5815,1999-11,4200,0,93376.1,0
4116,5815,1999-12,4200,0,93376.1,0
4116,5815,2000-01,4200,0,93376.1,0
4116,5815,2000-02,4200,0,93376.1,0
4116,5815,2000-03,4200,0,93376.1,0
4116,5815,2000-04,4200,0,93376.1,0
4116,5815,2000-05,4200,0,93376.1,0
4116,5815,2000-06,4200,0,93376.1,0
4116,5815,2000-07,4200,0,93376.1,0
4116,5815,2000-08,4200,0,93376.1,0
4116,5815,2000-09,4200,0,93376.1,0
4116,5815,2000-10,4200,0,93376.1,0
4116,5815,2000-11,4200,0,93376.1,0
4116,5815,2000-12,4200,0,93376.1,0
4116,5815,2001-01,4200,0,93376.1,0
4116,5815,2001-02,4200,0,93376.1,0
4116,5815,2001-03,4200,0,93376.1,0
4116,5815,2001-04,4200,0,93376.1,0
4116,5815,2001-05,4200,0,93376.1,0
4116,5815,2001-06,4200,0,93376.1,0
3005,5589,1998-07,8125,0,102830.3,0
3005,5589,1998-08,8125,0,54428.8,0
3005,5589,1998-09,8125,0,26286.0,0
3005,5589,1998-10,8125,0,76713.9,0
3005,5589,1998-11,8125,0,23511.7,0
3005,5589,1998-12,8125,0,43197.9,0
3005,5589,1999-01,8125,0,43197.9,0
3005,5589,1999-02,8125,0,43197.9,0
3005,5589,1999-03,8125,0,43197.9,0
3005,5589,1999-04,8125,0,43197.9,0
3005,5589,1999-05,8125,0,43197.9,0
3005,5589,1999-06,8125,0,43197.9,0
3005,5589,1999-07,8125,0,43197.9,0
3005,5589,1999-08,8125,0,43197.9,0
3005,5589,1999-09,8125,0,43197.9,0
3005,5589,1999-10,8125,0,43197.9,0
3005,5589,1999-11,8125,0,43197.9,0
3005,5589,1999-12,8125,0,43197.9,0
3005,5589,2000-01,8125,0,43197.9,0
3005,5589,2000-02,8125,0,43197.9,0
3005,5589,2000-03,8125,0,43197.9,0
3005,5589,2000-04,8125,0,43197.9,0
3005,5589,2000-05,8125,0,43197.9,0
3005,5589,2000-06,8125,0,43197.9,0
3005,5589,2000-07,8125,0,43197.9,0
3005,5589,2000-08,8125,0,43197.9,0
3005,5589,2000-09,8125,0,43197.9,0
3005,5589,2000-10,8125,0,43197.9,0
3005,5589,2000-11,8125,0,43197.9,0
3005,5589,2000-12,8125,0,43197.9,0
3005,5589,2001-01,8125,0,43197.9,0
3005,5589,2001-02,8125,0,43197.9,0
3005,5589,2001-03,8125,0,43197.9,0
3005,5589,2001-04,8125,0,43197.9,0
3005,5589,2001-05,8125,0,43197.9,0
3005,5589,2001-06,8125,0,43197.9,0
3005,5589,2001-07,8125,0,43197.9,0
3005,5589,2001-08,8125,0,43197.9,0
3005,5589,2001-09,8125,0,43197.9,0
3005,5589,2001-10,8125,0,43197.9,0
3005,5589,2001-11,8125,0,43197.9,0
3005,5589,2001-12,8125,0,43197.9,0
3005,5589,2002-01,8125,0,43197.9,0
3005,5589,2002-02,8125,0,43197.9,0
3005,5589,2002-03,8125,0,43197.9,0
3005,5589,2002-04,8125,0,43197.9,0
3005,5589,2002-05,8125,0,43197.9,0
3005,5589,2002-06,8125,0,43197.9,0
8639,6746,1998-07,3094,0,31294.7,0
8639,6746,1998-08,3094,0,19917.8,0
8639,6746,1998-09,3094,0,31658.6,0
8639,6746,1998-10,3094,0,29754.8,0
8639,6746,1998-11,3094,0,31856.3,0
8639,6746,1998-12,3094,0,23566.9,0
8639,6746,1999-01,3094,0,23566.9,0
8639,6746,1999-02,3094,0,23566.9,0
8639,6746,1999-03,3094,0,23566.9,0
8639,6746,1999-04,3094,0,23566.9,0
8639,6746,1999-05,3094,0,23566.9,0
8639,6746,1999-06,3094,0,23566.9,0
8639,6746,1999-07,3094,0,23566.9,0
8639,6746,1999-08,3094,0,23566.9,0
8639,6746,1999-09,3094,0,23566.9,0
8639,6746,1999-10,3094,0,23566.9,0
8639,6746,1999-11,3094,0,23566.9,0
8639,6746,1999-12,3094,0,23566.9,0
8639,6746,2000-01,3094,0,23566.9,0
8639,6746,2000-02,3094,0,23566.9,0
8639,6746,2000-03,3094,0,23566.9,0
8639,6746,2000-04,3094,0,23566.9,0
8639,6746,2000-05,3094,0,23566.9,0
8639,6746,2000-06,3094,0,23566.9,0
8639,6746,2000-07,3094,0,23566.9,0
8639,6746,2000-08,3094,0,23566.9,0
8639,6746,2000-09,3094,0,23566.9,0
8639,6746,2000-10,3094,0,23566.9,0
8639,6746,2000-11,3094,0,23566.9,0
8639,6746,2000-12,3094,0,23566.9,0
8639,6746,2001-01,3094,0,23566.9,0
8639,6746,2001-02,3094,0,23566.9,0
8639,6746,2001-03,3094,0,23566.9,0
8639,6746,2001-04,3094,0,23566.9,0
8639,6746,2001-05,3094,0,23566.9,0
8639,6746,2001-06,3094,0,23566.9,0
8639,6746,2001-07,3094,0,23566.9,0
8639,6746,2001-08,3094,0,23566.9,0
8639,6746,2001-09,3094,0,23566.9,0
8639,6746,2001-10,3094,0,23566.9,0
8639,6746,2001-11,3094,0,23566.9,0
8639,6746,2001-12,3094,0,23566.9,0
8639,6746,2002-01,3094,0,23566.9,0
8639,6746,2002-02,3094,0,23566.9,0
8639,6746,2002-03,3094,0,23566.9,0
8639,6746,2002-04,3094,0,23566.9,0
8639,6746,2002-05,3094,0,23566.9,0
8639,6746,2002-06,3094,0,23566.9,0
8639,6746,2002-07,3094,0,23566.9,0
8639,6746,2002-08,3094,0,23566.9,0
8639,6746,2002-09,3094,0,23566.9,0
8639,6746,2002-10,3094,0,23566.9,0
8639,6746,2002-11,3094,0,23566.9,0
8639,6746,2002-12,3094,0,23566.9,0
8639,6746,2003-01,3094,0,23566.9,0
8639,6746,2003-02,3094,0,23566.9,0
8639,6746,2003-03,3094,0,23566.9,0
8639,6746,2003-04,3094,0,23566.9,0
8639,6746,2003-05,3094,0,23566.9,0
8639,6746,2003-06,3094,0,23566.9,0
8919,6790,1998-07,3171,0,21083.7,0
8919,6790,1998-08,3171,0,26367.3,0
8919,6790,1998-09,3171,0,25585.6,0
8919,6790,1998-10,3171,0,28324.1,0
8919,6790,1998-11,3171,0,25175.4,0
8919,6790,1998-12,3171,0,16761.2,0
8919,6790,1999-01,3171,0,16761.2,0
8919,6790,1999-02,3171,0,16761.2,0
8919,6790,1999-03,3171,0,16761.2,0
8919,6790,1999-04,3171,0,16761.2,0
8919,6790,1999-05,3171,0,16761.2,0
8919,6790,1999-06,3171,0,16761.2,0
8919,6790,1999-07,3171,0,16761.2,0
8919,6790,1999-08,3171,0,16761.2,0
8919,6790,1999-09,3171,0,16761.2,0
8919,6790,1999-10,3171,0,16761.2,0
8919,6790,1999-11,3171,0,16761.2,0
8919,6790,1999-12,3171,0,16761.2,0
8919,6790,2000-01,3171,0,16761.2,0
8919,6790,2000-02,3171,0,16761.2,0
8919,6790,2000-03,3171,0,16761.2,0
8919,6790,2000-04,3171,0,16761.2,0
8919,6790,2000-05,3171,0,16761.2,0
8919,6790,2000-06,3171,0,16761.2,0
9159,6857,1998-07,1450,0,40631.7,0
9159,6857,1998-08,1450,0,48486.9,0
9159,6857,1998-09,1450,0,46757.5,0
9159,6857,1998-10,1450,0,46419.2,0
9159,6857,1998-11,1450,0,50376.2,0
9159,6857,1998-12,1450,0,62582.6,0
9159,6857,1999-01,1450,0,62582.6,0
9159,6857,1999-02,1450,0,62582.6,0
9159,6857,1999-03,1450,0,62582.6,0
9159,6857,1999-04,1450,0,62582.6,0
9159,6857,1999-05,1450,0,62582.6,0
9159,6857,1999-06,1450,0,62582.6,0
9159,6857,1999-07,1450,0,62582.6,0
9159,6857,1999-08,1450,0,62582.6,0
9159,6857,1999-09,1450,0,62582.6,0
9159,6857,1999-10,1450,0,62582.6,0
9159,6857,1999-11,1450,0,62582.6,0
9159,6857,1999-12,1450,0,62582.6,0
9159,6857,2000-01,1450,0,62582.6,0
9159,6857,2000-02,1450,0,62582.6,0
9159,6857,2000-03,1450,0,62582.6,0
9159,6857,2000-04,1450,0,62582.6,0
9159,6857,2000-05,1450,0,62582.6,0
9159,6857,2000-06,1450,0,62582.6,0
9159,6857,2000-07,1450,0,62582.6,0
9159,6857,2000-08,1450,0,62582.6,0
9159,6857,2000-09,1450,0,62582.6,0
9159,6857,2000-10,1450,0,62582.6,0
9159,6857,2000-11,1450,0,62582.6,0
9159,6857,2000-12,1450,0,62582.6,0
9159,6857,2001-01,1450,0,62582.6,0
9159,6857,2001-02,1450,0,62582.6,0
9159,6857,2001-03,1450,0,62582.6,0
9159,6857,2001-04,1450,0,62582.6,0
9159,6857,2001-05,1450,0,62582.6,0
9159,6857,2001-06,1450,0,62582.6,0
9159,6857,2001-07,1450,0,62582.6,0
9159,6857,2001-08,1450,0,62582.6,0
9159,6857,2001-09,1450,0,62582.6,0
9159,6857,2001-10,1450,0,62582.6,0
9159,6857,2001-11,1450,0,62582.6,0
9159,6857,2001-12,1450,0,62582.6,0
9159,6857,2002-01,1450,0,62582.6,0
9159,6857,2002-02,1450,0,62582.6,0
9159,6857,2002-03,1450,0,62582.6,0
9159,6857,2002-04,1450,0,62582.6,0
9159,6857,2002-05,1450,0,62582.6,0
9159,6857,2002-06,1450,0,62582.6,0
7099,6450,1998-07,4882,0,20201.8,0
7099,6450,1998-08,4882,0,17657.7,0
7099,6450,1998-09,4882,0,17809.4,0
7099,6450,1998-10,4882,0,16456.9,0
7099,6450,1998-11,4882,0,16300.7,0
7099,6450,1998-12,4882,0,19213.2,0
7099,6450,1999-01,4882,0,19213.2,0
7099,6450,1999-02,4882,0,19213.2,0
7099,6450,1999-03,4882,0,19213.2,0
7099,6450,1999-04,4882,0,19213.2,0
7099,6450,1999-05,4882,0,19213.2,0
7099,6450,1999-06,4882,0,19213.2,0
7099,6450,1999-07,4882,0,19213.2,0
7099,6450,1999-08,4882,0,19213.2,0
7099,6450,1999-09,4882,0,19213.2,0
7099,6450,1999-10,4882,0,19213.2,0
7099,6450,1999-11,4882,0,19213.2,0
7099,6450,1999-12,4882,0,19213.2,0
7099,6450,2000-01,4882,0,19213.2,0
7099,6450,2000-02,4882,0,19213.2,0
7099,6450,2000-03,4882,0,19213.2,0
7099,6450,2000-04,4882,0,19213.2,0
7099,6450,2000-05,4882,0,19213.2,0
7099,6450,2000-06,4882,0,19213.2,0
7099,6450,2000-07,4882,0,19213.2,0
7099,6450,2000-08,4882,0,19213.2,0
7099,6450,2000-09,4882,0,19213.2,0
7099,6450,2000-10,4882,0,19213.2,0
7099,6450,2000-11,4882,0,19213.2,0
7099,6450,2000-12,4882,0,19213.2,0
7099,6450,2001-01,4882,0,19213.2,0
7099,6450,2001-02,4882,0,19213.2,0
7099,6450,2001-03,4882,0,19213.2,0
7099,6450,2001-04,4882,0,19213.2,0
7099,6450,2001-05,4882,0,19213.2,0
7099,6450,2001-06,4882,0,19213.2,0
7099,6450,2001-07,4882,0,19213.2,0
7099,6450,2001-08,4882,0,19213.2,0
7099,6450,2001-09,4882,0,19213.2,0
7099,6450,2001-10,4882,0,19213.2,0
7099,6450,2001-11,4882,0,19213.2,0
7099,6450,2001-12,4882,0,19213.2,0
7099,6450,2002-01,4882,0,19213.2,0
7099,6450,2002-02,4882,0,19213.2,0
7099,6450,2002-03,4882,0,19213.2,0
7099,6450,2002-04,4882,0,19213.2,0
7099,6450,2002-05,4882,0,19213.2,0
7099,6450,2002-06,4882,0,19213.2,0
10915,7221,1998-07,2541,0,23901.2,0
10915,7221,1998-08,2541,0,24411.8,0
10915,7221,1998-09,2541,0,26027.5,0
10915,7221,1998-10,2541,0,24939.3,0
10915,7221,1998-11,2541,0,26557.2,0
10915,7221,1998-12,2541,0,21182.3,0
10915,7221,1999-01,2541,0,21182.3,0
10915,7221,1999-02,2541,0,21182.3,0
10915,7221,1999-03,2541,0,21182.3,0
10915,7221,1999-04,2541,0,21182.3,0
10915,7221,1999-05,2541,0,21182.3,0
10915,7221,1999-06,2541,0,21182.3,0
10915,7221,1999-07,2541,0,21182.3,0
10915,7221,1999-08,2541,0,21182.3,0
10915,7221,1999-09,2541,0,21182.3,0
10915,7221,1999-10,2541,0,21182.3,0
10915,7221,1999-11,2541,0,21182.3,0
10915,7221,1999-12,2541,0,21182.3,0
10915,7221,2000-01,2541,0,21182.3,0
10915,7221,2000-02,2541,0,21182.3,0
10915,7221,2000-03,2541,0,21182.3,0
10915,7221,2000-04,2541,0,21182.3,0
10915,7221,2000-05,2541,0,21182.3,0
10915,7221,2000-06,2541,0,21182.3,0
10915,7221,2000-07,2541,0,21182.3,0
10915,7221,2000-08,2541,0,21182.3,0
10915,7221,2000-09,2541,0,21182.3,0
10915,7221,2000-10,2541,0,21182.3,0
10915,7221,2000-11,2541,0,21182.3,0
10915,7221,2000-12,2541,0,21182.3,0
10915,7221,2001-01,2541,0,21182.3,0
10915,7221,2001-02,2541,0,21182.3,0
10915,7221,2001-03,2541,0,21182.3,0
10915,7221,2001-04,2541,0,21182.3,0
10915,7221,2001-05,2541,0,21182.3,0
10915,7221,2001-06,2541,0,21182.3,0
10915,7221,2001-07,2541,0,21182.3,0
10915,7221,2001-08,2541,0,21182.3,0
10915,7221,2001-09,2541,0,21182.3,0
10915,7221,2001-10,2541,0,21182.3,0
10915,7221,2001-11,2541,0,21182.3,0
10915,7221,2001-12,2541,0,21182.3,0
10915,7221,2002-01,2541,0,21182.3,0
10915,7221,2002-02,2541,0,21182.3,0
10915,7221,2002-03,2541,0,21182.3,0
10915,7221,2002-04,2541,0,21182.3,0
10915,7221,2002-05,2541,0,21182.3,0
10915,7221,2002-06,2541,0,21182.3,0
10915,7221,2002-07,2541,0,21182.3,0
10915,7221,2002-08,2541,0,21182.3,0
10915,7221,2002-09,2541,0,21182.3,0
10915,7221,2002-10,2541,0,21182.3,0
10915,7221,2002-11,2541,0,21182.3,0
10915,7221,2002-12,2541,0,21182.3,0
10915,7221,2003-01,2541,0,21182.3,0
10915,7221,2003-02,2541,0,21182.3,0
10915,7221,2003-03,2541,0,21182.3,0
10915,7221,2003-04,2541,0,21182.3,0
10915,7221,2003-05,2541,0,21182.3,0
10915,7221,2003-06,2541,0,21182.3,0
2728,5527,1998-07,2607,0,39740.5,0
2728,5527,1998-08,2607,0,39414.0,0
2728,5527,1998-09,2607,0,36833.9,0
2728,5527,1998-10,2607,0,68988.1,0
2728,5527,1998-11,2607,0,71036.4,0
2728,5527,1998-12,2607,0,52920.4,0
2728,5527,1999-01,2607,0,52920.4,0
2728,5527,1999-02,2607,0,52920.4,0
2728,5527,1999-03,2607,0,52920.4,0
2728,5527,1999-04,2607,0,52920.4,0
2728,5527,1999-05,2607,0,52920.4,0
2728,5527,1999-06,2607,0,52920.4,0
2728,5527,1999-07,2607,0,52920.4,0
2728,5527,1999-08,2607,0,52920.4,0
2728,5527,1999-09,2607,0,52920.4,0
2728,5527,1999-10,2607,0,52920.4,0
2728,5527,1999-11,2607,0,52920.4,0
2728,5527,1999-12,2607,0,52920.4,0
2728,5527,2000-01,2607,0,52920.4,0
2728,5527,2000-02,2607,0,52920.4,0
2728,5527,2000-03,2607,0,52920.4,0
2728,5527,2000-04,2607,0,52920.4,0
2728,5527,2000-05,2607,0,52920.4,0
2728,5527,2000-06,2607,0,52920.4,0
2728,5527,2000-07,2607,0,52920.4,0
2728,5527,2000-08,2607,0,52920.4,0
2728,5527,2000-09,2607,0,52920.4,0
2728,5527,2000-10,2607,0,52920.4,0
2728,5527,2000-11,2607,0,52920.4,0
2728,5527,2000-12,2607,0,52920.4,0
2728,5527,2001-01,2607,0,52920.4,0
2728,5527,2001-02,2607,0,52920.4,0
2728,5527,2001-03,2607,0,52920.4,0
2728,5527,2001-04,2607,0,52920.4,0
2728,5527,2001-05,2607,0,52920.4,0
2728,5527,2001-06,2607,0,52920.4,0
2728,5527,2001-07,2607,0,52920.4,0
2728,5527,2001-08,2607,0,52920.4,0
2728,5527,2001-09,2607,0,52920.4,0
2728,5527,2001-10,2607,0,52920.4,0
2728,5527,2001-11,2607,0,52920.4,0
2728,5527,2001-12,2607,0,52920.4,0
2728,5527,2002-01,2607,0,52920.4,0
2728,5527,2002-02,2607,0,52920.4,0
2728,5527,2002-03,2607,0,52920.4,0
2728,5527,2002-04,2607,0,52920.4,0
2728,5527,2002-05,2607,0,52920.4,0
2728,5527,2002-06,2607,0,52920.4,0
2728,5527,2002-07,2607,0,52920.4,0
2728,5527,2002-08,2607,0,52920.4,0
2728,5527,2002-09,2607,0,52920.4,0
2728,5527,2002-10,2607,0,52920.4,0
2728,5527,2002-11,2607,0,52920.4,0
2728,5527,2002-12,2607,0,52920.4,0
2728,5527,2003-01,2607,0,52920.4,0
2728,5527,2003-02,2607,0,52920.4,0
2728,5527,2003-03,2607,0,52920.4,0
2728,5527,2003-04,2607,0,52920.4,0
2728,5527,2003-05,2607,0,52920.4,0
2728,5527,2003-06,2607,0,52920.4,0
3161,5620,1998-07,2501,0,27155.6,0
3161,5620,1998-08,2501,0,63512.1,0
3161,5620,1998-09,2501,0,78098.0,0
3161,5620,1998-10,2501,0,41021.8,0
3161,5620,1998-11,2501,0,75227.6,0
3161,5620,1998-12,2501,0,36336.5,0
3161,5620,1999-01,2501,0,36336.5,0
3161,5620,1999-02,2501,0,36336.5,0
3161,5620,1999-03,2501,0,36336.5,0
3161,5620,1999-04,2501,0,36336.5,0
3161,5620,1999-05,2501,0,36336.5,0
3161,5620,1999-06,2501,0,36336.5,0
5944,6215,1998-07,1640,0,57680.8,0
5944,6215,1998-08,1640,0,44169.4,0
5944,6215,1998-09,1640,0,42663.6,0
5944,6215,1998-10,1640,0,41146.2,0
5944,6215,1998-11,1640,0,44023.3,0
5944,6215,1998-12,1640,0,62438.3,0
5944,6215,1999-01,1640,0,62438.3,0
5944,6215,1999-02,1640,0,62438.3,0
5944,6215,1999-03,1640,0,62438.3,0
5944,6215,1999-04,1640,0,62438.3,0
5944,6215,1999-05,1640,0,62438.3,0
5944,6215,1999-06,1640,0,62438.3,0
5944,6215,1999-07,1640,0,62438.3,0
5944,6215,1999-08,1640,0,62438.3,0
5944,6215,1999-09,1640,0,62438.3,0
5944,6215,1999-10,1640,0,62438.3,0
5944,6215,1999-11,1640,0,62438.3,0
5944,6215,1999-12,1640,0,62438.3,0
5944,6215,2000-01,1640,0,62438.3,0
5944,6215,2000-02,1640,0,62438.3,0
5944,6215,2000-03,1640,0,62438.3,0
5944,6215,2000-04,1640,0,62438.3,0
5944,6215,2000-05,1640,0,62438.3,0
5944,6215,2000-06,1640,0,62438.3,0
5944,6215,2000-07,1640,0,62438.3,0
5944,6215,2000-08,1640,0,62438.3,0
5944,6215,2000-09,1640,0,62438.3,0
5944,6215,2000-10,1640,0,62438.3,0
5944,6215,2000-11,1640,0,62438.3,0
5944,6215,2000-12,1640,0,62438.3,0
5944,6215,2001-01,1640,0,62438.3,0
5944,6215,2001-02,1640,0,62438.3,0
5944,6215,2001-03,1640,0,62438.3,0
5944,6215,2001-04,1640,0,62438.3,0
5944,6215,2001-05,1640,0,62438.3,0
5944,6215,2001-06,1640,0,62438.3,0
5944,6215,2001-07,1640,0,62438.3,0
5944,6215,2001-08,1640,0,62438.3,0
5944,6215,2001-09,1640,0,62438.3,0
5944,6215,2001-10,1640,0,62438.3,0
5944,6215,2001-11,1640,0,62438.3,0
5944,6215,2001-12,1640,0,62438.3,0
5944,6215,2002-01,1640,0,62438.3,0
5944,6215,2002-02,1640,0,62438.3,0
5944,6215,2002-03,1640,0,62438.3,0
5944,6215,2002-04,1640,0,62438.3,0
5944,6215,2002-05,1640,0,62438.3,0
5944,6215,2002-06,1640,0,62438.3,0
10644,7167,1998-07,7499,0,73400.6,0
10644,7167,1998-08,7499,0,70545.5,0
10644,7167,1998-09,7499,0,77579.3,0
10644,7167,1998-10,7499,0,70798.8,0
10644,7167,1998-11,7499,0,40961.9,0
10644,7167,1998-12,7499,0,81252.7,0
10644,7167,1999-01,7499,0,81252.7,0
10644,7167,1999-02,7499,0,81252.7,0
10644,7167,1999-03,7499,0,81252.7,0
10644,7167,1999-04,7499,0,81252.7,0
10644,7167,1999-05,7499,0,81252.7,0
10644,7167,1999-06,7499,0,81252.7,0
10644,7167,1999-07,7499,0,81252.7,0
10644,7167,1999-08,7499,0,81252.7,0
10644,7167,1999-09,7499,0,81252.7,0
10644,7167,1999-10,7499,0,81252.7,0
10644,7167,1999-11,7499,0,81252.7,0
10644,7167,1999-12,7499,0,81252.7,0
10644,7167,2000-01,7499,0,81252.7,0
10644,7167,2000-02,7499,0,81252.7,0
10644,7167,2000-03,7499,0,81252.7,0
10644,7167,2000-04,7499,0,81252.7,0
10644,7167,2000-05,7499,0,81252.7,0
10644,7167,2000-06,7499,0,81252.7,0
10644,7167,2000-07,7499,0,81252.7,0
10644,7167,2000-08,7499,0,81252.7,0
10644,7167,2000-09,7499,0,81252.7,0
10644,7167,2000-10,7499,0,81252.7,0
10644,7167,2000-11,7499,0,81252.7,0
10644,7167,2000-12,7499,0,81252.7,0
10644,7167,2001-01,7499,0,81252.7,0
10644,7167,2001-02,7499,0,81252.7,0
10644,7167,2001-03,7499,0,81252.7,0
10644,7167,2001-04,7499,0,81252.7,0
10644,7167,2001-05,7499,0,81252.7,0
10644,7167,2001-06,7499,0,81252.7,0
4144,5823,1998-07,5916,0,34194.5,0
4144,5823,1998-08,5916,0,44096.7,0
4144,5823,1998-09,5916,0,53505.4,0
4144,5823,1998-10,5916,0,30184.1,0
4144,5823,1998-11,5916,0,49082.8,0
4144,5823,1998-12,5916,0,33055.8,0
4144,5823,1999-01,5916,0,33055.8,0
4144,5823,1999-02,5916,0,33055.8,0
4144,5823,1999-03,5916,0,33055.8,0
4144,5823,1999-04,5916,0,33055.8,0
4144,5823,1999-05,5916,0,33055.8,0
4144,5823,1999-06,5916,0,33055.8,0
4144,5823,1999-07,5916,0,33055.8,0
4144,5823,1999-08,5916,0,33055.8,0
4144,5823,1999-09,5916,0,33055.8,0
4144,5823,1999-10,5916,0,33055.8,0
4144,5823,1999-11,5916,0,33055.8,0
4144,5823,1999-12,5916,0,33055.8,0
4144,5823,2000-01,5916,0,33055.8,0
4144,5823,2000-02,5916,0,33055.8,0
4144,5823,2000-03,5916,0,33055.8,0
4144,5823,2000-04,5916,0,33055.8,0
4144,5823,2000-05,5916,0,33055.8,0
4144,5823,2000-06,5916,0,33055.8,0
4144,5823,2000-07,5916,0,33055.8,0
4144,5823,2000-08,5916,0,33055.8,0
4144,5823,2000-09,5916,0,33055.8,0
4144,5823,2000-10,5916,0,33055.8,0
4144,5823,2000-11,5916,0,33055.8,0
4144,5823,2000-12,5916,0,33055.8,0
4144,5823,2001-01,5916,0,33055.8,0
4144,5823,2001-02,5916,0,33055.8,0
4144,5823,2001-03,5916,0,33055.8,0
4144,5823,2001-04,5916,0,33055.8,0
4144,5823,2001-05,5916,0,33055.8,0
4144,5823,2001-06,5916,0,33055.8,0
5912,6207,1998-07,3077,0,26470.9,0
5912,6207,1998-08,3077,0,31821.4,0
5912,6207,1998-09,3077,0,37695.2,0
5912,6207,1998-10,3077,0,37579.8,0
5912,6207,1998-11,3077,0,26049.6,0
5912,6207,1998-12,3077,0,34943.0,0
5912,6207,1999-01,3077,0,34943.0,0
5912,6207,1999-02,3077,0,34943.0,0
5912,6207,1999-03,3077,0,34943.0,0
5912,6207,1999-04,3077,0,34943.0,0
5912,6207,1999-05,3077,0,34943.0,0
5912,6207,1999-06,3077,0,34943.0,0
5912,6207,1999-07,3077,0,34943.0,0
5912,6207,1999-08,3077,0,34943.0,0
5912,6207,1999-09,3077,0,34943.0,0
5912,6207,1999-10,3077,0,34943.0,0
5912,6207,1999-11,3077,0,34943.0,0
5912,6207,1999-12,3077,0,34943.0,0
5912,6207,2000-01,3077,0,34943.0,0
5912,6207,2000-02,3077,0,34943.0,0
5912,6207,2000-03,3077,0,34943.0,0
5912,6207,2000-04,3077,0,34943.0,0
5912,6207,2000-05,3077,0,34943.0,0
5912,6207,2000-06,3077,0,34943.0,0
5912,6207,2000-07,3077,0,34943.0,0
5912,6207,2000-08,3077,0,34943.0,0
5912,6207,2000-09,3077,0,34943.0,0
5912,6207,2000-10,3077,0,34943.0,0
5912,6207,2000-11,3077,0,34943.0,0
5912,6207,2000-12,3077,0,34943.0,0
5912,6207,2001-01,3077,0,34943.0,0
5912,6207,2001-02,3077,0,34943.0,0
5912,6207,2001-03,3077,0,34943.0,0
5912,6207,2001-04,3077,0,34943.0,0
5912,6207,2001-05,3077,0,34943.0,0
5912,6207,2001-06,3077,0,34943.0,0
5912,6207,2001-07,3077,0,34943.0,0
5912,6207,2001-08,3077,0,34943.0,0
5912,6207,2001-09,3077,0,34943.0,0
5912,6207,2001-10,3077,0,34943.0,0
5912,6207,2001-11,3077,0,34943.0,0
5912,6207,2001-12,3077,0,34943.0,0
5912,6207,2002-01,3077,0,34943.0,0
5912,6207,2002-02,3077,0,34943.0,0
5912,6207,2002-03,3077,0,34943.0,0
5912,6207,2002-04,3077,0,34943.0,0
5912,6207,2002-05,3077,0,34943.0,0
5912,6207,2002-06,3077,0,34943.0,0
5912,6207,2002-07,3077,0,34943.0,0
5912,6207,2002-08,3077,0,34943.0,0
5912,6207,2002-09,3077,0,34943.0,0
5912,6207,2002-10,3077,0,34943.0,0
5912,6207,2002-11,3077,0,34943.0,0
5912,6207,2002-12,3077,0,34943.0,0
5912,6207,2003-01,3077,0,34943.0,0
5912,6207,2003-02,3077,0,34943.0,0
5912,6207,2003-03,3077,0,34943.0,0
5912,6207,2003-04,3077,0,34943.0,0
5912,6207,2003-05,3077,0,34943.0,0
5912,6207,2003-06,3077,0,34943.0,0
9491,6932,1998-07,4698,0,50211.6,0
9491,6932,1998-08,4698,0,47350.1,0
9491,6932,1998-09,4698,0,49278.3,0
9491,6932,1998-10,4698,0,49111.3,0
9491,6932,1998-11,4698,0,50241.9,0
9491,6932,1998-12,4698,0,50525.5,0
9491,6932,1999-01,4698,0,50525.5,0
9491,6932,1999-02,4698,0,50525.5,0
9491,6932,1999-03,4698,0,50525.5,0
9491,6932,1999-04,4698,0,50525.5,0
9491,6932,1999-05,4698,0,50525.5,0
9491,6932,1999-06,4698,0,50525.5,0
9491,6932,1999-07,4698,0,50525.5,0
9491,6932,1999-08,4698,0,50525.5,0
9491,6932,1999-09,4698,0,50525.5,0
9491,6932,1999-10,4698,0,50525.5,0
9491,6932,1999-11,4698,0,50525.5,0
9491,6932,1999-12,4698,0,50525.5,0
9491,6932,2000-01,4698,0,50525.5,0
9491,6932,2000-02,4698,0,50525.5,0
9491,6932,2000-03,4698,0,50525.5,0
9491,6932,2000-04,4698,0,50525.5,0
9491,6932,2000-05,4698,0,50525.5,0
9491,6932,2000-06,4698,0,50525.5,0
9491,6932,2000-07,4698,0,50525.5,0
9491,6932,2000-08,4698,0,50525.5,0
9491,6932,2000-09,4698,0,50525.5,0
9491,6932,2000-10,4698,0,50525.5,0
9491,6932,2000-11,4698,0,50525.5,0
9491,6932,2000-12,4698,0,50525.5,0
9491,6932,2001-01,4698,0,50525.5,0
9491,6932,2001-02,4698,0,50525.5,0
9491,6932,2001-03,4698,0,50525.5,0
9491,6932,2001-04,4698,0,50525.5,0
9491,6932,2001-05,4698,0,50525.5,0
9491,6932,2001-06,4698,0,50525.5,0
9491,6932,2001-07,4698,0,50525.5,0
9491,6932,2001-08,4698,0,50525.5,0
9491,6932,2001-09,4698,0,50525.5,0
9491,6932,2001-10,4698,0,50525.5,0
9491,6932,2001-11,4698,0,50525.5,0
9491,6932,2001-12,4698,0,50525.5,0
9491,6932,2002-01,4698,0,50525.5,0
9491,6932,2002-02,4698,0,50525.5,0
9491,6932,2002-03,4698,0,50525.5,0
9491,6932,2002-04,4698,0,50525.5,0
9491,6932,2002-05,4698,0,50525.5,0
9491,6932,2002-06,4698,0,50525.5,0
3403,5669,1998-07,1995,0,65677.7,0
3403,5669,1998-08,1995,0,52137.0,0
3403,5669,1998-09,1995,0,63134.2,0
3403,5669,1998-10,1995,0,80928.1,0
3403,5669,1998-11,1995,0,65760.7,0
3403,5669,1998-12,1995,0,107935.0,0
3403,5669,1999-01,1995,0,107935.0,0
3403,5669,1999-02,1995,0,107935.0,0
3403,5669,1999-03,1995,0,107935.0,0
3403,5669,1999-04,1995,0,107935.0,0
3403,5669,1999-05,1995,0,107935.0,0
3403,5669,1999-06,1995,0,107935.0,0
3403,5669,1999-07,1995,0,107935.0,0
3403,5669,1999-08,1995,0,107935.0,0
3403,5669,1999-09,1995,0,107935.0,0
3403,5669,1999-10,1995,0,107935.0,0
3403,5669,1999-11,1995,0,107935.0,0
3403,5669,1999-12,1995,0,107935.0,0
3403,5669,2000-01,1995,0,107935.0,0
3403,5669,2000-02,1995,0,107935.0,0
3403,5669,2000-03,1995,0,107935.0,0
3403,5669,2000-04,1995,0,107935.0,0
3403,5669,2000-05,1995,0,107935.0,0
3403,5669,2000-06,1995,0,107935.0,0
3403,5669,2000-07,1995,0,107935.0,0
3403,5669,2000-08,1995,0,107935.0,0
3403,5669,2000-09,1995,0,107935.0,0
3403,5669,2000-10,1995,0,107935.0,0
3403,5669,2000-11,1995,0,107935.0,0
3403,5669,2000-12,1995,0,107935.0,0
3403,5669,2001-01,1995,0,107935.0,0
3403,5669,2001-02,1995,0,107935.0,0
3403,5669,2001-03,1995,0,107935.0,0
3403,5669,2001-04,1995,0,107935.0,0
3403,5669,2001-05,1995,0,107935.0,0
3403,5669,2001-06,1995,0,107935.0,0
993,5154,1998-07,1812,0,30766.1,0
993,5154,1998-08,1812,0,21189.2,0
993,5154,1998-09,1812,0,84032.9,0
993,5154,1998-10,1812,0,90240.1,0
993,5154,1998-11,1812,0,49020.9,0
993,5154,1998-12,1812,0,104413.0,0
993,5154,1999-01,1812,0,104413.0,0
993,5154,1999-02,1812,0,104413.0,0
993,5154,1999-03,1812,0,104413.0,0
993,5154,1999-04,1812,0,104413.0,0
993,5154,1999-05,1812,0,104413.0,0
993,5154,1999-06,1812,0,104413.0,0
993,5154,1999-07,1812,0,104413.0,0
993,5154,1999-08,1812,0,104413.0,0
993,5154,1999-09,1812,0,104413.0,0
993,5154,1999-10,1812,0,104413.0,0
993,5154,1999-11,1812,0,104413.0,0
993,5154,1999-12,1812,0,104413.0,0
993,5154,2000-01,1812,0,104413.0,0
993,5154,2000-02,1812,0,104413.0,0
993,5154,2000-03,1812,0,104413.0,0
993,5154,2000-04,1812,0,104413.0,0
993,5154,2000-05,1812,0,104413.0,0
993,5154,2000-06,1812,0,104413.0,0
993,5154,2000-07,1812,0,104413.0,0
993,5154,2000-08,1812,0,104413.0,0
993,5154,2000-09,1812,0,104413.0,0
993,5154,2000-10,1812,0,104413.0,0
993,5154,2000-11,1812,0,104413.0,0
993,5154,2000-12,1812,0,104413.0,0
993,5154,2001-01,1812,0,104413.0,0
993,5154,2001-02,1812,0,104413.0,0
993,5154,2001-03,1812,0,104413.0,0
993,5154,2001-04,1812,0,104413.0,0
993,5154,2001-05,1812,0,104413.0,0
993,5154,2001-06,1812,0,104413.0,0
993,5154,2001-07,1812,0,104413.0,0
993,5154,2001-08,1812,0,104413.0,0
993,5154,2001-09,1812,0,104413.0,0
993,5154,2001-10,1812,0,104413.0,0
993,5154,2001-11,1812,0,104413.0,0
993,5154,2001-12,1812,0,104413.0,0
993,5154,2002-01,1812,0,104413.0,0
993,5154,2002-02,1812,0,104413.0,0
993,5154,2002-03,1812,0,104413.0,0
993,5154,2002-04,1812,0,104413.0,0
993,5154,2002-05,1812,0,104413.0,0
993,5154,2002-06,1812,0,104413.0,0
993,5154,2002-07,1812,0,104413.0,0
993,5154,2002-08,1812,0,104413.0,0
993,5154,2002-09,1812,0,104413.0,0
993,5154,2002-10,1812,0,104413.0,0
993,5154,2002-11,1812,0,104413.0,0
993,5154,2002-12,1812,0,104413.0,0
993,5154,2003-01,1812,0,104413.0,0
993,5154,2003-02,1812,0,104413.0,0
993,5154,2003-03,1812,0,104413.0,0
993,5154,2003-04,1812,0,104413.0,0
993,5154,2003-05,1812,0,104413.0,0
993,5154,2003-06,1812,0,104413.0,0
993,5154,2003-07,1812,0,104413.0,0
10645,7168,1998-08,5787,0,53855.5,0
10645,7168,1998-09,5787,0,61830.3,0
10645,7168,1998-10,5787,0,54806.3,0
10645,7168,1998-11,5787,0,60774.9,0
10645,7168,1998-12,5787,0,42432.1,0
10645,7168,1999-01,5787,0,42432.1,0
10645,7168,1999-02,5787,0,42432.1,0
10645,7168,1999-03,5787,0,42432.1,0
10645,7168,1999-04,5787,0,42432.1,0
10645,7168,1999-05,5787,0,42432.1,0
10645,7168,1999-06,5787,0,42432.1,0
10645,7168,1999-07,5787,0,42432.1,0
10645,7168,1999-08,5787,0,42432.1,0
10645,7168,1999-09,5787,0,42432.1,0
10645,7168,1999-10,5787,0,42432.1,0
10645,7168,1999-11,5787,0,42432.1,0
10645,7168,1999-12,5787,0,42432.1,0
10645,7168,2000-01,5787,0,42432.1,0
10645,7168,2000-02,5787,0,42432.1,0
10645,7168,2000-03,5787,0,42432.1,0
10645,7168,2000-04,5787,0,42432.1,0
10645,7168,2000-05,5787,0,42432.1,0
10645,7168,2000-06,5787,0,42432.1,0
10645,7168,2000-07,5787,0,42432.1,0
10645,7168,2000-08,5787,0,42432.1,0
10645,7168,2000-09,5787,0,42432.1,0
10645,7168,2000-10,5787,0,42432.1,0
10645,7168,2000-11,5787,0,42432.1,0
10645,7168,2000-12,5787,0,42432.1,0
10645,7168,2001-01,5787,0,42432.1,0
10645,7168,2001-02,5787,0,42432.1,0
10645,7168,2001-03,5787,0,42432.1,0
10645,7168,2001-04,5787,0,42432.1,0
10645,7168,2001-05,5787,0,42432.1,0
10645,7168,2001-06,5787,0,42432.1,0
10645,7168,2001-07,5787,0,42432.1,0
2988,5585,1998-08,7384,0,90894.1,0
2988,5585,1998-09,7384,0,40439.6,0
2988,5585,1998-10,7384,0,24179.1,0
2988,5585,1998-11,7384,0,11561.4,0
2988,5585,1998-12,7384,0,49707.8,0
2988,5585,1999-01,7384,0,49707.8,0
2988,5585,1999-02,7384,0,49707.8,0
2988,5585,1999-03,7384,0,49707.8,0
2988,5585,1999-04,7384,0,49707.8,0
2988,5585,1999-05,7384,0,49707.8,0
2988,5585,1999-06,7384,0,49707.8,0
2988,5585,1999-07,7384,0,49707.8,0
10799,7200,1998-08,519,0,46230.4,0
10799,7200,1998-09,519,0,43192.2,0
10799,7200,1998-10,519,0,45154.3,0
10799,7200,1998-11,519,0,51136.2,0
10799,7200,1998-12,519,0,56696.3,0
10799,7200,1999-01,519,0,56696.3,0
10799,7200,1999-02,519,0,56696.3,0
10799,7200,1999-03,519,0,56696.3,0
10799,7200,1999-04,519,0,56696.3,0
10799,7200,1999-05,519,0,56696.3,0
10799,7200,1999-06,519,0,56696.3,0
10799,7200,1999-07,519,0,56696.3,0
10799,7200,1999-08,519,0,56696.3,0
10799,7200,1999-09,519,0,56696.3,0
10799,7200,1999-10,519,0,56696.3,0
10799,7200,1999-11,519,0,56696.3,0
10799,7200,1999-12,519,0,56696.3,0
10799,7200,2000-01,519,0,56696.3,0
10799,7200,2000-02,519,0,56696.3,0
10799,7200,2000-03,519,0,56696.3,0
10799,7200,2000-04,519,0,56696.3,0
10799,7200,2000-05,519,0,56696.3,0
10799,7200,2000-06,519,0,56696.3,0
10799,7200,2000-07,519,0,56696.3,0
10799,7200,2000-08,519,0,56696.3,0
10799,7200,2000-09,519,0,56696.3,0
10799,7200,2000-10,519,0,56696.3,0
10799,7200,2000-11,519,0,56696.3,0
10799,7200,2000-12,519,0,56696.3,0
10799,7200,2001-01,519,0,56696.3,0
10799,7200,2001-02,519,0,56696.3,0
10799,7200,2001-03,519,0,56696.3,0
10799,7200,2001-04,519,0,56696.3,0
10799,7200,2001-05,519,0,56696.3,0
10799,7200,2001-06,519,0,56696.3,0
10799,7200,2001-07,519,0,56696.3,0
10799,7200,2001-08,519,0,56696.3,0
10799,7200,2001-09,519,0,56696.3,0
10799,7200,2001-10,519,0,56696.3,0
10799,7200,2001-11,519,0,56696.3,0
10799,7200,2001-12,519,0,56696.3,0
10799,7200,2002-01,519,0,56696.3,0
10799,7200,2002-02,519,0,56696.3,0
10799,7200,2002-03,519,0,56696.3,0
10799,7200,2002-04,519,0,56696.3,0
10799,7200,2002-05,519,0,56696.3,0
10799,7200,2002-06,519,0,56696.3,0
10799,7200,2002-07,519,0,56696.3,0
10799,7200,2002-08,519,0,56696.3,0
10799,7200,2002-09,519,0,56696.3,0
10799,7200,2002-10,519,0,56696.3,0
10799,7200,2002-11,519,0,56696.3,0
10799,7200,2002-12,519,0,56696.3,0
10799,7200,2003-01,519,0,56696.3,0
10799,7200,2003-02,519,0,56696.3,0
10799,7200,2003-03,519,0,56696.3,0
10799,7200,2003-04,519,0,56696.3,0
10799,7200,2003-05,519,0,56696.3,0
10799,7200,2003-06,519,0,56696.3,0
10799,7200,2003-07,519,0,56696.3,0
7559,6539,1998-08,1066,0,51885.0,0
7559,6539,1998-09,1066,0,51878.1,0
7559,6539,1998-10,1066,0,50271.1,0
7559,6539,1998-11,1066,0,48352.4,0
7559,6539,1998-12,1066,0,50923.6,0
7559,6539,1999-01,1066,0,50923.6,0
7559,6539,1999-02,1066,0,50923.6,0
7559,6539,1999-03,1066,0,50923.6,0
7559,6539,1999-04,1066,0,50923.6,0
7559,6539,1999-05,1066,0,50923.6,0
7559,6539,1999-06,1066,0,50923.6,0
7559,6539,1999-07,1066,0,50923.6,0
3916,5774,1998-08,2694,0,10997.8,0
3916,5774,1998-09,2694,0,9954.5,0
3916,5774,1998-10,2694,0,8906.6,0
3916,5774,1998-11,2694,0,7854.6,0
3916,5774,1998-12,2694,0,14906.1,0
3916,5774,1999-01,2694,0,14906.1,0
3916,5774,1999-02,2694,0,14906.1,0
3916,5774,1999-03,2694,0,14906.1,0
3916,5774,1999-04,2694,0,14906.1,0
3916,5774,1999-05,2694,0,14906.1,0
3916,5774,1999-06,2694,0,14906.1,0
3916,5774,1999-07,2694,0,14906.1,0
3916,5774,1999-08,2694,0,14906.1,0
3916,5774,1999-09,2694,0,14906.1,0
3916,5774,1999-10,2694,0,14906.1,0
3916,5774,1999-11,2694,0,14906.1,0
3916,5774,1999-12,2694,0,14906.1,0
3916,5774,2000-01,2694,0,14906.1,0
3916,5774,2000-02,2694,0,14906.1,0
3916,5774,2000-03,2694,0,14906.1,0
3916,5774,2000-04,2694,0,14906.1,0
3916,5774,2000-05,2694,0,14906.1,0
3916,5774,2000-06,2694,0,14906.1,0
3916,5774,2000-07,2694,0,14906.1,0
3916,5774,2000-08,2694,0,14906.1,0
3916,5774,2000-09,2694,0,14906.1,0
3916,5774,2000-10,2694,0,14906.1,0
3916,5774,2000-11,2694,0,14906.1,0
3916,5774,2000-12,2694,0,14906.1,0
3916,5774,2001-01,2694,0,14906.1,0
3916,5774,2001-02,2694,0,14906.1,0
3916,5774,2001-03,2694,0,14906.1,0
3916,5774,2001-04,2694,0,14906.1,0
3916,5774,2001-05,2694,0,14906.1,0
3916,5774,2001-06,2694,0,14906.1,0
3916,5774,2001-07,2694,0,14906.1,0
6706,6357,1998-08,1081,0,39070.3,0
6706,6357,1998-09,1081,0,40087.2,0
6706,6357,1998-10,1081,0,39505.1,0
6706,6357,1998-11,1081,0,36342.2,0
6706,6357,1998-12,1081,0,46144.7,0
6706,6357,1999-01,1081,0,46144.7,0
6706,6357,1999-02,1081,0,46144.7,0
6706,6357,1999-03,1081,0,46144.7,0
6706,6357,1999-04,1081,0,46144.7,0
6706,6357,1999-05,1081,0,46144.7,0
6706,6357,1999-06,1081,0,46144.7,0
6706,6357,1999-07,1081,0,46144.7,0
6706,6357,1999-08,1081,0,46144.7,0
6706,6357,1999-09,1081,0,46144.7,0
6706,6357,1999-10,1081,0,46144.7,0
6706,6357,1999-11,1081,0,46144.7,0
6706,6357,1999-12,1081,0,46144.7,0
6706,6357,2000-01,1081,0,46144.7,0
6706,6357,2000-02,1081,0,46144.7,0
6706,6357,2000-03,1081,0,46144.7,0
6706,6357,2000-04,1081,0,46144.7,0
6706,6357,2000-05,1081,0,46144.7,0
6706,6357,2000-06,1081,0,46144.7,0
6706,6357,2000-07,1081,0,46144.7,0
6706,6357,2000-08,1081,0,46144.7,0
6706,6357,2000-09,1081,0,46144.7,0
6706,6357,2000-10,1081,0,46144.7,0
6706,6357,2000-11,1081,0,46144.7,0
6706,6357,2000-12,1081,0,46144.7,0
6706,6357,2001-01,1081,0,46144.7,0
6706,6357,2001-02,1081,0,46144.7,0
6706,6357,2001-03,1081,0,46144.7,0
6706,6357,2001-04,1081,0,46144.7,0
6706,6357,2001-05,1081,0,46144.7,0
6706,6357,2001-06,1081,0,46144.7,0
6706,6357,2001-07,1081,0,46144.7,0
6706,6357,2001-08,1081,0,46144.7,0
6706,6357,2001-09,1081,0,46144.7,0
6706,6357,2001-10,1081,0,46144.7,0
6706,6357,2001-11,1081,0,46144.7,0
6706,6357,2001-12,1081,0,46144.7,0
6706,6357,2002-01,1081,0,46144.7,0
6706,6357,2002-02,1081,0,46144.7,0
6706,6357,2002-03,1081,0,46144.7,0
6706,6357,2002-04,1081,0,46144.7,0
6706,6357,2002-05,1081,0,46144.7,0
6706,6357,2002-06,1081,0,46144.7,0
6706,6357,2002-07,1081,0,46144.7,0
6706,6357,2002-08,1081,0,46144.7,0
6706,6357,2002-09,1081,0,46144.7,0
6706,6357,2002-10,1081,0,46144.7,0
6706,6357,2002-11,1081,0,46144.7,0
6706,6357,2002-12,1081,0,46144.7,0
6706,6357,2003-01,1081,0,46144.7,0
6706,6357,2003-02,1081,0,46144.7,0
6706,6357,2003-03,1081,0,46144.7,0
6706,6357,2003-04,1081,0,46144.7,0
6706,6357,2003-05,1081,0,46144.7,0
6706,6357,2003-06,1081,0,46144.7,0
6706,6357,2003-07,1081,0,46144.7,0
330,5042,1998-08,6908,0,39407.4,0
330,5042,1998-09,6908,0,35640.0,0
330,5042,1998-10,6908,0,30553.5,0
330,5042,1998-11,6908,0,29753.6,0
330,5042,1998-12,6908,0,26726.8,0
330,5042,1999-01,6908,0,26726.8,0
330,5042,1999-02,6908,0,26726.8,0
330,5042,1999-03,6908,0,26726.8,0
330,5042,1999-04,6908,0,26726.8,0
330,5042,1999-05,6908,0,26726.8,0
330,5042,1999-06,6908,0,26726.8,0
330,5042,1999-07,6908,0,26726.8,0
330,5042,1999-08,6908,0,26726.8,0
330,5042,1999-09,6908,0,26726.8,0
330,5042,1999-10,6908,0,26726.8,0
330,5042,1999-11,6908,0,26726.8,0
330,5042,1999-12,6908,0,26726.8,0
330,5042,2000-01,6908,0,26726.8,0
330,5042,2000-02,6908,0,26726.8,0
330,5042,2000-03,6908,0,26726.8,0
330,5042,2000-04,6908,0,26726.8,0
330,5042,2000-05,6908,0,26726.8,0
330,5042,2000-06,6908,0,26726.8,0
330,5042,2000-07,6908,0,26726.8,0
330,5042,2000-08,6908,0,26726.8,0
330,5042,2000-09,6908,0,26726.8,0
330,5042,2000-10,6908,0,26726.8,0
330,5042,2000-11,6908,0,26726.8,0
330,5042,2000-12,6908,0,26726.8,0
330,5042,2001-01,6908,0,26726.8,0
330,5042,2001-02,6908,0,26726.8,0
330,5042,2001-03,6908,0,26726.8,0
330,5042,2001-04,6908,0,26726.8,0
330,5042,2001-05,6908,0,26726.8,0
330,5042,2001-06,6908,0,26726.8,0
330,5042,2001-07,6908,0,26726.8,0
330,5042,2001-08,6908,0,26726.8,0
330,5042,2001-09,6908,0,26726.8,0
330,5042,2001-10,6908,0,26726.8,0
330,5042,2001-11,6908,0,26726.8,0
330,5042,2001-12,6908,0,26726.8,0
330,5042,2002-01,6908,0,26726.8,0
330,5042,2002-02,6908,0,26726.8,0
330,5042,2002-03,6908,0,26726.8,0
330,5042,2002-04,6908,0,26726.8,0
330,5042,2002-05,6908,0,26726.8,0
330,5042,2002-06,6908,0,26726.8,0
330,5042,2002-07,6908,0,26726.8,0
226,5015,1998-08,9112,0,49345.5,0
226,5015,1998-09,9112,0,51158.2,0
226,5015,1998-10,9112,0,45462.2,0
226,5015,1998-11,9112,0,43750.5,0
226,5015,1998-12,9112,0,44471.3,0
226,5015,1999-01,9112,0,44471.3,0
226,5015,1999-02,9112,0,44471.3,0
226,5015,1999-03,9112,0,44471.3,0
226,5015,1999-04,9112,0,44471.3,0
226,5015,1999-05,9112,0,44471.3,0
226,5015,1999-06,9112,0,44471.3,0
226,5015,1999-07,9112,0,44471.3,0
2000,5354,1998-08,4847,0,53389.7,0
2000,5354,1998-09,4847,0,59515.1,0
2000,5354,1998-10,4847,0,48980.8,0
2000,5354,1998-11,4847,0,51608.0,0
2000,5354,1998-12,4847,0,68319.5,0
2000,5354,1999-01,4847,0,68319.5,0
2000,5354,1999-02,4847,0,68319.5,0
2000,5354,1999-03,4847,0,68319.5,0
2000,5354,1999-04,4847,0,68319.5,0
2000,5354,1999-05,4847,0,68319.5,0
2000,5354,1999-06,4847,0,68319.5,0
2000,5354,1999-07,4847,0,68319.5,0
2000,5354,1999-08,4847,0,68319.5,0
2000,5354,1999-09,4847,0,68319.5,0
2000,5354,1999-10,4847,0,68319.5,0
2000,5354,1999-11,4847,0,68319.5,0
2000,5354,1999-12,4847,0,68319.5,0
2000,5354,2000-01,4847,0,68319.5,0
2000,5354,2000-02,4847,0,68319.5,0
2000,5354,2000-03,4847,0,68319.5,0
2000,5354,2000-04,4847,0,68319.5,0
2000,5354,2000-05,4847,0,68319.5,0
2000,5354,2000-06,4847,0,68319.5,0
2000,5354,2000-07,4847,0,68319.5,0
2000,5354,2000-08,4847,0,68319.5,0
2000,5354,2000-09,4847,0,68319.5,0
2000,5354,2000-10,4847,0,68319.5,0
2000,5354,2000-11,4847,0,68319.5,0
2000,5354,2000-12,4847,0,68319.5,0
2000,5354,2001-01,4847,0,68319.5,0
2000,5354,2001-02,4847,0,68319.5,0
2000,5354,2001-03,4847,0,68319.5,0
2000,5354,2001-04,4847,0,68319.5,0
2000,5354,2001-05,4847,0,68319.5,0
2000,5354,2001-06,4847,0,68319.5,0
2000,5354,2001-07,4847,0,68319.5,0
2000,5354,2001-08,4847,0,68319.5,0
2000,5354,2001-09,4847,0,68319.5,0
2000,5354,2001-10,4847,0,68319.5,0
2000,5354,2001-11,4847,0,68319.5,0
2000,5354,2001-12,4847,0,68319.5,0
2000,5354,2002-01,4847,0,68319.5,0
2000,5354,2002-02,4847,0,68319.5,0
2000,5354,2002-03,4847,0,68319.5,0
2000,5354,2002-04,4847,0,68319.5,0
2000,5354,2002-05,4847,0,68319.5,0
2000,5354,2002-06,4847,0,68319.5,0
2000,5354,2002-07,4847,0,68319.5,0
2000,5354,2002-08,4847,0,68319.5,0
2000,5354,2002-09,4847,0,68319.5,0
2000,5354,2002-10,4847,0,68319.5,0
2000,5354,2002-11,4847,0,68319.5,0
2000,5354,2002-12,4847,0,68319.5,0
2000,5354,2003-01,4847,0,68319.5,0
2000,5354,2003-02,4847,0,68319.5,0
2000,5354,2003-03,4847,0,68319.5,0
2000,5354,2003-04,4847,0,68319.5,0
2000,5354,2003-05,4847,0,68319.5,0
2000,5354,2003-06,4847,0,68319.5,0
2000,5354,2003-07,4847,0,68319.5,0
5180,6054,1998-08,4897,0,64918.8,0
5180,6054,1998-09,4897,0,67376.4,0
5180,6054,1998-10,4897,0,23172.7,0
5180,6054,1998-11,4897,0,31510.4,0
5180,6054,1998-12,4897,0,34119.6,0
5180,6054,1999-01,4897,0,34119.6,0
5180,6054,1999-02,4897,0,34119.6,0
5180,6054,1999-03,4897,0,34119.6,0
5180,6054,1999-04,4897,0,34119.6,0
5180,6054,1999-05,4897,0,34119.6,0
5180,6054,1999-06,4897,0,34119.6,0
5180,6054,1999-07,4897,0,34119.6,0
11328,7295,1998-08,4674,0,46465.6,0
11328,7295,1998-09,4674,0,44653.0,0
11328,7295,1998-10,4674,0,72365.7,0
11328,7295,1998-11,4674,0,67360.8,0
11328,7295,1998-12,4674,0,63585.7,0
11328,7295,1999-01,4674,0,63585.7,0
11328,7295,1999-02,4674,0,63585.7,0
11328,7295,1999-03,4674,0,63585.7,0
11328,7295,1999-04,4674,0,63585.7,0
11328,7295,1999-05,4674,0,63585.7,0
11328,7295,1999-06,4674,0,63585.7,0
11328,7295,1999-07,4674,0,63585.7,0
11328,7295,1999-08,4674,0,63585.7,0
11328,7295,1999-09,4674,0,63585.7,0
11328,7295,1999-10,4674,0,63585.7,0
11328,7295,1999-11,4674,0,63585.7,0
11328,7295,1999-12,4674,0,63585.7,0
11328,7295,2000-01,4674,0,63585.7,0
11328,7295,2000-02,4674,0,63585.7,0
11328,7295,2000-03,4674,0,63585.7,0
11328,7295,2000-04,4674,0,63585.7,0
11328,7295,2000-05,4674,0,63585.7,0
11328,7295,2000-06,4674,0,63585.7,0
11328,7295,2000-07,4674,0,63585.7,0
11328,7295,2000-08,4674,0,63585.7,0
11328,7295,2000-09,4674,0,63585.7,0
11328,7295,2000-10,4674,0,63585.7,0
11328,7295,2000-11,4674,0,63585.7,0
11328,7295,2000-12,4674,0,63585.7,0
11328,7295,2001-01,4674,0,63585.7,0
11328,7295,2001-02,4674,0,63585.7,0
11328,7295,2001-03,4674,0,63585.7,0
11328,7295,2001-04,4674,0,63585.7,0
11328,7295,2001-05,4674,0,63585.7,0
11328,7295,2001-06,4674,0,63585.7,0
11328,7295,2001-07,4674,0,63585.7,0
11328,7295,2001-08,4674,0,63585.7,0
11328,7295,2001-09,4674,0,63585.7,0
11328,7295,2001-10,4674,0,63585.7,0
11328,7295,2001-11,4674,0,63585.7,0
11328,7295,2001-12,4674,0,63585.7,0
11328,7295,2002-01,4674,0,63585.7,0
11328,7295,2002-02,4674,0,63585.7,0
11328,7295,2002-03,4674,0,63585.7,0
11328,7295,2002-04,4674,0,63585.7,0
11328,7295,2002-05,4674,0,63585.7,0
11328,7295,2002-06,4674,0,63585.7,0
11328,7295,2002-07,4674,0,63585.7,0
11328,7295,2002-08,4674,0,63585.7,0
11328,7295,2002-09,4674,0,63585.7,0
11328,7295,2002-10,4674,0,63585.7,0
11328,7295,2002-11,4674,0,63585.7,0
11328,7295,2002-12,4674,0,63585.7,0
11328,7295,2003-01,4674,0,63585.7,0
11328,7295,2003-02,4674,0,63585.7,0
11328,7295,2003-03,4674,0,63585.7,0
11328,7295,2003-04,4674,0,63585.7,0
11328,7295,2003-05,4674,0,63585.7,0
11328,7295,2003-06,4674,0,63585.7,0
11328,7295,2003-07,4674,0,63585.7,0
2055,5365,1998-08,4521,0,10569.2,0
2055,5365,1998-09,4521,0,9499.7,0
2055,5365,1998-10,4521,0,8425.7,0
2055,5365,1998-11,4521,0,7347.2,0
2055,5365,1998-12,4521,0,11414.4,0
2055,5365,1999-01,4521,0,11414.4,0
2055,5365,1999-02,4521,0,11414.4,0
2055,5365,1999-03,4521,0,11414.4,0
2055,5365,1999-04,4521,0,11414.4,0
2055,5365,1999-05,4521,0,11414.4,0
2055,5365,1999-06,4521,0,11414.4,0
2055,5365,1999-07,4521,0,11414.4,0
2055,5365,1999-08,4521,0,11414.4,0
2055,5365,1999-09,4521,0,11414.4,0
2055,5365,1999-10,4521,0,11414.4,0
2055,5365,1999-11,4521,0,11414.4,0
2055,5365,1999-12,4521,0,11414.4,0
2055,5365,2000-01,4521,0,11414.4,0
2055,5365,2000-02,4521,0,11414.4,0
2055,5365,2000-03,4521,0,11414.4,0
2055,5365,2000-04,4521,0,11414.4,0
2055,5365,2000-05,4521,0,11414.4,0
2055,5365,2000-06,4521,0,11414.4,0
2055,5365,2000-07,4521,0,11414.4,0
2055,5365,2000-08,4521,0,11414.4,0
2055,5365,2000-09,4521,0,11414.4,0
2055,5365,2000-10,4521,0,11414.4,0
2055,5365,2000-11,4521,0,11414.4,0
2055,5365,2000-12,4521,0,11414.4,0
2055,5365,2001-01,4521,0,11414.4,0
2055,5365,2001-02,4521,0,11414.4,0
2055,5365,2001-03,4521,0,11414.4,0
2055,5365,2001-04,4521,0,11414.4,0
2055,5365,2001-05,4521,0,11414.4,0
2055,5365,2001-06,4521,0,11414.4,0
2055,5365,2001-07,4521,0,11414.4,0
2055,5365,2001-08,4521,0,11414.4,0
2055,5365,2001-09,4521,0,11414.4,0
2055,5365,2001-10,4521,0,11414.4,0
2055,5365,2001-11,4521,0,11414.4,0
2055,5365,2001-12,4521,0,11414.4,0
2055,5365,2002-01,4521,0,11414.4,0
2055,5365,2002-02,4521,0,11414.4,0
2055,5365,2002-03,4521,0,11414.4,0
2055,5365,2002-04,4521,0,11414.4,0
2055,5365,2002-05,4521,0,11414.4,0
2055,5365,2002-06,4521,0,11414.4,0
2055,5365,2002-07,4521,0,11414.4,0
2055,5365,2002-08,4521,0,11414.4,0
2055,5365,2002-09,4521,0,11414.4,0
2055,5365,2002-10,4521,0,11414.4,0
2055,5365,2002-11,4521,0,11414.4,0
2055,5365,2002-12,4521,0,11414.4,0
2055,5365,2003-01,4521,0,11414.4,0
2055,5365,2003-02,4521,0,11414.4,0
2055,5365,2003-03,4521,0,11414.4,0
2055,5365,2003-04,4521,0,11414.4,0
2055,5365,2003-05,4521,0,11414.4,0
2055,5365,2003-06,4521,0,11414.4,0
2055,5365,2003-07,4521,0,11414.4,0
8713,6755,1998-08,2845,0,36538.4,0
8713,6755,1998-09,2845,0,38473.1,0
8713,6755,1998-10,2845,0,40872.4,0
8713,6755,1998-11,2845,0,52624.4,0
8713,6755,1998-12,2845,0,14674.7,0
8713,6755,1999-01,2845,0,14674.7,0
8713,6755,1999-02,2845,0,14674.7,0
8713,6755,1999-03,2845,0,14674.7,0
8713,6755,1999-04,2845,0,14674.7,0
8713,6755,1999-05,2845,0,14674.7,0
8713,6755,1999-06,2845,0,14674.7,0
8713,6755,1999-07,2845,0,14674.7,0
8713,6755,1999-08,2845,0,14674.7,0
8713,6755,1999-09,2845,0,14674.7,0
8713,6755,1999-10,2845,0,14674.7,0
8713,6755,1999-11,2845,0,14674.7,0
8713,6755,1999-12,2845,0,14674.7,0
8713,6755,2000-01,2845,0,14674.7,0
8713,6755,2000-02,2845,0,14674.7,0
8713,6755,2000-03,2845,0,14674.7,0
8713,6755,2000-04,2845,0,14674.7,0
8713,6755,2000-05,2845,0,14674.7,0
8713,6755,2000-06,2845,0,14674.7,0
8713,6755,2000-07,2845,0,14674.7,0
8713,6755,2000-08,2845,0,14674.7,0
8713,6755,2000-09,2845,0,14674.7,0
8713,6755,2000-10,2845,0,14674.7,0
8713,6755,2000-11,2845,0,14674.7,0
8713,6755,2000-12,2845,0,14674.7,0
8713,6755,2001-01,2845,0,14674.7,0
8713,6755,2001-02,2845,0,14674.7,0
8713,6755,2001-03,2845,0,14674.7,0
8713,6755,2001-04,2845,0,14674.7,0
8713,6755,2001-05,2845,0,14674.7,0
8713,6755,2001-06,2845,0,14674.7,0
8713,6755,2001-07,2845,0,14674.7,0
8713,6755,2001-08,2845,0,14674.7,0
8713,6755,2001-09,2845,0,14674.7,0
8713,6755,2001-10,2845,0,14674.7,0
8713,6755,2001-11,2845,0,14674.7,0
8713,6755,2001-12,2845,0,14674.7,0
8713,6755,2002-01,2845,0,14674.7,0
8713,6755,2002-02,2845,0,14674.7,0
8713,6755,2002-03,2845,0,14674.7,0
8713,6755,2002-04,2845,0,14674.7,0
8713,6755,2002-05,2845,0,14674.7,0
8713,6755,2002-06,2845,0,14674.7,0
8713,6755,2002-07,2845,0,14674.7,0
8713,6755,2002-08,2845,0,14674.7,0
8713,6755,2002-09,2845,0,14674.7,0
8713,6755,2002-10,2845,0,14674.7,0
8713,6755,2002-11,2845,0,14674.7,0
8713,6755,2002-12,2845,0,14674.7,0
8713,6755,2003-01,2845,0,14674.7,0
8713,6755,2003-02,2845,0,14674.7,0
8713,6755,2003-03,2845,0,14674.7,0
8713,6755,2003-04,2845,0,14674.7,0
8713,6755,2003-05,2845,0,14674.7,0
8713,6755,2003-06,2845,0,14674.7,0
8713,6755,2003-07,2845,0,14674.7,0
4858,5991,1998-08,6983,1,-6557.6,1
4858,5991,1998-09,6983,1,6364.2,1
4858,5991,1998-10,6983,1,20199.6,0
4858,5991,1998-11,6983,1,17205.2,0
4858,5991,1998-12,6983,1,33114.9,0
4858,5991,1999-01,6983,1,33114.9,0
4858,5991,1999-02,6983,1,33114.9,0
4858,5991,1999-03,6983,1,33114.9,0
4858,5991,1999-04,6983,1,33114.9,0
4858,5991,1999-05,6983,1,33114.9,0
4858,5991,1999-06,6983,1,33114.9,0
4858,5991,1999-07,6983,1,33114.9,0
4858,5991,1999-08,6983,1,33114.9,0
4858,5991,1999-09,6983,1,33114.9,0
4858,5991,1999-10,6983,1,33114.9,0
4858,5991,1999-11,6983,1,33114.9,0
4858,5991,1999-12,6983,1,33114.9,0
4858,5991,2000-01,6983,1,33114.9,0
4858,5991,2000-02,6983,1,33114.9,0
4858,5991,2000-03,6983,1,33114.9,0
4858,5991,2000-04,6983,1,33114.9,0
4858,5991,2000-05,6983,1,33114.9,0
4858,5991,2000-06,6983,1,33114.9,0
4858,5991,2000-07,6983,1,33114.9,0
4858,5991,2000-08,6983,1,33114.9,0
4858,5991,2000-09,6983,1,33114.9,0
4858,5991,2000-10,6983,1,33114.9,0
4858,5991,2000-11,6983,1,33114.9,0
4858,5991,2000-12,6983,1,33114.9,0
4858,5991,2001-01,6983,1,33114.9,0
4858,5991,2001-02,6983,1,33114.9,0
4858,5991,2001-03,6983,1,33114.9,0
4858,5991,2001-04,6983,1,33114.9,0
4858,5991,2001-05,6983,1,33114.9,0
4858,5991,2001-06,6983,1,33114.9,0
4858,5991,2001-07,6983,1,33114.9,0
4858,5991,2001-08,6983,1,33114.9,0
4858,5991,2001-09,6983,1,33114.9,0
4858,5991,2001-10,6983,1,33114.9,0
4858,5991,2001-11,6983,1,33114.9,0
4858,5991,2001-12,6983,1,33114.9,0
4858,5991,2002-01,6983,1,33114.9,0
4858,5991,2002-02,6983,1,33114.9,0
4858,5991,2002-03,6983,1,33114.9,0
4858,5991,2002-04,6983,1,33114.9,0
4858,5991,2002-05,6983,1,33114.9,0
4858,5991,2002-06,6983,1,33114.9,0
4858,5991,2002-07,6983,1,33114.9,0
10005,7035,1998-08,5854,0,25702.5,0
10005,7035,1998-09,5854,0,24919.5,0
10005,7035,1998-10,5854,0,22605.3,0
10005,7035,1998-11,5854,0,23445.8,0
10005,7035,1998-12,5854,0,53811.1,0
10005,7035,1999-01,5854,0,53811.1,0
10005,7035,1999-02,5854,0,53811.1,0
10005,7035,1999-03,5854,0,53811.1,0
10005,7035,1999-04,5854,0,53811.1,0
10005,7035,1999-05,5854,0,53811.1,0
10005,7035,1999-06,5854,0,53811.1,0
10005,7035,1999-07,5854,0,53811.1,0
10005,7035,1999-08,5854,0,53811.1,0
10005,7035,1999-09,5854,0,53811.1,0
10005,7035,1999-10,5854,0,53811.1,0
10005,7035,1999-11,5854,0,53811.1,0
10005,7035,1999-12,5854,0,53811.1,0
10005,7035,2000-01,5854,0,53811.1,0
10005,7035,2000-02,5854,0,53811.1,0
10005,7035,2000-03,5854,0,53811.1,0
10005,7035,2000-04,5854,0,53811.1,0
10005,7035,2000-05,5854,0,53811.1,0
10005,7035,2000-06,5854,0,53811.1,0
10005,7035,2000-07,5854,0,53811.1,0
10005,7035,2000-08,5854,0,53811.1,0
10005,7035,2000-09,5854,0,53811.1,0
10005,7035,2000-10,5854,0,53811.1,0
10005,7035,2000-11,5854,0,53811.1,0
10005,7035,2000-12,5854,0,53811.1,0
10005,7035,2001-01,5854,0,53811.1,0
10005,7035,2001-02,5854,0,53811.1,0
10005,7035,2001-03,5854,0,53811.1,0
10005,7035,2001-04,5854,0,53811.1,0
10005,7035,2001-05,5854,0,53811.1,0
10005,7035,2001-06,5854,0,53811.1,0
10005,7035,2001-07,5854,0,53811.1,0
4467,5893,1998-09,2394,0,28553.1,0
4467,5893,1998-10,2394,0,36073.8,0
4467,5893,1998-11,2394,0,29794.7,0
4467,5893,1998-12,2394,0,31222.0,0
4467,5893,1999-01,2394,0,31222.0,0
4467,5893,1999-02,2394,0,31222.0,0
4467,5893,1999-03,2394,0,31222.0,0
4467,5893,1999-04,2394,0,31222.0,0
4467,5893,1999-05,2394,0,31222.0,0
4467,5893,1999-06,2394,0,31222.0,0
4467,5893,1999-07,2394,0,31222.0,0
4467,5893,1999-08,2394,0,31222.0,0
4467,5893,1999-09,2394,0,31222.0,0
4467,5893,1999-10,2394,0,31222.0,0
4467,5893,1999-11,2394,0,31222.0,0
4467,5893,1999-12,2394,0,31222.0,0
4467,5893,2000-01,2394,0,31222.0,0
4467,5893,2000-02,2394,0,31222.0,0
4467,5893,2000-03,2394,0,31222.0,0
4467,5893,2000-04,2394,0,31222.0,0
4467,5893,2000-05,2394,0,31222.0,0
4467,5893,2000-06,2394,0,31222.0,0
4467,5893,2000-07,2394,0,31222.0,0
4467,5893,2000-08,2394,0,31222.0,0
4467,5893,2000-09,2394,0,31222.0,0
4467,5893,2000-10,2394,0,31222.0,0
4467,5893,2000-11,2394,0,31222.0,0
4467,5893,2000-12,2394,0,31222.0,0
4467,5893,2001-01,2394,0,31222.0,0
4467,5893,2001-02,2394,0,31222.0,0
4467,5893,2001-03,2394,0,31222.0,0
4467,5893,2001-04,2394,0,31222.0,0
4467,5893,2001-05,2394,0,31222.0,0
4467,5893,2001-06,2394,0,31222.0,0
4467,5893,2001-07,2394,0,31222.0,0
4467,5893,2001-08,2394,0,31222.0,0
10613,7164,1998-09,5204,0,32527.4,0
10613,7164,1998-10,5204,0,35209.4,0
10613,7164,1998-11,5204,0,35491.8,0
10613,7164,1998-12,5204,0,40810.2,0
10613,7164,1999-01,5204,0,40810.2,0
10613,7164,1999-02,5204,0,40810.2,0
10613,7164,1999-03,5204,0,40810.2,0
10613,7164,1999-04,5204,0,40810.2,0
10613,7164,1999-05,5204,0,40810.2,0
10613,7164,1999-06,5204,0,40810.2,0
10613,7164,1999-07,5204,0,40810.2,0
10613,7164,1999-08,5204,0,40810.2,0
10613,7164,1999-09,5204,0,40810.2,0
10613,7164,1999-10,5204,0,40810.2,0
10613,7164,1999-11,5204,0,40810.2,0
10613,7164,1999-12,5204,0,40810.2,0
10613,7164,2000-01,5204,0,40810.2,0
10613,7164,2000-02,5204,0,40810.2,0
10613,7164,2000-03,5204,0,40810.2,0
10613,7164,2000-04,5204,0,40810.2,0
10613,7164,2000-05,5204,0,40810.2,0
10613,7164,2000-06,5204,0,40810.2,0
10613,7164,2000-07,5204,0,40810.2,0
10613,7164,2000-08,5204,0,40810.2,0
10613,7164,2000-09,5204,0,40810.2,0
10613,7164,2000-10,5204,0,40810.2,0
10613,7164,2000-11,5204,0,40810.2,0
10613,7164,2000-12,5204,0,40810.2,0
10613,7164,2001-01,5204,0,40810.2,0
10613,7164,2001-02,5204,0,40810.2,0
10613,7164,2001-03,5204,0,40810.2,0
10613,7164,2001-04,5204,0,40810.2,0
10613,7164,2001-05,5204,0,40810.2,0
10613,7164,2001-06,5204,0,40810.2,0
10613,7164,2001-07,5204,0,40810.2,0
10613,7164,2001-08,5204,0,40810.2,0
10613,7164,2001-09,5204,0,40810.2,0
10613,7164,2001-10,5204,0,40810.2,0
10613,7164,2001-11,5204,0,40810.2,0
10613,7164,2001-12,5204,0,40810.2,0
10613,7164,2002-01,5204,0,40810.2,0
10613,7164,2002-02,5204,0,40810.2,0
10613,7164,2002-03,5204,0,40810.2,0
10613,7164,2002-04,5204,0,40810.2,0
10613,7164,2002-05,5204,0,40810.2,0
10613,7164,2002-06,5204,0,40810.2,0
10613,7164,2002-07,5204,0,40810.2,0
10613,7164,2002-08,5204,0,40810.2,0
1718,5304,1998-09,7178,0,71742.8,0
1718,5304,1998-10,7178,0,67302.2,0
1718,5304,1998-11,7178,0,69873.9,0
1718,5304,1998-12,7178,0,112409.6,0
1718,5304,1999-01,7178,0,112409.6,0
1718,5304,1999-02,7178,0,112409.6,0
1718,5304,1999-03,7178,0,112409.6,0
1718,5304,1999-04,7178,0,112409.6,0
1718,5304,1999-05,7178,0,112409.6,0
1718,5304,1999-06,7178,0,112409.6,0
1718,5304,1999-07,7178,0,112409.6,0
1718,5304,1999-08,7178,0,112409.6,0
1718,5304,1999-09,7178,0,112409.6,0
1718,5304,1999-10,7178,0,112409.6,0
1718,5304,1999-11,7178,0,112409.6,0
1718,5304,1999-12,7178,0,112409.6,0
1718,5304,2000-01,7178,0,112409.6,0
1718,5304,2000-02,7178,0,112409.6,0
1718,5304,2000-03,7178,0,112409.6,0
1718,5304,2000-04,7178,0,112409.6,0
1718,5304,2000-05,7178,0,112409.6,0
1718,5304,2000-06,7178,0,112409.6,0
1718,5304,2000-07,7178,0,112409.6,0
1718,5304,2000-08,7178,0,112409.6,0
2910,5561,1998-09,7291,0,32253.4,0
2910,5561,1998-10,7291,0,33016.5,0
2910,5561,1998-11,7291,0,28080.4,0
2910,5561,1998-12,7291,0,42249.6,0
2910,5561,1999-01,7291,0,42249.6,0
2910,5561,1999-02,7291,0,42249.6,0
2910,5561,1999-03,7291,0,42249.6,0
2910,5561,1999-04,7291,0,42249.6,0
2910,5561,1999-05,7291,0,42249.6,0
2910,5561,1999-06,7291,0,42249.6,0
2910,5561,1999-07,7291,0,42249.6,0
2910,5561,1999-08,7291,0,42249.6,0
2910,5561,1999-09,7291,0,42249.6,0
2910,5561,1999-10,7291,0,42249.6,0
2910,5561,1999-11,7291,0,42249.6,0
2910,5561,1999-12,7291,0,42249.6,0
2910,5561,2000-01,7291,0,42249.6,0
2910,5561,2000-02,7291,0,42249.6,0
2910,5561,2000-03,7291,0,42249.6,0
2910,5561,2000-04,7291,0,42249.6,0
2910,5561,2000-05,7291,0,42249.6,0
2910,5561,2000-06,7291,0,42249.6,0
2910,5561,2000-07,7291,0,42249.6,0
2910,5561,2000-08,7291,0,42249.6,0
2910,5561,2000-09,7291,0,42249.6,0
2910,5561,2000-10,7291,0,42249.6,0
2910,5561,2000-11,7291,0,42249.6,0
2910,5561,2000-12,7291,0,42249.6,0
2910,5561,2001-01,7291,0,42249.6,0
2910,5561,2001-02,7291,0,42249.6,0
2910,5561,2001-03,7291,0,42249.6,0
2910,5561,2001-04,7291,0,42249.6,0
2910,5561,2001-05,7291,0,42249.6,0
2910,5561,2001-06,7291,0,42249.6,0
2910,5561,2001-07,7291,0,42249.6,0
2910,5561,2001-08,7291,0,42249.6,0
2910,5561,2001-09,7291,0,42249.6,0
2910,5561,2001-10,7291,0,42249.6,0
2910,5561,2001-11,7291,0,42249.6,0
2910,5561,2001-12,7291,0,42249.6,0
2910,5561,2002-01,7291,0,42249.6,0
2910,5561,2002-02,7291,0,42249.6,0
2910,5561,2002-03,7291,0,42249.6,0
2910,5561,2002-04,7291,0,42249.6,0
2910,5561,2002-05,7291,0,42249.6,0
2910,5561,2002-06,7291,0,42249.6,0
2910,5561,2002-07,7291,0,42249.6,0
2910,5561,2002-08,7291,0,42249.6,0
2910,5561,2002-09,7291,0,42249.6,0
2910,5561,2002-10,7291,0,42249.6,0
2910,5561,2002-11,7291,0,42249.6,0
2910,5561,2002-12,7291,0,42249.6,0
2910,5561,2003-01,7291,0,42249.6,0
2910,5561,2003-02,7291,0,42249.6,0
2910,5561,2003-03,7291,0,42249.6,0
2910,5561,2003-04,7291,0,42249.6,0
2910,5561,2003-05,7291,0,42249.6,0
2910,5561,2003-06,7291,0,42249.6,0
2910,5561,2003-07,7291,0,42249.6,0
2910,5561,2003-08,7291,0,42249.6,0
2699,5520,1998-09,4816,0,28897.9,0
2699,5520,1998-10,4816,0,50849.5,0
2699,5520,1998-11,4816,0,57953.5,0
2699,5520,1998-12,4816,0,52446.7,0
2699,5520,1999-01,4816,0,52446.7,0
2699,5520,1999-02,4816,0,52446.7,0
2699,5520,1999-03,4816,0,52446.7,0
2699,5520,1999-04,4816,0,52446.7,0
2699,5520,1999-05,4816,0,52446.7,0
2699,5520,1999-06,4816,0,52446.7,0
2699,5520,1999-07,4816,0,52446.7,0
2699,5520,1999-08,4816,0,52446.7,0
2699,5520,1999-09,4816,0,52446.7,0
2699,5520,1999-10,4816,0,52446.7,0
2699,5520,1999-11,4816,0,52446.7,0
2699,5520,1999-12,4816,0,52446.7,0
2699,5520,2000-01,4816,0,52446.7,0
2699,5520,2000-02,4816,0,52446.7,0
2699,5520,2000-03,4816,0,52446.7,0
2699,5520,2000-04,4816,0,52446.7,0
2699,5520,2000-05,4816,0,52446.7,0
2699,5520,2000-06,4816,0,52446.7,0
2699,5520,2000-07,4816,0,52446.7,0
2699,5520,2000-08,4816,0,52446.7,0
2699,5520,2000-09,4816,0,52446.7,0
2699,5520,2000-10,4816,0,52446.7,0
2699,5520,2000-11,4816,0,52446.7,0
2699,5520,2000-12,4816,0,52446.7,0
2699,5520,2001-01,4816,0,52446.7,0
2699,5520,2001-02,4816,0,52446.7,0
2699,5520,2001-03,4816,0,52446.7,0
2699,5520,2001-04,4816,0,52446.7,0
2699,5520,2001-05,4816,0,52446.7,0
2699,5520,2001-06,4816,0,52446.7,0
2699,5520,2001-07,4816,0,52446.7,0
2699,5520,2001-08,4816,0,52446.7,0
2699,5520,2001-09,4816,0,52446.7,0
2699,5520,2001-10,4816,0,52446.7,0
2699,5520,2001-11,4816,0,52446.7,0
2699,5520,2001-12,4816,0,52446.7,0
2699,5520,2002-01,4816,0,52446.7,0
2699,5520,2002-02,4816,0,52446.7,0
2699,5520,2002-03,4816,0,52446.7,0
2699,5520,2002-04,4816,0,52446.7,0
2699,5520,2002-05,4816,0,52446.7,0
2699,5520,2002-06,4816,0,52446.7,0
2699,5520,2002-07,4816,0,52446.7,0
2699,5520,2002-08,4816,0,52446.7,0
1389,5241,1998-10,5228,0,44755.0,0
1389,5241,1998-11,5228,0,52745.3,0
1389,5241,1998-12,5228,0,63132.5,0
1389,5241,1999-01,5228,0,63132.5,0
1389,5241,1999-02,5228,0,63132.5,0
1389,5241,1999-03,5228,0,63132.5,0
1389,5241,1999-04,5228,0,63132.5,0
1389,5241,1999-05,5228,0,63132.5,0
1389,5241,1999-06,5228,0,63132.5,0
1389,5241,1999-07,5228,0,63132.5,0
1389,5241,1999-08,5228,0,63132.5,0
1389,5241,1999-09,5228,0,63132.5,0
1389,5241,1999-10,5228,0,63132.5,0
1389,5241,1999-11,5228,0,63132.5,0
1389,5241,1999-12,5228,0,63132.5,0
1389,5241,2000-01,5228,0,63132.5,0
1389,5241,2000-02,5228,0,63132.5,0
1389,5241,2000-03,5228,0,63132.5,0
1389,5241,2000-04,5228,0,63132.5,0
1389,5241,2000-05,5228,0,63132.5,0
1389,5241,2000-06,5228,0,63132.5,0
1389,5241,2000-07,5228,0,63132.5,0
1389,5241,2000-08,5228,0,63132.5,0
1389,5241,2000-09,5228,0,63132.5,0
10257,7096,1998-10,3151,0,4841.3,0
10257,7096,1998-11,3151,0,43252.3,0
10257,7096,1998-12,3151,0,83199.6,0
10257,7096,1999-01,3151,0,83199.6,0
10257,7096,1999-02,3151,0,83199.6,0
10257,7096,1999-03,3151,0,83199.6,0
10257,7096,1999-04,3151,0,83199.6,0
10257,7096,1999-05,3151,0,83199.6,0
10257,7096,1999-06,3151,0,83199.6,0
10257,7096,1999-07,3151,0,83199.6,0
10257,7096,1999-08,3151,0,83199.6,0
10257,7096,1999-09,3151,0,83199.6,0
5283,6078,1998-10,3559,0,91217.1,0
5283,6078,1998-11,3559,0,97402.1,0
5283,6078,1998-12,3559,0,57825.4,0
5283,6078,1999-01,3559,0,57825.4,0
5283,6078,1999-02,3559,0,57825.4,0
5283,6078,1999-03,3559,0,57825.4,0
5283,6078,1999-04,3559,0,57825.4,0
5283,6078,1999-05,3559,0,57825.4,0
5283,6078,1999-06,3559,0,57825.4,0
5283,6078,1999-07,3559,0,57825.4,0
5283,6078,1999-08,3559,0,57825.4,0
5283,6078,1999-09,3559,0,57825.4,0
5283,6078,1999-10,3559,0,57825.4,0
5283,6078,1999-11,3559,0,57825.4,0
5283,6078,1999-12,3559,0,57825.4,0
5283,6078,2000-01,3559,0,57825.4,0
5283,6078,2000-02,3559,0,57825.4,0
5283,6078,2000-03,3559,0,57825.4,0
5283,6078,2000-04,3559,0,57825.4,0
5283,6078,2000-05,3559,0,57825.4,0
5283,6078,2000-06,3559,0,57825.4,0
5283,6078,2000-07,3559,0,57825.4,0
5283,6078,2000-08,3559,0,57825.4,0
5283,6078,2000-09,3559,0,57825.4,0
5283,6078,2000-10,3559,0,57825.4,0
5283,6078,2000-11,3559,0,57825.4,0
5283,6078,2000-12,3559,0,57825.4,0
5283,6078,2001-01,3559,0,57825.4,0
5283,6078,2001-02,3559,0,57825.4,0
5283,6078,2001-03,3559,0,57825.4,0
5283,6078,2001-04,3559,0,57825.4,0
5283,6078,2001-05,3559,0,57825.4,0
5283,6078,2001-06,3559,0,57825.4,0
5283,6078,2001-07,3559,0,57825.4,0
5283,6078,2001-08,3559,0,57825.4,0
5283,6078,2001-09,3559,0,57825.4,0
5283,6078,2001-10,3559,0,57825.4,0
5283,6078,2001-11,3559,0,57825.4,0
5283,6078,2001-12,3559,0,57825.4,0
5283,6078,2002-01,3559,0,57825.4,0
5283,6078,2002-02,3559,0,57825.4,0
5283,6078,2002-03,3559,0,57825.4,0
5283,6078,2002-04,3559,0,57825.4,0
5283,6078,2002-05,3559,0,57825.4,0
5283,6078,2002-06,3559,0,57825.4,0
5283,6078,2002-07,3559,0,57825.4,0
5283,6078,2002-08,3559,0,57825.4,0
5283,6078,2002-09,3559,0,57825.4,0
349,5046,1998-10,3568,0,18152.1,0
349,5046,1998-11,3568,0,16972.4,0
349,5046,1998-12,3568,0,16682.5,0
349,5046,1999-01,3568,0,16682.5,0
349,5046,1999-02,3568,0,16682.5,0
349,5046,1999-03,3568,0,16682.5,0
349,5046,1999-04,3568,0,16682.5,0
349,5046,1999-05,3568,0,16682.5,0
349,5046,1999-06,3568,0,16682.5,0
349,5046,1999-07,3568,0,16682.5,0
349,5046,1999-08,3568,0,16682.5,0
349,5046,1999-09,3568,0,16682.5,0
1876,5334,1998-10,8710,0,42656.4,0
1876,5334,1998-11,8710,0,42963.4,0
1876,5334,1998-12,8710,0,48903.0,0
1876,5334,1999-01,8710,0,48903.0,0
1876,5334,1999-02,8710,0,48903.0,0
1876,5334,1999-03,8710,0,48903.0,0
1876,5334,1999-04,8710,0,48903.0,0
1876,5334,1999-05,8710,0,48903.0,0
1876,5334,1999-06,8710,0,48903.0,0
1876,5334,1999-07,8710,0,48903.0,0
1876,5334,1999-08,8710,0,48903.0,0
1876,5334,1999-09,8710,0,48903.0,0
1876,5334,1999-10,8710,0,48903.0,0
1876,5334,1999-11,8710,0,48903.0,0
1876,5334,1999-12,8710,0,48903.0,0
1876,5334,2000-01,8710,0,48903.0,0
1876,5334,2000-02,8710,0,48903.0,0
1876,5334,2000-03,8710,0,48903.0,0
1876,5334,2000-04,8710,0,48903.0,0
1876,5334,2000-05,8710,0,48903.0,0
1876,5334,2000-06,8710,0,48903.0,0
1876,5334,2000-07,8710,0,48903.0,0
1876,5334,2000-08,8710,0,48903.0,0
1876,5334,2000-09,8710,0,48903.0,0
9673,6969,1998-10,2450,0,52214.4,0
9673,6969,1998-11,2450,0,53620.4,0
9673,6969,1998-12,2450,0,38854.0,0
9673,6969,1999-01,2450,0,38854.0,0
9673,6969,1999-02,2450,0,38854.0,0
9673,6969,1999-03,2450,0,38854.0,0
9673,6969,1999-04,2450,0,38854.0,0
9673,6969,1999-05,2450,0,38854.0,0
9673,6969,1999-06,2450,0,38854.0,0
9673,6969,1999-07,2450,0,38854.0,0
9673,6969,1999-08,2450,0,38854.0,0
9673,6969,1999-09,2450,0,38854.0,0
9673,6969,1999-10,2450,0,38854.0,0
9673,6969,1999-11,2450,0,38854.0,0
9673,6969,1999-12,2450,0,38854.0,0
9673,6969,2000-01,2450,0,38854.0,0
9673,6969,2000-02,2450,0,38854.0,0
9673,6969,2000-03,2450,0,38854.0,0
9673,6969,2000-04,2450,0,38854.0,0
9673,6969,2000-05,2450,0,38854.0,0
9673,6969,2000-06,2450,0,38854.0,0
9673,6969,2000-07,2450,0,38854.0,0
9673,6969,2000-08,2450,0,38854.0,0
9673,6969,2000-09,2450,0,38854.0,0
9673,6969,2000-10,2450,0,38854.0,0
9673,6969,2000-11,2450,0,38854.0,0
9673,6969,2000-12,2450,0,38854.0,0
9673,6969,2001-01,2450,0,38854.0,0
9673,6969,2001-02,2450,0,38854.0,0
9673,6969,2001-03,2450,0,38854.0,0
9673,6969,2001-04,2450,0,38854.0,0
9673,6969,2001-05,2450,0,38854.0,0
9673,6969,2001-06,2450,0,38854.0,0
9673,6969,2001-07,2450,0,38854.0,0
9673,6969,2001-08,2450,0,38854.0,0
9673,6969,2001-09,2450,0,38854.0,0
9037,6821,1998-10,6707,0,57034.1,0
9037,6821,1998-11,6707,0,55816.9,0
9037,6821,1998-12,6707,0,58020.2,0
9037,6821,1999-01,6707,0,58020.2,0
9037,6821,1999-02,6707,0,58020.2,0
9037,6821,1999-03,6707,0,58020.2,0
9037,6821,1999-04,6707,0,58020.2,0
9037,6821,1999-05,6707,0,58020.2,0
9037,6821,1999-06,6707,0,58020.2,0
9037,6821,1999-07,6707,0,58020.2,0
9037,6821,1999-08,6707,0,58020.2,0
9037,6821,1999-09,6707,0,58020.2,0
9037,6821,1999-10,6707,0,58020.2,0
9037,6821,1999-11,6707,0,58020.2,0
9037,6821,1999-12,6707,0,58020.2,0
9037,6821,2000-01,6707,0,58020.2,0
9037,6821,2000-02,6707,0,58020.2,0
9037,6821,2000-03,6707,0,58020.2,0
9037,6821,2000-04,6707,0,58020.2,0
9037,6821,2000-05,6707,0,58020.2,0
9037,6821,2000-06,6707,0,58020.2,0
9037,6821,2000-07,6707,0,58020.2,0
9037,6821,2000-08,6707,0,58020.2,0
9037,6821,2000-09,6707,0,58020.2,0
9037,6821,2000-10,6707,0,58020.2,0
9037,6821,2000-11,6707,0,58020.2,0
9037,6821,2000-12,6707,0,58020.2,0
9037,6821,2001-01,6707,0,58020.2,0
9037,6821,2001-02,6707,0,58020.2,0
9037,6821,2001-03,6707,0,58020.2,0
9037,6821,2001-04,6707,0,58020.2,0
9037,6821,2001-05,6707,0,58020.2,0
9037,6821,2001-06,6707,0,58020.2,0
9037,6821,2001-07,6707,0,58020.2,0
9037,6821,2001-08,6707,0,58020.2,0
9037,6821,2001-09,6707,0,58020.2,0
9037,6821,2001-10,6707,0,58020.2,0
9037,6821,2001-11,6707,0,58020.2,0
9037,6821,2001-12,6707,0,58020.2,0
9037,6821,2002-01,6707,0,58020.2,0
9037,6821,2002-02,6707,0,58020.2,0
9037,6821,2002-03,6707,0,58020.2,0
9037,6821,2002-04,6707,0,58020.2,0
9037,6821,2002-05,6707,0,58020.2,0
9037,6821,2002-06,6707,0,58020.2,0
9037,6821,2002-07,6707,0,58020.2,0
9037,6821,2002-08,6707,0,58020.2,0
9037,6821,2002-09,6707,0,58020.2,0
3862,5760,1998-10,2081,0,76988.6,0
3862,5760,1998-11,2081,0,47531.6,0
3862,5760,1998-12,2081,0,56200.1,0
3862,5760,1999-01,2081,0,56200.1,0
3862,5760,1999-02,2081,0,56200.1,0
3862,5760,1999-03,2081,0,56200.1,0
3862,5760,1999-04,2081,0,56200.1,0
3862,5760,1999-05,2081,0,56200.1,0
3862,5760,1999-06,2081,0,56200.1,0
3862,5760,1999-07,2081,0,56200.1,0
3862,5760,1999-08,2081,0,56200.1,0
3862,5760,1999-09,2081,0,56200.1,0
3862,5760,1999-10,2081,0,56200.1,0
3862,5760,1999-11,2081,0,56200.1,0
3862,5760,1999-12,2081,0,56200.1,0
3862,5760,2000-01,2081,0,56200.1,0
3862,5760,2000-02,2081,0,56200.1,0
3862,5760,2000-03,2081,0,56200.1,0
3862,5760,2000-04,2081,0,56200.1,0
3862,5760,2000-05,2081,0,56200.1,0
3862,5760,2000-06,2081,0,56200.1,0
3862,5760,2000-07,2081,0,56200.1,0
3862,5760,2000-08,2081,0,56200.1,0
3862,5760,2000-09,2081,0,56200.1,0
3862,5760,2000-10,2081,0,56200.1,0
3862,5760,2000-11,2081,0,56200.1,0
3862,5760,2000-12,2081,0,56200.1,0
3862,5760,2001-01,2081,0,56200.1,0
3862,5760,2001-02,2081,0,56200.1,0
3862,5760,2001-03,2081,0,56200.1,0
3862,5760,2001-04,2081,0,56200.1,0
3862,5760,2001-05,2081,0,56200.1,0
3862,5760,2001-06,2081,0,56200.1,0
3862,5760,2001-07,2081,0,56200.1,0
3862,5760,2001-08,2081,0,56200.1,0
3862,5760,2001-09,2081,0,56200.1,0
3137,5614,1998-10,4226,0,38856.4,0
3137,5614,1998-11,4226,0,36860.7,0
3137,5614,1998-12,4226,0,50782.2,0
3137,5614,1999-01,4226,0,50782.2,0
3137,5614,1999-02,4226,0,50782.2,0
3137,5614,1999-03,4226,0,50782.2,0
3137,5614,1999-04,4226,0,50782.2,0
3137,5614,1999-05,4226,0,50782.2,0
3137,5614,1999-06,4226,0,50782.2,0
3137,5614,1999-07,4226,0,50782.2,0
3137,5614,1999-08,4226,0,50782.2,0
3137,5614,1999-09,4226,0,50782.2,0
3137,5614,1999-10,4226,0,50782.2,0
3137,5614,1999-11,4226,0,50782.2,0
3137,5614,1999-12,4226,0,50782.2,0
3137,5614,2000-01,4226,0,50782.2,0
3137,5614,2000-02,4226,0,50782.2,0
3137,5614,2000-03,4226,0,50782.2,0
3137,5614,2000-04,4226,0,50782.2,0
3137,5614,2000-05,4226,0,50782.2,0
3137,5614,2000-06,4226,0,50782.2,0
3137,5614,2000-07,4226,0,50782.2,0
3137,5614,2000-08,4226,0,50782.2,0
3137,5614,2000-09,4226,0,50782.2,0
3137,5614,2000-10,4226,0,50782.2,0
3137,5614,2000-11,4226,0,50782.2,0
3137,5614,2000-12,4226,0,50782.2,0
3137,5614,2001-01,4226,0,50782.2,0
3137,5614,2001-02,4226,0,50782.2,0
3137,5614,2001-03,4226,0,50782.2,0
3137,5614,2001-04,4226,0,50782.2,0
3137,5614,2001-05,4226,0,50782.2,0
3137,5614,2001-06,4226,0,50782.2,0
3137,5614,2001-07,4226,0,50782.2,0
3137,5614,2001-08,4226,0,50782.2,0
3137,5614,2001-09,4226,0,50782.2,0
3137,5614,2001-10,4226,0,50782.2,0
3137,5614,2001-11,4226,0,50782.2,0
3137,5614,2001-12,4226,0,50782.2,0
3137,5614,2002-01,4226,0,50782.2,0
3137,5614,2002-02,4226,0,50782.2,0
3137,5614,2002-03,4226,0,50782.2,0
3137,5614,2002-04,4226,0,50782.2,0
3137,5614,2002-05,4226,0,50782.2,0
3137,5614,2002-06,4226,0,50782.2,0
3137,5614,2002-07,4226,0,50782.2,0
3137,5614,2002-08,4226,0,50782.2,0
3137,5614,2002-09,4226,0,50782.2,0
3137,5614,2002-10,4226,0,50782.2,0
3137,5614,2002-11,4226,0,50782.2,0
3137,5614,2002-12,4226,0,50782.2,0
3137,5614,2003-01,4226,0,50782.2,0
3137,5614,2003-02,4226,0,50782.2,0
3137,5614,2003-03,4226,0,50782.2,0
3137,5614,2003-04,4226,0,50782.2,0
3137,5614,2003-05,4226,0,50782.2,0
3137,5614,2003-06,4226,0,50782.2,0
3137,5614,2003-07,4226,0,50782.2,0
3137,5614,2003-08,4226,0,50782.2,0
3137,5614,2003-09,4226,0,50782.2,0
10243,7091,1998-10,3151,0,25408.8,0
10243,7091,1998-11,3151,0,51166.3,0
10243,7091,1998-12,3151,0,45860.1,0
10243,7091,1999-01,3151,0,45860.1,0
10243,7091,1999-02,3151,0,45860.1,0
10243,7091,1999-03,3151,0,45860.1,0
10243,7091,1999-04,3151,0,45860.1,0
10243,7091,1999-05,3151,0,45860.1,0
10243,7091,1999-06,3151,0,45860.1,0
10243,7091,1999-07,3151,0,45860.1,0
10243,7091,1999-08,3151,0,45860.1,0
10243,7091,1999-09,3151,0,45860.1,0
10243,7091,1999-10,3151,0,45860.1,0
10243,7091,1999-11,3151,0,45860.1,0
10243,7091,1999-12,3151,0,45860.1,0
10243,7091,2000-01,3151,0,45860.1,0
10243,7091,2000-02,3151,0,45860.1,0
10243,7091,2000-03,3151,0,45860.1,0
10243,7091,2000-04,3151,0,45860.1,0
10243,7091,2000-05,3151,0,45860.1,0
10243,7091,2000-06,3151,0,45860.1,0
10243,7091,2000-07,3151,0,45860.1,0
10243,7091,2000-08,3151,0,45860.1,0
10243,7091,2000-09,3151,0,45860.1,0
10243,7091,2000-10,3151,0,45860.1,0
10243,7091,2000-11,3151,0,45860.1,0
10243,7091,2000-12,3151,0,45860.1,0
10243,7091,2001-01,3151,0,45860.1,0
10243,7091,2001-02,3151,0,45860.1,0
10243,7091,2001-03,3151,0,45860.1,0
10243,7091,2001-04,3151,0,45860.1,0
10243,7091,2001-05,3151,0,45860.1,0
10243,7091,2001-06,3151,0,45860.1,0
10243,7091,2001-07,3151,0,45860.1,0
10243,7091,2001-08,3151,0,45860.1,0
10243,7091,2001-09,3151,0,45860.1,0
3556,5698,1998-10,2914,0,24691.6,0
3556,5698,1998-11,2914,0,29355.1,0
3556,5698,1998-12,2914,0,22495.7,0
3556,5698,1999-01,2914,0,22495.7,0
3556,5698,1999-02,2914,0,22495.7,0
3556,5698,1999-03,2914,0,22495.7,0
3556,5698,1999-04,2914,0,22495.7,0
3556,5698,1999-05,2914,0,22495.7,0
3556,5698,1999-06,2914,0,22495.7,0
3556,5698,1999-07,2914,0,22495.7,0
3556,5698,1999-08,2914,0,22495.7,0
3556,5698,1999-09,2914,0,22495.7,0
3556,5698,1999-10,2914,0,22495.7,0
3556,5698,1999-11,2914,0,22495.7,0
3556,5698,1999-12,2914,0,22495.7,0
3556,5698,2000-01,2914,0,22495.7,0
3556,5698,2000-02,2914,0,22495.7,0
3556,5698,2000-03,2914,0,22495.7,0
3556,5698,2000-04,2914,0,22495.7,0
3556,5698,2000-05,2914,0,22495.7,0
3556,5698,2000-06,2914,0,22495.7,0
3556,5698,2000-07,2914,0,22495.7,0
3556,5698,2000-08,2914,0,22495.7,0
3556,5698,2000-09,2914,0,22495.7,0
3556,5698,2000-10,2914,0,22495.7,0
3556,5698,2000-11,2914,0,22495.7,0
3556,5698,2000-12,2914,0,22495.7,0
3556,5698,2001-01,2914,0,22495.7,0
3556,5698,2001-02,2914,0,22495.7,0
3556,5698,2001-03,2914,0,22495.7,0
3556,5698,2001-04,2914,0,22495.7,0
3556,5698,2001-05,2914,0,22495.7,0
3556,5698,2001-06,2914,0,22495.7,0
3556,5698,2001-07,2914,0,22495.7,0
3556,5698,2001-08,2914,0,22495.7,0
3556,5698,2001-09,2914,0,22495.7,0
3556,5698,2001-10,2914,0,22495.7,0
3556,5698,2001-11,2914,0,22495.7,0
3556,5698,2001-12,2914,0,22495.7,0
3556,5698,2002-01,2914,0,22495.7,0
3556,5698,2002-02,2914,0,22495.7,0
3556,5698,2002-03,2914,0,22495.7,0
3556,5698,2002-04,2914,0,22495.7,0
3556,5698,2002-05,2914,0,22495.7,0
3556,5698,2002-06,2914,0,22495.7,0
3556,5698,2002-07,2914,0,22495.7,0
3556,5698,2002-08,2914,0,22495.7,0
3556,5698,2002-09,2914,0,22495.7,0
3556,5698,2002-10,2914,0,22495.7,0
3556,5698,2002-11,2914,0,22495.7,0
3556,5698,2002-12,2914,0,22495.7,0
3556,5698,2003-01,2914,0,22495.7,0
3556,5698,2003-02,2914,0,22495.7,0
3556,5698,2003-03,2914,0,22495.7,0
3556,5698,2003-04,2914,0,22495.7,0
3556,5698,2003-05,2914,0,22495.7,0
3556,5698,2003-06,2914,0,22495.7,0
3556,5698,2003-07,2914,0,22495.7,0
3556,5698,2003-08,2914,0,22495.7,0
3556,5698,2003-09,2914,0,22495.7,0
1068,5169,1998-10,4220,0,40837.2,0
1068,5169,1998-11,4220,0,28362.3,0
1068,5169,1998-12,4220,0,30116.5,0
1068,5169,1999-01,4220,0,30116.5,0
1068,5169,1999-02,4220,0,30116.5,0
1068,5169,1999-03,4220,0,30116.5,0
1068,5169,1999-04,4220,0,30116.5,0
1068,5169,1999-05,4220,0,30116.5,0
1068,5169,1999-06,4220,0,30116.5,0
1068,5169,1999-07,4220,0,30116.5,0
1068,5169,1999-08,4220,0,30116.5,0
1068,5169,1999-09,4220,0,30116.5,0
1068,5169,1999-10,4220,0,30116.5,0
1068,5169,1999-11,4220,0,30116.5,0
1068,5169,1999-12,4220,0,30116.5,0
1068,5169,2000-01,4220,0,30116.5,0
1068,5169,2000-02,4220,0,30116.5,0
1068,5169,2000-03,4220,0,30116.5,0
1068,5169,2000-04,4220,0,30116.5,0
1068,5169,2000-05,4220,0,30116.5,0
1068,5169,2000-06,4220,0,30116.5,0
1068,5169,2000-07,4220,0,30116.5,0
1068,5169,2000-08,4220,0,30116.5,0
1068,5169,2000-09,4220,0,30116.5,0
1068,5169,2000-10,4220,0,30116.5,0
1068,5169,2000-11,4220,0,30116.5,0
1068,5169,2000-12,4220,0,30116.5,0
1068,5169,2001-01,4220,0,30116.5,0
1068,5169,2001-02,4220,0,30116.5,0
1068,5169,2001-03,4220,0,30116.5,0
1068,5169,2001-04,4220,0,30116.5,0
1068,5169,2001-05,4220,0,30116.5,0
1068,5169,2001-06,4220,0,30116.5,0
1068,5169,2001-07,4220,0,30116.5,0
1068,5169,2001-08,4220,0,30116.5,0
1068,5169,2001-09,4220,0,30116.5,0
1068,5169,2001-10,4220,0,30116.5,0
1068,5169,2001-11,4220,0,30116.5,0
1068,5169,2001-12,4220,0,30116.5,0
1068,5169,2002-01,4220,0,30116.5,0
1068,5169,2002-02,4220,0,30116.5,0
1068,5169,2002-03,4220,0,30116.5,0
1068,5169,2002-04,4220,0,30116.5,0
1068,5169,2002-05,4220,0,30116.5,0
1068,5169,2002-06,4220,0,30116.5,0
1068,5169,2002-07,4220,0,30116.5,0
1068,5169,2002-08,4220,0,30116.5,0
1068,5169,2002-09,4220,0,30116.5,0
1068,5169,2002-10,4220,0,30116.5,0
1068,5169,2002-11,4220,0,30116.5,0
1068,5169,2002-12,4220,0,30116.5,0
1068,5169,2003-01,4220,0,30116.5,0
1068,5169,2003-02,4220,0,30116.5,0
1068,5169,2003-03,4220,0,30116.5,0
1068,5169,2003-04,4220,0,30116.5,0
1068,5169,2003-05,4220,0,30116.5,0
1068,5169,2003-06,4220,0,30116.5,0
1068,5169,2003-07,4220,0,30116.5,0
1068,5169,2003-08,4220,0,30116.5,0
1068,5169,2003-09,4220,0,30116.5,0
11327,7294,1998-10,1632,0,66305.0,0
11327,7294,1998-11,1632,0,65736.6,0
11327,7294,1998-12,1632,0,77352.8,0
11327,7294,1999-01,1632,0,77352.8,0
11327,7294,1999-02,1632,0,77352.8,0
11327,7294,1999-03,1632,0,77352.8,0
11327,7294,1999-04,1632,0,77352.8,0
11327,7294,1999-05,1632,0,77352.8,0
11327,7294,1999-06,1632,0,77352.8,0
11327,7294,1999-07,1632,0,77352.8,0
11327,7294,1999-08,1632,0,77352.8,0
11327,7294,1999-09,1632,0,77352.8,0
11327,7294,1999-10,1632,0,77352.8,0
11327,7294,1999-11,1632,0,77352.8,0
11327,7294,1999-12,1632,0,77352.8,0
11327,7294,2000-01,1632,0,77352.8,0
11327,7294,2000-02,1632,0,77352.8,0
11327,7294,2000-03,1632,0,77352.8,0
11327,7294,2000-04,1632,0,77352.8,0
11327,7294,2000-05,1632,0,77352.8,0
11327,7294,2000-06,1632,0,77352.8,0
11327,7294,2000-07,1632,0,77352.8,0
11327,7294,2000-08,1632,0,77352.8,0
11327,7294,2000-09,1632,0,77352.8,0
1808,5318,1998-10,8033,0,72444.1,0
1808,5318,1998-11,8033,0,65077.0,0
1808,5318,1998-12,8033,0,47885.8,0
1808,5318,1999-01,8033,0,47885.8,0
1808,5318,1999-02,8033,0,47885.8,0
1808,5318,1999-03,8033,0,47885.8,0
1808,5318,1999-04,8033,0,47885.8,0
1808,5318,1999-05,8033,0,47885.8,0
1808,5318,1999-06,8033,0,47885.8,0
1808,5318,1999-07,8033,0,47885.8,0
1808,5318,1999-08,8033,0,47885.8,0
1808,5318,1999-09,8033,0,47885.8,0
1808,5318,1999-10,8033,0,47885.8,0
1808,5318,1999-11,8033,0,47885.8,0
1808,5318,1999-12,8033,0,47885.8,0
1808,5318,2000-01,8033,0,47885.8,0
1808,5318,2000-02,8033,0,47885.8,0
1808,5318,2000-03,8033,0,47885.8,0
1808,5318,2000-04,8033,0,47885.8,0
1808,5318,2000-05,8033,0,47885.8,0
1808,5318,2000-06,8033,0,47885.8,0
1808,5318,2000-07,8033,0,47885.8,0
1808,5318,2000-08,8033,0,47885.8,0
1808,5318,2000-09,8033,0,47885.8,0
1808,5318,2000-10,8033,0,47885.8,0
1808,5318,2000-11,8033,0,47885.8,0
1808,5318,2000-12,8033,0,47885.8,0
1808,5318,2001-01,8033,0,47885.8,0
1808,5318,2001-02,8033,0,47885.8,0
1808,5318,2001-03,8033,0,47885.8,0
1808,5318,2001-04,8033,0,47885.8,0
1808,5318,2001-05,8033,0,47885.8,0
1808,5318,2001-06,8033,0,47885.8,0
1808,5318,2001-07,8033,0,47885.8,0
1808,5318,2001-08,8033,0,47885.8,0
1808,5318,2001-09,8033,0,47885.8,0
1808,5318,2001-10,8033,0,47885.8,0
1808,5318,2001-11,8033,0,47885.8,0
1808,5318,2001-12,8033,0,47885.8,0
1808,5318,2002-01,8033,0,47885.8,0
1808,5318,2002-02,8033,0,47885.8,0
1808,5318,2002-03,8033,0,47885.8,0
1808,5318,2002-04,8033,0,47885.8,0
1808,5318,2002-05,8033,0,47885.8,0
1808,5318,2002-06,8033,0,47885.8,0
1808,5318,2002-07,8033,0,47885.8,0
1808,5318,2002-08,8033,0,47885.8,0
1808,5318,2002-09,8033,0,47885.8,0
2073,5368,1998-11,1860,0,33657.6,0
2073,5368,1998-12,1860,0,36891.5,0
2073,5368,1999-01,1860,0,36891.5,0
2073,5368,1999-02,1860,0,36891.5,0
2073,5368,1999-03,1860,0,36891.5,0
2073,5368,1999-04,1860,0,36891.5,0
2073,5368,1999-05,1860,0,36891.5,0
2073,5368,1999-06,1860,0,36891.5,0
2073,5368,1999-07,1860,0,36891.5,0
2073,5368,1999-08,1860,0,36891.5,0
2073,5368,1999-09,1860,0,36891.5,0
2073,5368,1999-10,1860,0,36891.5,0
2073,5368,1999-11,1860,0,36891.5,0
2073,5368,1999-12,1860,0,36891.5,0
2073,5368,2000-01,1860,0,36891.5,0
2073,5368,2000-02,1860,0,36891.5,0
2073,5368,2000-03,1860,0,36891.5,0
2073,5368,2000-04,1860,0,36891.5,0
2073,5368,2000-05,1860,0,36891.5,0
2073,5368,2000-06,1860,0,36891.5,0
2073,5368,2000-07,1860,0,36891.5,0
2073,5368,2000-08,1860,0,36891.5,0
2073,5368,2000-09,1860,0,36891.5,0
2073,5368,2000-10,1860,0,36891.5,0
9433,6923,1998-11,1860,0,32444.4,0
9433,6923,1998-12,1860,0,35673.3,0
9433,6923,1999-01,1860,0,35673.3,0
9433,6923,1999-02,1860,0,35673.3,0
9433,6923,1999-03,1860,0,35673.3,0
9433,6923,1999-04,1860,0,35673.3,0
9433,6923,1999-05,1860,0,35673.3,0
9433,6923,1999-06,1860,0,35673.3,0
9433,6923,1999-07,1860,0,35673.3,0
9433,6923,1999-08,1860,0,35673.3,0
9433,6923,1999-09,1860,0,35673.3,0
9433,6923,1999-10,1860,0,35673.3,0
9433,6923,1999-11,1860,0,35673.3,0
9433,6923,1999-12,1860,0,35673.3,0
9433,6923,2000-01,1860,0,35673.3,0
9433,6923,2000-02,1860,0,35673.3,0
9433,6923,2000-03,1860,0,35673.3,0
9433,6923,2000-04,1860,0,35673.3,0
9433,6923,2000-05,1860,0,35673.3,0
9433,6923,2000-06,1860,0,35673.3,0
9433,6923,2000-07,1860,0,35673.3,0
9433,6923,2000-08,1860,0,35673.3,0
9433,6923,2000-09,1860,0,35673.3,0
9433,6923,2000-10,1860,0,35673.3,0
2413,5463,1998-11,1496,0,33901.7,0
2413,5463,1998-12,1496,0,43982.5,0
2413,5463,1999-01,1496,0,43982.5,0
2413,5463,1999-02,1496,0,43982.5,0
2413,5463,1999-03,1496,0,43982.5,0
2413,5463,1999-04,1496,0,43982.5,0
2413,5463,1999-05,1496,0,43982.5,0
2413,5463,1999-06,1496,0,43982.5,0
2413,5463,1999-07,1496,0,43982.5,0
2413,5463,1999-08,1496,0,43982.5,0
2413,5463,1999-09,1496,0,43982.5,0
2413,5463,1999-10,1496,0,43982.5,0
1498,5265,1998-11,2763,0,32566.0,0
1498,5265,1998-12,2763,0,68657.7,0
1498,5265,1999-01,2763,0,68657.7,0
1498,5265,1999-02,2763,0,68657.7,0
1498,5265,1999-03,2763,0,68657.7,0
1498,5265,1999-04,2763,0,68657.7,0
1498,5265,1999-05,2763,0,68657.7,0
1498,5265,1999-06,2763,0,68657.7,0
1498,5265,1999-07,2763,0,68657.7,0
1498,5265,1999-08,2763,0,68657.7,0
1498,5265,1999-09,2763,0,68657.7,0
1498,5265,1999-10,2763,0,68657.7,0
1498,5265,1999-11,2763,0,68657.7,0
1498,5265,1999-12,2763,0,68657.7,0
1498,5265,2000-01,2763,0,68657.7,0
1498,5265,2000-02,2763,0,68657.7,0
1498,5265,2000-03,2763,0,68657.7,0
1498,5265,2000-04,2763,0,68657.7,0
1498,5265,2000-05,2763,0,68657.7,0
1498,5265,2000-06,2763,0,68657.7,0
1498,5265,2000-07,2763,0,68657.7,0
1498,5265,2000-08,2763,0,68657.7,0
1498,5265,2000-09,2763,0,68657.7,0
1498,5265,2000-10,2763,0,68657.7,0
1498,5265,2000-11,2763,0,68657.7,0
1498,5265,2000-12,2763,0,68657.7,0
1498,5265,2001-01,2763,0,68657.7,0
1498,5265,2001-02,2763,0,68657.7,0
1498,5265,2001-03,2763,0,68657.7,0
1498,5265,2001-04,2763,0,68657.7,0
1498,5265,2001-05,2763,0,68657.7,0
1498,5265,2001-06,2763,0,68657.7,0
1498,5265,2001-07,2763,0,68657.7,0
1498,5265,2001-08,2763,0,68657.7,0
1498,5265,2001-09,2763,0,68657.7,0
1498,5265,2001-10,2763,0,68657.7,0
1498,5265,2001-11,2763,0,68657.7,0
1498,5265,2001-12,2763,0,68657.7,0
1498,5265,2002-01,2763,0,68657.7,0
1498,5265,2002-02,2763,0,68657.7,0
1498,5265,2002-03,2763,0,68657.7,0
1498,5265,2002-04,2763,0,68657.7,0
1498,5265,2002-05,2763,0,68657.7,0
1498,5265,2002-06,2763,0,68657.7,0
1498,5265,2002-07,2763,0,68657.7,0
1498,5265,2002-08,2763,0,68657.7,0
1498,5265,2002-09,2763,0,68657.7,0
1498,5265,2002-10,2763,0,68657.7,0
1498,5265,2002-11,2763,0,68657.7,0
1498,5265,2002-12,2763,0,68657.7,0
1498,5265,2003-01,2763,0,68657.7,0
1498,5265,2003-02,2763,0,68657.7,0
1498,5265,2003-03,2763,0,68657.7,0
1498,5265,2003-04,2763,0,68657.7,0
1498,5265,2003-05,2763,0,68657.7,0
1498,5265,2003-06,2763,0,68657.7,0
1498,5265,2003-07,2763,0,68657.7,0
1498,5265,2003-08,2763,0,68657.7,0
1498,5265,2003-09,2763,0,68657.7,0
1498,5265,2003-10,2763,0,68657.7,0
6505,6321,1998-11,3208,0,59971.0,0
6505,6321,1998-12,3208,0,39932.5,0
6505,6321,1999-01,3208,0,39932.5,0
6505,6321,1999-02,3208,0,39932.5,0
6505,6321,1999-03,3208,0,39932.5,0
6505,6321,1999-04,3208,0,39932.5,0
6505,6321,1999-05,3208,0,39932.5,0
6505,6321,1999-06,3208,0,39932.5,0
6505,6321,1999-07,3208,0,39932.5,0
6505,6321,1999-08,3208,0,39932.5,0
6505,6321,1999-09,3208,0,39932.5,0
6505,6321,1999-10,3208,0,39932.5,0
1318,5226,1998-11,5154,0,12222.5,0
1318,5226,1998-12,5154,0,34196.7,0
1318,5226,1999-01,5154,0,34196.7,0
1318,5226,1999-02,5154,0,34196.7,0
1318,5226,1999-03,5154,0,34196.7,0
1318,5226,1999-04,5154,0,34196.7,0
1318,5226,1999-05,5154,0,34196.7,0
1318,5226,1999-06,5154,0,34196.7,0
1318,5226,1999-07,5154,0,34196.7,0
1318,5226,1999-08,5154,0,34196.7,0
1318,5226,1999-09,5154,0,34196.7,0
1318,5226,1999-10,5154,0,34196.7,0
1318,5226,1999-11,5154,0,34196.7,0
1318,5226,1999-12,5154,0,34196.7,0
1318,5226,2000-01,5154,0,34196.7,0
1318,5226,2000-02,5154,0,34196.7,0
1318,5226,2000-03,5154,0,34196.7,0
1318,5226,2000-04,5154,0,34196.7,0
1318,5226,2000-05,5154,0,34196.7,0
1318,5226,2000-06,5154,0,34196.7,0
1318,5226,2000-07,5154,0,34196.7,0
1318,5226,2000-08,5154,0,34196.7,0
1318,5226,2000-09,5154,0,34196.7,0
1318,5226,2000-10,5154,0,34196.7,0
1318,5226,2000-11,5154,0,34196.7,0
1318,5226,2000-12,5154,0,34196.7,0
1318,5226,2001-01,5154,0,34196.7,0
1318,5226,2001-02,5154,0,34196.7,0
1318,5226,2001-03,5154,0,34196.7,0
1318,5226,2001-04,5154,0,34196.7,0
1318,5226,2001-05,5154,0,34196.7,0
1318,5226,2001-06,5154,0,34196.7,0
1318,5226,2001-07,5154,0,34196.7,0
1318,5226,2001-08,5154,0,34196.7,0
1318,5226,2001-09,5154,0,34196.7,0
1318,5226,2001-10,5154,0,34196.7,0
9208,6868,1998-11,3422,0,18146.2,0
9208,6868,1998-12,3422,0,27011.4,0
9208,6868,1999-01,3422,0,27011.4,0
9208,6868,1999-02,3422,0,27011.4,0
9208,6868,1999-03,3422,0,27011.4,0
9208,6868,1999-04,3422,0,27011.4,0
9208,6868,1999-05,3422,0,27011.4,0
9208,6868,1999-06,3422,0,27011.4,0
9208,6868,1999-07,3422,0,27011.4,0
9208,6868,1999-08,3422,0,27011.4,0
9208,6868,1999-09,3422,0,27011.4,0
9208,6868,1999-10,3422,0,27011.4,0
9208,6868,1999-11,3422,0,27011.4,0
9208,6868,1999-12,3422,0,27011.4,0
9208,6868,2000-01,3422,0,27011.4,0
9208,6868,2000-02,3422,0,27011.4,0
9208,6868,2000-03,3422,0,27011.4,0
9208,6868,2000-04,3422,0,27011.4,0
9208,6868,2000-05,3422,0,27011.4,0
9208,6868,2000-06,3422,0,27011.4,0
9208,6868,2000-07,3422,0,27011.4,0
9208,6868,2000-08,3422,0,27011.4,0
9208,6868,2000-09,3422,0,27011.4,0
9208,6868,2000-10,3422,0,27011.4,0
37,4967,1998-11,5308,1,6177.9,0
37,4967,1998-12,5308,1,45904.5,0
37,4967,1999-01,5308,1,45904.5,0
37,4967,1999-02,5308,1,45904.5,0
37,4967,1999-03,5308,1,45904.5,0
37,4967,1999-04,5308,1,45904.5,0
37,4967,1999-05,5308,1,45904.5,0
37,4967,1999-06,5308,1,45904.5,0
37,4967,1999-07,5308,1,45904.5,0
37,4967,1999-08,5308,1,45904.5,0
37,4967,1999-09,5308,1,45904.5,0
37,4967,1999-10,5308,1,45904.5,0
37,4967,1999-11,5308,1,45904.5,0
37,4967,1999-12,5308,1,45904.5,0
37,4967,2000-01,5308,1,45904.5,0
37,4967,2000-02,5308,1,45904.5,0
37,4967,2000-03,5308,1,45904.5,0
37,4967,2000-04,5308,1,45904.5,0
37,4967,2000-05,5308,1,45904.5,0
37,4967,2000-06,5308,1,45904.5,0
37,4967,2000-07,5308,1,45904.5,0
37,4967,2000-08,5308,1,45904.5,0
37,4967,2000-09,5308,1,45904.5,0
37,4967,2000-10,5308,1,45904.5,0
37,4967,2000-11,5308,1,45904.5,0
37,4967,2000-12,5308,1,45904.5,0
37,4967,2001-01,5308,1,45904.5,0
37,4967,2001-02,5308,1,45904.5,0
37,4967,2001-03,5308,1,45904.5,0
37,4967,2001-04,5308,1,45904.5,0
37,4967,2001-05,5308,1,45904.5,0
37,4967,2001-06,5308,1,45904.5,0
37,4967,2001-07,5308,1,45904.5,0
37,4967,2001-08,5308,1,45904.5,0
37,4967,2001-09,5308,1,45904.5,0
37,4967,2001-10,5308,1,45904.5,0
37,4967,2001-11,5308,1,45904.5,0
37,4967,2001-12,5308,1,45904.5,0
37,4967,2002-01,5308,1,45904.5,0
37,4967,2002-02,5308,1,45904.5,0
37,4967,2002-03,5308,1,45904.5,0
37,4967,2002-04,5308,1,45904.5,0
37,4967,2002-05,5308,1,45904.5,0
37,4967,2002-06,5308,1,45904.5,0
37,4967,2002-07,5308,1,45904.5,0
37,4967,2002-08,5308,1,45904.5,0
37,4967,2002-09,5308,1,45904.5,0
37,4967,2002-10,5308,1,45904.5,0
37,4967,2002-11,5308,1,45904.5,0
37,4967,2002-12,5308,1,45904.5,0
37,4967,2003-01,5308,1,45904.5,0
37,4967,2003-02,5308,1,45904.5,0
37,4967,2003-03,5308,1,45904.5,0
37,4967,2003-04,5308,1,45904.5,0
37,4967,2003-05,5308,1,45904.5,0
37,4967,2003-06,5308,1,45904.5,0
37,4967,2003-07,5308,1,45904.5,0
37,4967,2003-08,5308,1,45904.5,0
37,4967,2003-09,5308,1,45904.5,0
37,4967,2003-10,5308,1,45904.5,0
1656,5293,1998-11,3954,0,32423.2,0
1656,5293,1998-12,3954,0,45712.2,0
1656,5293,1999-01,3954,0,45712.2,0
1656,5293,1999-02,3954,0,45712.2,0
1656,5293,1999-03,3954,0,45712.2,0
1656,5293,1999-04,3954,0,45712.2,0
1656,5293,1999-05,3954,0,45712.2,0
1656,5293,1999-06,3954,0,45712.2,0
1656,5293,1999-07,3954,0,45712.2,0
1656,5293,1999-08,3954,0,45712.2,0
1656,5293,1999-09,3954,0,45712.2,0
1656,5293,1999-10,3954,0,45712.2,0
1656,5293,1999-11,3954,0,45712.2,0
1656,5293,1999-12,3954,0,45712.2,0
1656,5293,2000-01,3954,0,45712.2,0
1656,5293,2000-02,3954,0,45712.2,0
1656,5293,2000-03,3954,0,45712.2,0
1656,5293,2000-04,3954,0,45712.2,0
1656,5293,2000-05,3954,0,45712.2,0
1656,5293,2000-06,3954,0,45712.2,0
1656,5293,2000-07,3954,0,45712.2,0
1656,5293,2000-08,3954,0,45712.2,0
1656,5293,2000-09,3954,0,45712.2,0
1656,5293,2000-10,3954,0,45712.2,0
1656,5293,2000-11,3954,0,45712.2,0
1656,5293,2000-12,3954,0,45712.2,0
1656,5293,2001-01,3954,0,45712.2,0
1656,5293,2001-02,3954,0,45712.2,0
1656,5293,2001-03,3954,0,45712.2,0
1656,5293,2001-04,3954,0,45712.2,0
1656,5293,2001-05,3954,0,45712.2,0
1656,5293,2001-06,3954,0,45712.2,0
1656,5293,2001-07,3954,0,45712.2,0
1656,5293,2001-08,3954,0,45712.2,0
1656,5293,2001-09,3954,0,45712.2,0
1656,5293,2001-10,3954,0,45712.2,0
1656,5293,2001-11,3954,0,45712.2,0
1656,5293,2001-12,3954,0,45712.2,0
1656,5293,2002-01,3954,0,45712.2,0
1656,5293,2002-02,3954,0,45712.2,0
1656,5293,2002-03,3954,0,45712.2,0
1656,5293,2002-04,3954,0,45712.2,0
1656,5293,2002-05,3954,0,45712.2,0
1656,5293,2002-06,3954,0,45712.2,0
1656,5293,2002-07,3954,0,45712.2,0
1656,5293,2002-08,3954,0,45712.2,0
1656,5293,2002-09,3954,0,45712.2,0
1656,5293,2002-10,3954,0,45712.2,0
4354,5865,1998-11,5461,0,54987.7,0
4354,5865,1998-12,5461,0,54055.8,0
4354,5865,1999-01,5461,0,54055.8,0
4354,5865,1999-02,5461,0,54055.8,0
4354,5865,1999-03,5461,0,54055.8,0
4354,5865,1999-04,5461,0,54055.8,0
4354,5865,1999-05,5461,0,54055.8,0
4354,5865,1999-06,5461,0,54055.8,0
4354,5865,1999-07,5461,0,54055.8,0
4354,5865,1999-08,5461,0,54055.8,0
4354,5865,1999-09,5461,0,54055.8,0
4354,5865,1999-10,5461,0,54055.8,0
4354,5865,1999-11,5461,0,54055.8,0
4354,5865,1999-12,5461,0,54055.8,0
4354,5865,2000-01,5461,0,54055.8,0
4354,5865,2000-02,5461,0,54055.8,0
4354,5865,2000-03,5461,0,54055.8,0
4354,5865,2000-04,5461,0,54055.8,0
4354,5865,2000-05,5461,0,54055.8,0
4354,5865,2000-06,5461,0,54055.8,0
4354,5865,2000-07,5461,0,54055.8,0
4354,5865,2000-08,5461,0,54055.8,0
4354,5865,2000-09,5461,0,54055.8,0
4354,5865,2000-10,5461,0,54055.8,0
4354,5865,2000-11,5461,0,54055.8,0
4354,5865,2000-12,5461,0,54055.8,0
4354,5865,2001-01,5461,0,54055.8,0
4354,5865,2001-02,5461,0,54055.8,0
4354,5865,2001-03,5461,0,54055.8,0
4354,5865,2001-04,5461,0,54055.8,0
4354,5865,2001-05,5461,0,54055.8,0
4354,5865,2001-06,5461,0,54055.8,0
4354,5865,2001-07,5461,0,54055.8,0
4354,5865,2001-08,5461,0,54055.8,0
4354,5865,2001-09,5461,0,54055.8,0
4354,5865,2001-10,5461,0,54055.8,0
4354,5865,2001-11,5461,0,54055.8,0
4354,5865,2001-12,5461,0,54055.8,0
4354,5865,2002-01,5461,0,54055.8,0
4354,5865,2002-02,5461,0,54055.8,0
4354,5865,2002-03,5461,0,54055.8,0
4354,5865,2002-04,5461,0,54055.8,0
4354,5865,2002-05,5461,0,54055.8,0
4354,5865,2002-06,5461,0,54055.8,0
4354,5865,2002-07,5461,0,54055.8,0
4354,5865,2002-08,5461,0,54055.8,0
4354,5865,2002-09,5461,0,54055.8,0
4354,5865,2002-10,5461,0,54055.8,0
4354,5865,2002-11,5461,0,54055.8,0
4354,5865,2002-12,5461,0,54055.8,0
4354,5865,2003-01,5461,0,54055.8,0
4354,5865,2003-02,5461,0,54055.8,0
4354,5865,2003-03,5461,0,54055.8,0
4354,5865,2003-04,5461,0,54055.8,0
4354,5865,2003-05,5461,0,54055.8,0
4354,5865,2003-06,5461,0,54055.8,0
4354,5865,2003-07,5461,0,54055.8,0
4354,5865,2003-08,5461,0,54055.8,0
4354,5865,2003-09,5461,0,54055.8,0
4354,5865,2003-10,5461,0,54055.8,0
4268,5841,1998-12,3499,0,61956.4,0
4268,5841,1999-01,3499,0,61956.4,0
4268,5841,1999-02,3499,0,61956.4,0
4268,5841,1999-03,3499,0,61956.4,0
4268,5841,1999-04,3499,0,61956.4,0
4268,5841,1999-05,3499,0,61956.4,0
4268,5841,1999-06,3499,0,61956.4,0
4268,5841,1999-07,3499,0,61956.4,0
4268,5841,1999-08,3499,0,61956.4,0
4268,5841,1999-09,3499,0,61956.4,0
4268,5841,1999-10,3499,0,61956.4,0
4268,5841,1999-11,3499,0,61956.4,0
2725,5526,1998-12,1934,0,77685.6,0
2725,5526,1999-01,1934,0,77685.6,0
2725,5526,1999-02,1934,0,77685.6,0
2725,5526,1999-03,1934,0,77685.6,0
2725,5526,1999-04,1934,0,77685.6,0
2725,5526,1999-05,1934,0,77685.6,0
2725,5526,1999-06,1934,0,77685.6,0
2725,5526,1999-07,1934,0,77685.6,0
2725,5526,1999-08,1934,0,77685.6,0
2725,5526,1999-09,1934,0,77685.6,0
2725,5526,1999-10,1934,0,77685.6,0
2725,5526,1999-11,1934,0,77685.6,0
2725,5526,1999-12,1934,0,77685.6,0
2725,5526,2000-01,1934,0,77685.6,0
2725,5526,2000-02,1934,0,77685.6,0
2725,5526,2000-03,1934,0,77685.6,0
2725,5526,2000-04,1934,0,77685.6,0
2725,5526,2000-05,1934,0,77685.6,0
2725,5526,2000-06,1934,0,77685.6,0
2725,5526,2000-07,1934,0,77685.6,0
2725,5526,2000-08,1934,0,77685.6,0
2725,5526,2000-09,1934,0,77685.6,0
2725,5526,2000-10,1934,0,77685.6,0
2725,5526,2000-11,1934,0,77685.6,0
2725,5526,2000-12,1934,0,77685.6,0
2725,5526,2001-01,1934,0,77685.6,0
2725,5526,2001-02,1934,0,77685.6,0
2725,5526,2001-03,1934,0,77685.6,0
2725,5526,2001-04,1934,0,77685.6,0
2725,5526,2001-05,1934,0,77685.6,0
2725,5526,2001-06,1934,0,77685.6,0
2725,5526,2001-07,1934,0,77685.6,0
2725,5526,2001-08,1934,0,77685.6,0
2725,5526,2001-09,1934,0,77685.6,0
2725,5526,2001-10,1934,0,77685.6,0
2725,5526,2001-11,1934,0,77685.6,0
9140,6852,1998-12,334,0,13535.6,0
9140,6852,1999-01,334,0,13535.6,0
9140,6852,1999-02,334,0,13535.6,0
9140,6852,1999-03,334,0,13535.6,0
9140,6852,1999-04,334,0,13535.6,0
9140,6852,1999-05,334,0,13535.6,0
9140,6852,1999-06,334,0,13535.6,0
9140,6852,1999-07,334,0,13535.6,0
9140,6852,1999-08,334,0,13535.6,0
9140,6852,1999-09,334,0,13535.6,0
9140,6852,1999-10,334,0,13535.6,0
9140,6852,1999-11,334,0,13535.6,0
9140,6852,1999-12,334,0,13535.6,0
9140,6852,2000-01,334,0,13535.6,0
9140,6852,2000-02,334,0,13535.6,0
9140,6852,2000-03,334,0,13535.6,0
9140,6852,2000-04,334,0,13535.6,0
9140,6852,2000-05,334,0,13535.6,0
9140,6852,2000-06,334,0,13535.6,0
9140,6852,2000-07,334,0,13535.6,0
9140,6852,2000-08,334,0,13535.6,0
9140,6852,2000-09,334,0,13535.6,0
9140,6852,2000-10,334,0,13535.6,0
9140,6852,2000-11,334,0,13535.6,0
9140,6852,2000-12,334,0,13535.6,0
9140,6852,2001-01,334,0,13535.6,0
9140,6852,2001-02,334,0,13535.6,0
9140,6852,2001-03,334,0,13535.6,0
9140,6852,2001-04,334,0,13535.6,0
9140,6852,2001-05,334,0,13535.6,0
9140,6852,2001-06,334,0,13535.6,0
9140,6852,2001-07,334,0,13535.6,0
9140,6852,2001-08,334,0,13535.6,0
9140,6852,2001-09,334,0,13535.6,0
9140,6852,2001-10,334,0,13535.6,0
9140,6852,2001-11,334,0,13535.6,0
9140,6852,2001-12,334,0,13535.6,0
9140,6852,2002-01,334,0,13535.6,0
9140,6852,2002-02,334,0,13535.6,0
9140,6852,2002-03,334,0,13535.6,0
9140,6852,2002-04,334,0,13535.6,0
9140,6852,2002-05,334,0,13535.6,0
9140,6852,2002-06,334,0,13535.6,0
9140,6852,2002-07,334,0,13535.6,0
9140,6852,2002-08,334,0,13535.6,0
9140,6852,2002-09,334,0,13535.6,0
9140,6852,2002-10,334,0,13535.6,0
9140,6852,2002-11,334,0,13535.6,0
7180,6469,1998-12,4156,0,82340.2,0
7180,6469,1999-01,4156,0,82340.2,0
7180,6469,1999-02,4156,0,82340.2,0
7180,6469,1999-03,4156,0,82340.2,0
7180,6469,1999-04,4156,0,82340.2,0
7180,6469,1999-05,4156,0,82340.2,0
7180,6469,1999-06,4156,0,82340.2,0
7180,6469,1999-07,4156,0,82340.2,0
7180,6469,1999-08,4156,0,82340.2,0
7180,6469,1999-09,4156,0,82340.2,0
7180,6469,1999-10,4156,0,82340.2,0
7180,6469,1999-11,4156,0,82340.2,0
7180,6469,1999-12,4156,0,82340.2,0
7180,6469,2000-01,4156,0,82340.2,0
7180,6469,2000-02,4156,0,82340.2,0
7180,6469,2000-03,4156,0,82340.2,0
7180,6469,2000-04,4156,0,82340.2,0
7180,6469,2000-05,4156,0,82340.2,0
7180,6469,2000-06,4156,0,82340.2,0
7180,6469,2000-07,4156,0,82340.2,0
7180,6469,2000-08,4156,0,82340.2,0
7180,6469,2000-09,4156,0,82340.2,0
7180,6469,2000-10,4156,0,82340.2,0
7180,6469,2000-11,4156,0,82340.2,0
5698,6168,1998-12,2756,0,26698.2,0
5698,6168,1999-01,2756,0,26698.2,0
5698,6168,1999-02,2756,0,26698.2,0
5698,6168,1999-03,2756,0,26698.2,0
5698,6168,1999-04,2756,0,26698.2,0
5698,6168,1999-05,2756,0,26698.2,0
5698,6168,1999-06,2756,0,26698.2,0
5698,6168,1999-07,2756,0,26698.2,0
5698,6168,1999-08,2756,0,26698.2,0
5698,6168,1999-09,2756,0,26698.2,0
5698,6168,1999-10,2756,0,26698.2,0
5698,6168,1999-11,2756,0,26698.2,0
5698,6168,1999-12,2756,0,26698.2,0
5698,6168,2000-01,2756,0,26698.2,0
5698,6168,2000-02,2756,0,26698.2,0
5698,6168,2000-03,2756,0,26698.2,0
5698,6168,2000-04,2756,0,26698.2,0
5698,6168,2000-05,2756,0,26698.2,0
5698,6168,2000-06,2756,0,26698.2,0
5698,6168,2000-07,2756,0,26698.2,0
5698,6168,2000-08,2756,0,26698.2,0
5698,6168,2000-09,2756,0,26698.2,0
5698,6168,2000-10,2756,0,26698.2,0
5698,6168,2000-11,2756,0,26698.2,0
5698,6168,2000-12,2756,0,26698.2,0
5698,6168,2001-01,2756,0,26698.2,0
5698,6168,2001-02,2756,0,26698.2,0
5698,6168,2001-03,2756,0,26698.2,0
5698,6168,2001-04,2756,0,26698.2,0
5698,6168,2001-05,2756,0,26698.2,0
5698,6168,2001-06,2756,0,26698.2,0
5698,6168,2001-07,2756,0,26698.2,0
5698,6168,2001-08,2756,0,26698.2,0
5698,6168,2001-09,2756,0,26698.2,0
5698,6168,2001-10,2756,0,26698.2,0
5698,6168,2001-11,2756,0,26698.2,0
11317,7292,1998-12,5291,0,90506.3,0
11317,7292,1999-01,5291,0,90506.3,0
11317,7292,1999-02,5291,0,90506.3,0
11317,7292,1999-03,5291,0,90506.3,0
11317,7292,1999-04,5291,0,90506.3,0
11317,7292,1999-05,5291,0,90506.3,0
11317,7292,1999-06,5291,0,90506.3,0
11317,7292,1999-07,5291,0,90506.3,0
11317,7292,1999-08,5291,0,90506.3,0
11317,7292,1999-09,5291,0,90506.3,0
11317,7292,1999-10,5291,0,90506.3,0
11317,7292,1999-11,5291,0,90506.3,0
11317,7292,1999-12,5291,0,90506.3,0
11317,7292,2000-01,5291,0,90506.3,0
11317,7292,2000-02,5291,0,90506.3,0
11317,7292,2000-03,5291,0,90506.3,0
11317,7292,2000-04,5291,0,90506.3,0
11317,7292,2000-05,5291,0,90506.3,0
11317,7292,2000-06,5291,0,90506.3,0
11317,7292,2000-07,5291,0,90506.3,0
11317,7292,2000-08,5291,0,90506.3,0
11317,7292,2000-09,5291,0,90506.3,0
11317,7292,2000-10,5291,0,90506.3,0
11317,7292,2000-11,5291,0,90506.3,0
11317,7292,2000-12,5291,0,90506.3,0
11317,7292,2001-01,5291,0,90506.3,0
11317,7292,2001-02,5291,0,90506.3,0
11317,7292,2001-03,5291,0,90506.3,0
11317,7292,2001-04,5291,0,90506.3,0
11317,7292,2001-05,5291,0,90506.3,0
11317,7292,2001-06,5291,0,90506.3,0
11317,7292,2001-07,5291,0,90506.3,0
11317,7292,2001-08,5291,0,90506.3,0
11317,7292,2001-09,5291,0,90506.3,0
11317,7292,2001-10,5291,0,90506.3,0
11317,7292,2001-11,5291,0,90506.3,0
11317,7292,2001-12,5291,0,90506.3,0
11317,7292,2002-01,5291,0,90506.3,0
11317,7292,2002-02,5291,0,90506.3,0
11317,7292,2002-03,5291,0,90506.3,0
11317,7292,2002-04,5291,0,90506.3,0
11317,7292,2002-05,5291,0,90506.3,0
11317,7292,2002-06,5291,0,90506.3,0
11317,7292,2002-07,5291,0,90506.3,0
11317,7292,2002-08,5291,0,90506.3,0
11317,7292,2002-09,5291,0,90506.3,0
11317,7292,2002-10,5291,0,90506.3,0
11317,7292,2002-11,5291,0,90506.3,0
11317,7292,2002-12,5291,0,90506.3,0
11317,7292,2003-01,5291,0,90506.3,0
11317,7292,2003-02,5291,0,90506.3,0
11317,7292,2003-03,5291,0,90506.3,0
11317,7292,2003-04,5291,0,90506.3,0
11317,7292,2003-05,5291,0,90506.3,0
11317,7292,2003-06,5291,0,90506.3,0
11317,7292,2003-07,5291,0,90506.3,0
11317,7292,2003-08,5291,0,90506.3,0
11317,7292,2003-09,5291,0,90506.3,0
11317,7292,2003-10,5291,0,90506.3,0
11317,7292,2003-11,5291,0,90506.3,0
309,5036,1998-12,1901,0,24212.8,0
309,5036,1999-01,1901,0,24212.8,0
309,5036,1999-02,1901,0,24212.8,0
309,5036,1999-03,1901,0,24212.8,0
309,5036,1999-04,1901,0,24212.8,0
309,5036,1999-05,1901,0,24212.8,0
309,5036,1999-06,1901,0,24212.8,0
309,5036,1999-07,1901,0,24212.8,0
309,5036,1999-08,1901,0,24212.8,0
309,5036,1999-09,1901,0,24212.8,0
309,5036,1999-10,1901,0,24212.8,0
309,5036,1999-11,1901,0,24212.8,0
309,5036,1999-12,1901,0,24212.8,0
309,5036,2000-01,1901,0,24212.8,0
309,5036,2000-02,1901,0,24212.8,0
309,5036,2000-03,1901,0,24212.8,0
309,5036,2000-04,1901,0,24212.8,0
309,5036,2000-05,1901,0,24212.8,0
309,5036,2000-06,1901,0,24212.8,0
309,5036,2000-07,1901,0,24212.8,0
309,5036,2000-08,1901,0,24212.8,0
309,5036,2000-09,1901,0,24212.8,0
309,5036,2000-10,1901,0,24212.8,0
309,5036,2000-11,1901,0,24212.8,0
309,5036,2000-12,1901,0,24212.8,0
309,5036,2001-01,1901,0,24212.8,0
309,5036,2001-02,1901,0,24212.8,0
309,5036,2001-03,1901,0,24212.8,0
309,5036,2001-04,1901,0,24212.8,0
309,5036,2001-05,1901,0,24212.8,0
309,5036,2001-06,1901,0,24212.8,0
309,5036,2001-07,1901,0,24212.8,0
309,5036,2001-08,1901,0,24212.8,0
309,5036,2001-09,1901,0,24212.8,0
309,5036,2001-10,1901,0,24212.8,0
309,5036,2001-11,1901,0,24212.8,0
309,5036,2001-12,1901,0,24212.8,0
309,5036,2002-01,1901,0,24212.8,0
309,5036,2002-02,1901,0,24212.8,0
309,5036,2002-03,1901,0,24212.8,0
309,5036,2002-04,1901,0,24212.8,0
309,5036,2002-05,1901,0,24212.8,0
309,5036,2002-06,1901,0,24212.8,0
309,5036,2002-07,1901,0,24212.8,0
309,5036,2002-08,1901,0,24212.8,0
309,5036,2002-09,1901,0,24212.8,0
309,5036,2002-10,1901,0,24212.8,0
309,5036,2002-11,1901,0,24212.8,0
3293,5644,1998-12,7669,0,65249.4,0
3293,5644,1999-01,7669,0,65249.4,0
3293,5644,1999-02,7669,0,65249.4,0
3293,5644,1999-03,7669,0,65249.4,0
3293,5644,1999-04,7669,0,65249.4,0
3293,5644,1999-05,7669,0,65249.4,0
3293,5644,1999-06,7669,0,65249.4,0
3293,5644,1999-07,7669,0,65249.4,0
3293,5644,1999-08,7669,0,65249.4,0
3293,5644,1999-09,7669,0,65249.4,0
3293,5644,1999-10,7669,0,65249.4,0
3293,5644,1999-11,7669,0,65249.4,0
3293,5644,1999-12,7669,0,65249.4,0
3293,5644,2000-01,7669,0,65249.4,0
3293,5644,2000-02,7669,0,65249.4,0
3293,5644,2000-03,7669,0,65249.4,0
3293,5644,2000-04,7669,0,65249.4,0
3293,5644,2000-05,7669,0,65249.4,0
3293,5644,2000-06,7669,0,65249.4,0
3293,5644,2000-07,7669,0,65249.4,0
3293,5644,2000-08,7669,0,65249.4,0
3293,5644,2000-09,7669,0,65249.4,0
3293,5644,2000-10,7669,0,65249.4,0
3293,5644,2000-11,7669,0,65249.4,0
3293,5644,2000-12,7669,0,65249.4,0
3293,5644,2001-01,7669,0,65249.4,0
3293,5644,2001-02,7669,0,65249.4,0
3293,5644,2001-03,7669,0,65249.4,0
3293,5644,2001-04,7669,0,65249.4,0
3293,5644,2001-05,7669,0,65249.4,0
3293,5644,2001-06,7669,0,65249.4,0
3293,5644,2001-07,7669,0,65249.4,0
3293,5644,2001-08,7669,0,65249.4,0
3293,5644,2001-09,7669,0,65249.4,0
3293,5644,2001-10,7669,0,65249.4,0
3293,5644,2001-11,7669,0,65249.4,0
9156,6856,1998-12,4537,0,31681.8,0
9156,6856,1999-01,4537,0,31681.8,0
9156,6856,1999-02,4537,0,31681.8,0
9156,6856,1999-03,4537,0,31681.8,0
9156,6856,1999-04,4537,0,31681.8,0
9156,6856,1999-05,4537,0,31681.8,0
9156,6856,1999-06,4537,0,31681.8,0
9156,6856,1999-07,4537,0,31681.8,0
9156,6856,1999-08,4537,0,31681.8,0
9156,6856,1999-09,4537,0,31681.8,0
9156,6856,1999-10,4537,0,31681.8,0
9156,6856,1999-11,4537,0,31681.8,0
9156,6856,1999-12,4537,0,31681.8,0
9156,6856,2000-01,4537,0,31681.8,0
9156,6856,2000-02,4537,0,31681.8,0
9156,6856,2000-03,4537,0,31681.8,0
9156,6856,2000-04,4537,0,31681.8,0
9156,6856,2000-05,4537,0,31681.8,0
9156,6856,2000-06,4537,0,31681.8,0
9156,6856,2000-07,4537,0,31681.8,0
9156,6856,2000-08,4537,0,31681.8,0
9156,6856,2000-09,4537,0,31681.8,0
9156,6856,2000-10,4537,0,31681.8,0
9156,6856,2000-11,4537,0,31681.8,0
9156,6856,2000-12,4537,0,31681.8,0
9156,6856,2001-01,4537,0,31681.8,0
9156,6856,2001-02,4537,0,31681.8,0
9156,6856,2001-03,4537,0,31681.8,0
9156,6856,2001-04,4537,0,31681.8,0
9156,6856,2001-05,4537,0,31681.8,0
9156,6856,2001-06,4537,0,31681.8,0
9156,6856,2001-07,4537,0,31681.8,0
9156,6856,2001-08,4537,0,31681.8,0
9156,6856,2001-09,4537,0,31681.8,0
9156,6856,2001-10,4537,0,31681.8,0
9156,6856,2001-11,4537,0,31681.8,0
9156,6856,2001-12,4537,0,31681.8,0
2262,5428,1999-01,6395,0,0.0,1
2262,5428,1999-02,6395,0,0.0,1
2262,5428,1999-03,6395,0,0.0,1
2262,5428,1999-04,6395,0,0.0,1
2262,5428,1999-05,6395,0,0.0,1
2262,5428,1999-06,6395,0,0.0,1
2262,5428,1999-07,6395,0,0.0,1
2262,5428,1999-08,6395,0,0.0,1
2262,5428,1999-09,6395,0,0.0,1
2262,5428,1999-10,6395,0,0.0,1
2262,5428,1999-11,6395,0,0.0,1
2262,5428,1999-12,6395,0,0.0,1
2262,5428,2000-01,6395,0,0.0,1
2262,5428,2000-02,6395,0,0.0,1
2262,5428,2000-03,6395,0,0.0,1
2262,5428,2000-04,6395,0,0.0,1
2262,5428,2000-05,6395,0,0.0,1
2262,5428,2000-06,6395,0,0.0,1
2262,5428,2000-07,6395,0,0.0,1
2262,5428,2000-08,6395,0,0.0,1
2262,5428,2000-09,6395,0,0.0,1
2262,5428,2000-10,6395,0,0.0,1
2262,5428,2000-11,6395,0,0.0,1
2262,5428,2000-12,6395,0,0.0,1
2262,5428,2001-01,6395,0,0.0,1
2262,5428,2001-02,6395,0,0.0,1
2262,5428,2001-03,6395,0,0.0,1
2262,5428,2001-04,6395,0,0.0,1
2262,5428,2001-05,6395,0,0.0,1
2262,5428,2001-06,6395,0,0.0,1
2262,5428,2001-07,6395,0,0.0,1
2262,5428,2001-08,6395,0,0.0,1
2262,5428,2001-09,6395,0,0.0,1
2262,5428,2001-10,6395,0,0.0,1
2262,5428,2001-11,6395,0,0.0,1
2262,5428,2001-12,6395,0,0.0,1
276,5027,1999-01,4470,0,0.0,1
276,5027,1999-02,4470,0,0.0,1
276,5027,1999-03,4470,0,0.0,1
276,5027,1999-04,4470,0,0.0,1
276,5027,1999-05,4470,0,0.0,1
276,5027,1999-06,4470,0,0.0,1
276,5027,1999-07,4470,0,0.0,1
276,5027,1999-08,4470,0,0.0,1
276,5027,1999-09,4470,0,0.0,1
276,5027,1999-10,4470,0,0.0,1
276,5027,1999-11,4470,0,0.0,1
276,5027,1999-12,4470,0,0.0,1
276,5027,2000-01,4470,0,0.0,1
276,5027,2000-02,4470,0,0.0,1
276,5027,2000-03,4470,0,0.0,1
276,5027,2000-04,4470,0,0.0,1
276,5027,2000-05,4470,0,0.0,1
276,5027,2000-06,4470,0,0.0,1
276,5027,2000-07,4470,0,0.0,1
276,5027,2000-08,4470,0,0.0,1
276,5027,2000-09,4470,0,0.0,1
276,5027,2000-10,4470,0,0.0,1
276,5027,2000-11,4470,0,0.0,1
276,5027,2000-12,4470,0,0.0,1
276,5027,2001-01,4470,0,0.0,1
276,5027,2001-02,4470,0,0.0,1
276,5027,2001-03,4470,0,0.0,1
276,5027,2001-04,4470,0,0.0,1
276,5027,2001-05,4470,0,0.0,1
276,5027,2001-06,4470,0,0.0,1
276,5027,2001-07,4470,0,0.0,1
276,5027,2001-08,4470,0,0.0,1
276,5027,2001-09,4470,0,0.0,1
276,5027,2001-10,4470,0,0.0,1
276,5027,2001-11,4470,0,0.0,1
276,5027,2001-12,4470,0,0.0,1
105,4989,1999-01,7348,0,0.0,1
105,4989,1999-02,7348,0,0.0,1
105,4989,1999-03,7348,0,0.0,1
105,4989,1999-04,7348,0,0.0,1
105,4989,1999-05,7348,0,0.0,1
105,4989,1999-06,7348,0,0.0,1
105,4989,1999-07,7348,0,0.0,1
105,4989,1999-08,7348,0,0.0,1
105,4989,1999-09,7348,0,0.0,1
105,4989,1999-10,7348,0,0.0,1
105,4989,1999-11,7348,0,0.0,1
105,4989,1999-12,7348,0,0.0,1
105,4989,2000-01,7348,0,0.0,1
105,4989,2000-02,7348,0,0.0,1
105,4989,2000-03,7348,0,0.0,1
105,4989,2000-04,7348,0,0.0,1
105,4989,2000-05,7348,0,0.0,1
105,4989,2000-06,7348,0,0.0,1
105,4989,2000-07,7348,0,0.0,1
105,4989,2000-08,7348,0,0.0,1
105,4989,2000-09,7348,0,0.0,1
105,4989,2000-10,7348,0,0.0,1
105,4989,2000-11,7348,0,0.0,1
105,4989,2000-12,7348,0,0.0,1
105,4989,2001-01,7348,0,0.0,1
105,4989,2001-02,7348,0,0.0,1
105,4989,2001-03,7348,0,0.0,1
105,4989,2001-04,7348,0,0.0,1
105,4989,2001-05,7348,0,0.0,1
105,4989,2001-06,7348,0,0.0,1
105,4989,2001-07,7348,0,0.0,1
105,4989,2001-08,7348,0,0.0,1
105,4989,2001-09,7348,0,0.0,1
105,4989,2001-10,7348,0,0.0,1
105,4989,2001-11,7348,0,0.0,1
105,4989,2001-12,7348,0,0.0,1
105,4989,2002-01,7348,0,0.0,1
105,4989,2002-02,7348,0,0.0,1
105,4989,2002-03,7348,0,0.0,1
105,4989,2002-04,7348,0,0.0,1
105,4989,2002-05,7348,0,0.0,1
105,4989,2002-06,7348,0,0.0,1
105,4989,2002-07,7348,0,0.0,1
105,4989,2002-08,7348,0,0.0,1
105,4989,2002-09,7348,0,0.0,1
105,4989,2002-10,7348,0,0.0,1
105,4989,2002-11,7348,0,0.0,1
105,4989,2002-12,7348,0,0.0,1
1284,5221,1999-01,4376,0,0.0,1
1284,5221,1999-02,4376,0,0.0,1
1284,5221,1999-03,4376,0,0.0,1
1284,5221,1999-04,4376,0,0.0,1
1284,5221,1999-05,4376,0,0.0,1
1284,5221,1999-06,4376,0,0.0,1
1284,5221,1999-07,4376,0,0.0,1
1284,5221,1999-08,4376,0,0.0,1
1284,5221,1999-09,4376,0,0.0,1
1284,5221,1999-10,4376,0,0.0,1
1284,5221,1999-11,4376,0,0.0,1
1284,5221,1999-12,4376,0,0.0,1
6922,6402,1999-01,5812,0,0.0,1
6922,6402,1999-02,5812,0,0.0,1
6922,6402,1999-03,5812,0,0.0,1
6922,6402,1999-04,5812,0,0.0,1
6922,6402,1999-05,5812,0,0.0,1
6922,6402,1999-06,5812,0,0.0,1
6922,6402,1999-07,5812,0,0.0,1
6922,6402,1999-08,5812,0,0.0,1
6922,6402,1999-09,5812,0,0.0,1
6922,6402,1999-10,5812,0,0.0,1
6922,6402,1999-11,5812,0,0.0,1
6922,6402,1999-12,5812,0,0.0,1
6922,6402,2000-01,5812,0,0.0,1
6922,6402,2000-02,5812,0,0.0,1
6922,6402,2000-03,5812,0,0.0,1
6922,6402,2000-04,5812,0,0.0,1
6922,6402,2000-05,5812,0,0.0,1
6922,6402,2000-06,5812,0,0.0,1
6922,6402,2000-07,5812,0,0.0,1
6922,6402,2000-08,5812,0,0.0,1
6922,6402,2000-09,5812,0,0.0,1
6922,6402,2000-10,5812,0,0.0,1
6922,6402,2000-11,5812,0,0.0,1
6922,6402,2000-12,5812,0,0.0,1
1928,5346,1999-01,2318,0,0.0,1
1928,5346,1999-02,2318,0,0.0,1
1928,5346,1999-03,2318,0,0.0,1
1928,5346,1999-04,2318,0,0.0,1
1928,5346,1999-05,2318,0,0.0,1
1928,5346,1999-06,2318,0,0.0,1
1928,5346,1999-07,2318,0,0.0,1
1928,5346,1999-08,2318,0,0.0,1
1928,5346,1999-09,2318,0,0.0,1
1928,5346,1999-10,2318,0,0.0,1
1928,5346,1999-11,2318,0,0.0,1
1928,5346,1999-12,2318,0,0.0,1
1928,5346,2000-01,2318,0,0.0,1
1928,5346,2000-02,2318,0,0.0,1
1928,5346,2000-03,2318,0,0.0,1
1928,5346,2000-04,2318,0,0.0,1
1928,5346,2000-05,2318,0,0.0,1
1928,5346,2000-06,2318,0,0.0,1
1928,5346,2000-07,2318,0,0.0,1
1928,5346,2000-08,2318,0,0.0,1
1928,5346,2000-09,2318,0,0.0,1
1928,5346,2000-10,2318,0,0.0,1
1928,5346,2000-11,2318,0,0.0,1
1928,5346,2000-12,2318,0,0.0,1
8645,6748,1999-01,4015,0,0.0,1
8645,6748,1999-02,4015,0,0.0,1
8645,6748,1999-03,4015,0,0.0,1
8645,6748,1999-04,4015,0,0.0,1
8645,6748,1999-05,4015,0,0.0,1
8645,6748,1999-06,4015,0,0.0,1
8645,6748,1999-07,4015,0,0.0,1
8645,6748,1999-08,4015,0,0.0,1
8645,6748,1999-09,4015,0,0.0,1
8645,6748,1999-10,4015,0,0.0,1
8645,6748,1999-11,4015,0,0.0,1
8645,6748,1999-12,4015,0,0.0,1
8645,6748,2000-01,4015,0,0.0,1
8645,6748,2000-02,4015,0,0.0,1
8645,6748,2000-03,4015,0,0.0,1
8645,6748,2000-04,4015,0,0.0,1
8645,6748,2000-05,4015,0,0.0,1
8645,6748,2000-06,4015,0,0.0,1
8645,6748,2000-07,4015,0,0.0,1
8645,6748,2000-08,4015,0,0.0,1
8645,6748,2000-09,4015,0,0.0,1
8645,6748,2000-10,4015,0,0.0,1
8645,6748,2000-11,4015,0,0.0,1
8645,6748,2000-12,4015,0,0.0,1
8645,6748,2001-01,4015,0,0.0,1
8645,6748,2001-02,4015,0,0.0,1
8645,6748,2001-03,4015,0,0.0,1
8645,6748,2001-04,4015,0,0.0,1
8645,6748,2001-05,4015,0,0.0,1
8645,6748,2001-06,4015,0,0.0,1
8645,6748,2001-07,4015,0,0.0,1
8645,6748,2001-08,4015,0,0.0,1
8645,6748,2001-09,4015,0,0.0,1
8645,6748,2001-10,4015,0,0.0,1
8645,6748,2001-11,4015,0,0.0,1
8645,6748,2001-12,4015,0,0.0,1
8645,6748,2002-01,4015,0,0.0,1
8645,6748,2002-02,4015,0,0.0,1
8645,6748,2002-03,4015,0,0.0,1
8645,6748,2002-04,4015,0,0.0,1
8645,6748,2002-05,4015,0,0.0,1
8645,6748,2002-06,4015,0,0.0,1
8645,6748,2002-07,4015,0,0.0,1
8645,6748,2002-08,4015,0,0.0,1
8645,6748,2002-09,4015,0,0.0,1
8645,6748,2002-10,4015,0,0.0,1
8645,6748,2002-11,4015,0,0.0,1
8645,6748,2002-12,4015,0,0.0,1
8645,6748,2003-01,4015,0,0.0,1
8645,6748,2003-02,4015,0,0.0,1
8645,6748,2003-03,4015,0,0.0,1
8645,6748,2003-04,4015,0,0.0,1
8645,6748,2003-05,4015,0,0.0,1
8645,6748,2003-06,4015,0,0.0,1
8645,6748,2003-07,4015,0,0.0,1
8645,6748,2003-08,4015,0,0.0,1
8645,6748,2003-09,4015,0,0.0,1
8645,6748,2003-10,4015,0,0.0,1
8645,6748,2003-11,4015,0,0.0,1
8645,6748,2003-12,4015,0,0.0,1
